date,open,high,low,close
2015-01-02,101.0603,101.1863,100.4873,100.6127
2015-01-05,101.0918,101.5498,98.6276,99.0765
2015-01-06,98.5875,100.3314,98.4850,100.2272
2015-01-07,100.3392,100.4940,99.1898,99.3430
2015-01-08,99.2832,100.2348,98.9844,99.9340
2015-01-09,99.7683,101.5104,99.1707,100.9060
2015-01-12,100.9160,101.2185,99.5556,99.8549
2015-01-13,99.7078,100.3933,99.3284,100.0127
2015-01-14,99.9455,100.0616,99.8156,99.9316
2015-01-15,99.7565,99.8788,99.6357,99.7581
2015-01-16,99.8031,101.2215,98.1041,99.5185
2015-01-19,99.2812,100.2847,98.9559,99.9572
2015-01-20,100.2287,101.4792,99.5876,100.8343
2015-01-21,100.7728,101.9755,100.4645,101.6644
2015-01-22,101.9253,102.0167,101.4912,101.5822
2015-01-23,101.3736,102.1028,99.2202,99.9390
2015-01-26,99.6578,99.8198,98.5048,98.6652
2015-01-27,98.9073,98.9632,97.9243,97.9797
2015-01-28,98.3020,99.3731,97.4656,98.5347
2015-01-29,98.6328,100.5106,98.4044,100.2785
2015-01-30,100.1035,101.9606,99.7764,101.6285
2015-02-02,101.9358,102.2177,101.8006,102.0822
2015-02-03,102.0937,103.4200,101.9011,103.2252
2015-02-04,103.5248,103.6446,103.2078,103.3275
2015-02-05,103.1161,104.7376,102.6360,104.2523
2015-02-06,104.0420,104.8052,104.0198,104.7828
2015-02-09,104.6261,104.7075,103.7079,103.7887
2015-02-10,103.9238,105.2611,101.5122,102.8355
2015-02-11,103.3115,103.4253,101.8324,101.9447
2015-02-12,101.6561,102.9798,101.4745,102.7961
2015-02-13,102.6624,103.3255,102.2681,102.9302
2015-02-16,102.5561,103.8583,101.9976,103.2958
2015-02-17,102.8126,104.6529,101.9309,103.7631
2015-02-18,104.2453,104.5256,102.7914,103.0685
2015-02-19,102.8007,103.4076,102.5004,103.1065
2015-02-20,103.1586,103.6474,101.1343,101.6158
2015-02-23,101.7307,101.8327,100.4270,100.5278
2015-02-24,101.1235,101.2785,100.7066,100.8612
2015-02-25,100.5803,101.6786,99.8192,100.9149
2015-02-26,101.2160,102.0859,99.7365,100.6012
2015-02-27,100.5121,103.2588,99.7220,102.4535
2015-03-02,102.4682,103.6682,101.3892,102.5879
2015-03-03,102.3018,102.3046,102.0323,102.0351
2015-03-04,102.4798,103.2123,102.2882,103.0198
2015-03-05,103.5198,103.5656,103.4893,103.5350
2015-03-06,103.2505,103.9428,102.5143,103.2063
2015-03-09,103.4193,103.4210,102.9014,102.9030
2015-03-10,102.8575,105.2141,102.1595,104.5048
2015-03-11,104.0777,104.8845,103.4568,104.2625
2015-03-12,103.9290,105.6228,103.0650,104.7519
2015-03-13,104.8035,105.7744,103.3882,104.3549
2015-03-16,104.6948,104.7582,103.8256,103.8884
2015-03-17,103.8207,105.2012,103.7645,105.1443
2015-03-18,105.2750,105.3162,105.0549,105.0961
2015-03-19,105.9066,106.1927,103.7760,104.0571
2015-03-20,103.6192,104.0556,102.6075,103.0416
2015-03-23,103.4523,103.8785,102.4821,102.9061
2015-03-24,102.4922,102.6571,102.3070,102.4719
2015-03-25,102.3994,102.5555,102.3068,102.4629
2015-03-26,102.6375,103.0517,101.0585,101.4680
2015-03-27,101.2641,101.3977,99.6179,99.7495
2015-03-30,99.3333,101.1315,99.0648,100.8589
2015-03-31,101.1094,101.5520,100.0350,100.4747
2015-04-01,100.3014,101.9800,100.1731,101.8498
2015-04-02,101.3978,101.7852,101.3169,101.7041
2015-04-03,102.1673,102.6591,101.6324,102.1239
2015-04-06,102.1282,103.2383,101.0664,102.1760
2015-04-07,101.9011,104.0451,100.7817,102.9147
2015-04-08,103.0718,103.8537,102.4582,103.2390
2015-04-09,102.7923,103.4684,102.3417,103.0168
2015-04-10,102.7692,103.3502,102.7076,103.2883
2015-04-13,103.8136,104.2597,102.8542,103.2981
2015-04-14,103.3708,103.9174,101.7291,102.2700
2015-04-15,102.1354,102.8453,101.1932,101.9015
2015-04-16,101.7886,102.7941,100.9582,101.9623
2015-04-17,101.5822,104.4293,100.9159,103.7488
2015-04-20,103.4848,103.9551,101.9797,102.4453
2015-04-21,102.5276,102.9460,101.7380,102.1549
2015-04-22,102.3686,102.5713,102.0699,102.2724
2015-04-23,101.8307,102.3431,100.5875,101.0962
2015-04-24,101.2183,102.2091,98.5794,99.5539
2015-04-27,99.5563,101.4517,99.2736,101.1645
2015-04-28,101.0053,103.0529,97.9902,100.0178
2015-04-29,100.0865,101.4760,99.6333,101.0185
2015-04-30,101.3906,102.3968,100.7365,101.7404
2015-05-01,101.7230,101.8918,100.9937,101.1615
2015-05-04,101.6603,102.9304,101.4976,102.7660
2015-05-05,102.5813,102.7883,100.2496,100.4523
2015-05-06,99.8020,100.0892,99.2020,99.4883
2015-05-07,99.3611,99.8769,99.3416,99.8574
2015-05-08,99.8237,102.6891,98.4839,101.3291
2015-05-11,101.3217,101.8725,100.0491,100.5960
2015-05-12,100.7630,101.3497,100.5958,101.1817
2015-05-13,101.4156,101.8206,100.8958,101.3003
2015-05-14,101.7701,101.8842,99.0598,99.1709
2015-05-15,99.1214,99.7052,99.0052,99.5885
2015-05-18,100.0022,100.3208,99.7924,100.1108
2015-05-19,99.6081,100.4974,98.5806,99.4686
2015-05-20,99.1448,99.7190,97.4865,98.0543
2015-05-21,97.8984,98.3679,96.9210,97.3881
2015-05-22,97.2155,98.6427,96.9038,98.3274
2015-05-25,99.0426,99.2933,96.3586,96.6031
2015-05-26,96.4528,97.8173,95.9403,97.3004
2015-05-27,97.2304,97.3195,96.8953,96.9841
2015-05-28,97.3212,97.4406,95.6553,95.7728
2015-05-29,95.2425,96.6084,93.6691,95.0320
2015-06-01,94.6374,94.8736,94.1860,94.4217
2015-06-02,94.2754,95.5883,94.1107,95.4217
2015-06-03,95.5256,95.8200,94.3802,94.6720
2015-06-04,94.7839,94.8444,94.4396,94.4999
2015-06-05,94.2474,96.4234,93.6854,95.8518
2015-06-08,95.9964,96.8682,93.6684,94.5268
2015-06-09,93.9447,93.9462,92.6922,92.6936
2015-06-10,92.4093,92.8373,92.0523,92.4799
2015-06-11,92.8416,93.2194,92.4649,92.8427
2015-06-12,92.4091,94.7168,92.0710,94.3715
2015-06-15,94.5338,94.6762,94.4324,94.5748
2015-06-16,94.4719,95.6912,92.4896,93.6990
2015-06-17,93.4642,95.5289,92.7001,94.7542
2015-06-18,94.5999,95.3812,94.2469,95.0266
2015-06-19,95.1373,95.3765,94.1916,94.4290
2015-06-22,94.5451,95.8186,92.8378,94.1053
2015-06-23,94.6057,97.5008,93.5363,96.4111
2015-06-24,96.2633,98.3308,95.3274,97.3840
2015-06-25,97.4476,98.4126,95.8004,96.7586
2015-06-26,97.0050,97.7634,96.0460,96.8028
2015-06-29,96.2923,96.6819,95.8684,96.2579
2015-06-30,95.9790,96.8601,94.8126,95.6911
2015-07-01,95.9801,96.5562,94.8526,95.4253
2015-07-02,95.9176,96.0389,94.9893,95.1096
2015-07-03,94.8162,98.3497,94.0137,97.5242
2015-07-06,97.4983,98.9831,97.2008,98.6819
2015-07-07,98.5799,100.2153,96.0362,97.6563
2015-07-08,97.9705,98.7722,97.0245,97.8250
2015-07-09,98.1404,98.7718,97.9483,98.5788
2015-07-10,98.1277,99.2925,97.7226,98.8844
2015-07-13,99.0178,99.9997,98.7676,99.7477
2015-07-14,99.6725,99.8437,99.4732,99.6443
2015-07-15,99.5149,101.3688,99.3762,101.2277
2015-07-16,101.5444,104.1012,101.2838,103.8347
2015-07-17,104.0390,104.2410,102.1624,102.3612
2015-07-20,102.0883,102.5768,100.9973,101.4829
2015-07-21,101.6172,102.4710,100.0108,100.8582
2015-07-22,100.6717,101.9080,97.1595,98.3675
2015-07-23,98.2260,98.7427,98.1762,98.6927
2015-07-24,98.8468,99.3785,97.1351,97.6604
2015-07-27,97.6596,98.2609,97.5785,98.1793
2015-07-28,98.2242,99.6333,98.0238,99.4304
2015-07-29,99.4034,101.7696,98.6500,101.0041
2015-07-30,100.5360,100.8221,100.0820,100.3677
2015-07-31,100.6655,101.6632,99.9790,100.9747
2015-08-03,101.4644,101.4898,101.1544,101.1797
2015-08-04,101.4575,101.4988,100.0816,100.1224
2015-08-05,100.4222,101.4492,100.4034,101.4302
2015-08-06,101.3935,101.7161,100.5379,100.8588
2015-08-07,100.8804,101.7020,97.6126,98.4141
2015-08-10,98.0564,98.6846,97.3681,97.9960
2015-08-11,98.1799,98.5898,95.0065,95.4049
2015-08-12,95.4558,95.9614,93.5898,94.0881
2015-08-13,94.1691,94.3902,94.1308,94.3518
2015-08-14,94.4930,95.0163,94.3292,94.8519
2015-08-17,94.9059,95.0866,94.5285,94.7089
2015-08-18,94.7230,95.5622,94.0911,94.9290
2015-08-19,94.8891,95.1848,94.5924,94.8881
2015-08-20,94.4036,94.5273,94.0874,94.2108
2015-08-21,94.6267,94.6479,92.3717,92.3923
2015-08-24,92.4192,93.1056,90.7626,91.4418
2015-08-25,91.3009,92.7628,90.6515,92.1077
2015-08-26,92.4401,92.4681,91.8337,91.8615
2015-08-27,91.6615,92.5812,91.2681,92.1855
2015-08-28,92.0062,94.2724,91.2698,93.5239
2015-08-31,93.3149,94.7472,92.8672,94.2948
2015-09-01,94.2795,95.3272,93.3525,94.3991
2015-09-02,94.9039,95.1368,94.3509,94.5831
2015-09-03,94.7554,97.1468,94.3271,96.7098
2015-09-04,96.7465,97.1556,96.0708,96.4788
2015-09-07,96.5685,96.9254,96.2384,96.5952
2015-09-08,96.7064,98.0041,95.5321,96.8284
2015-09-09,97.1010,97.9169,95.6203,96.4305
2015-09-10,96.4845,97.5425,96.1794,97.2350
2015-09-11,97.5009,97.6504,96.9102,97.0590
2015-09-14,96.7466,96.9164,95.6228,95.7910
2015-09-15,95.8487,97.3032,95.5914,97.0427
2015-09-16,97.5322,97.5679,95.9605,95.9957
2015-09-17,96.2279,99.1618,94.7555,97.6674
2015-09-18,97.6483,97.6871,97.0359,97.0745
2015-09-21,97.0563,97.1643,96.7743,96.8821
2015-09-22,97.0032,97.6305,96.5947,97.2211
2015-09-23,97.5724,97.7638,97.3844,97.5758
2015-09-24,97.7227,98.4902,97.2459,98.0120
2015-09-25,97.9674,98.8310,95.3100,96.1576
2015-09-28,96.5156,97.0048,95.6720,96.1595
2015-09-29,95.7835,96.2503,95.7303,96.1969
2015-09-30,95.9185,96.0071,95.3273,95.4155
2015-10-01,95.7165,95.8076,93.4521,93.5412
2015-10-02,93.8386,93.9506,93.0615,93.1726
2015-10-05,93.0462,93.4057,91.2170,91.5708
2015-10-06,91.4775,94.2376,90.6500,93.3927
2015-10-07,93.6425,94.1486,93.1235,93.6295
2015-10-08,94.4437,95.3431,92.2032,93.0897
2015-10-09,92.7649,93.3170,92.6288,93.1802
2015-10-12,92.9576,93.5970,92.4378,93.0765
2015-10-13,93.0584,94.4097,92.3515,93.6980
2015-10-14,94.1209,94.8028,92.9802,93.6587
2015-10-15,93.5123,94.0353,93.3620,93.8844
2015-10-16,93.6453,94.8502,93.2766,94.4783
2015-10-19,94.2156,94.3742,93.7998,93.9579
2015-10-20,93.6077,94.1765,92.4156,92.9806
2015-10-21,93.0067,93.0080,92.7477,92.7490
2015-10-22,92.5316,93.6405,90.9991,92.1029
2015-10-23,92.2125,92.7515,92.0201,92.5584
2015-10-26,92.5756,93.1951,91.1544,91.7685
2015-10-27,91.8025,92.7597,90.5712,91.5255
2015-10-28,91.1713,92.1596,90.9067,91.8928
2015-10-29,92.5178,93.8427,90.6484,91.9654
2015-10-30,92.3400,92.6742,91.7070,92.0401
2015-11-02,92.0342,92.2948,91.8096,92.0701
2015-11-03,91.9383,92.6779,91.4663,92.2046
2015-11-04,91.9000,92.0369,91.6777,91.8145
2015-11-05,91.9669,92.4136,90.6628,91.1053
2015-11-06,90.8317,91.1547,89.2269,89.5452
2015-11-09,89.4284,89.9901,88.9629,89.5242
2015-11-10,89.3779,90.1675,87.2851,88.0631
2015-11-11,87.7670,88.1436,86.7167,87.0905
2015-11-12,87.1709,87.6630,85.8870,86.3746
2015-11-13,86.0973,86.2061,85.2751,85.3829
2015-11-16,85.5944,86.4096,85.1551,85.9684
2015-11-17,85.6231,85.8735,84.2702,84.5173
2015-11-18,84.3928,85.1945,83.6038,84.4054
2015-11-19,84.0366,85.1599,83.9420,85.0641
2015-11-20,85.1977,85.5132,83.2731,83.5827
2015-11-23,83.7224,84.7261,83.2055,84.2062
2015-11-24,83.9836,86.1256,83.3291,85.4595
2015-11-25,85.6385,86.3917,85.3104,86.0620
2015-11-26,85.4599,88.7967,83.9248,87.2298
2015-11-27,87.3246,87.7969,86.0273,86.4951
2015-11-30,86.7155,87.6828,86.1788,87.1434
2015-12-01,87.3791,89.2243,87.1526,88.9935
2015-12-02,89.3420,90.2198,87.9542,88.8270
2015-12-03,88.8750,89.1923,88.7221,89.0392
2015-12-04,89.4891,89.5808,88.8129,88.9040
2015-12-07,88.4353,89.8712,88.0814,89.5130
2015-12-08,89.0128,89.1613,88.1176,88.2648
2015-12-09,88.2819,89.2034,87.5261,88.4462
2015-12-10,88.4533,88.4835,87.8113,87.8412
2015-12-11,87.6296,88.8022,86.1914,87.3604
2015-12-14,87.3466,87.5897,87.3175,87.5606
2015-12-15,87.7449,88.0430,86.6922,86.9878
2015-12-16,87.3454,87.5140,87.1718,87.3403
2015-12-17,87.7358,88.8104,86.3671,87.4381
2015-12-18,87.1947,88.8537,86.7527,88.4057
2015-12-21,88.3390,88.9167,86.4544,87.0234
2015-12-22,86.7254,87.0135,86.6979,86.9859
2015-12-23,86.9489,87.2756,86.4385,86.7645
2015-12-24,86.5096,89.0791,86.4930,89.0621
2015-12-25,89.0301,90.5778,88.9686,90.5153
2015-12-28,90.3640,91.4352,89.9543,91.0225
2015-12-29,91.2044,92.6493,91.1839,92.6285
2015-12-30,92.9690,93.5916,92.2559,92.8778
2015-12-31,92.8710,93.2557,91.9308,92.3133
2016-01-01,92.4353,92.6092,90.8549,91.0262
2016-01-04,91.1490,91.7541,89.7974,90.3975
2016-01-05,90.5112,90.9145,90.2606,90.6635
2016-01-06,90.9296,91.1382,90.8465,91.0550
2016-01-07,90.4496,91.3712,90.1813,91.1010
2016-01-08,91.0568,91.0856,89.8534,89.8818
2016-01-11,89.6333,90.0491,89.2117,89.6275
2016-01-12,89.5296,90.6789,88.7772,89.9232
2016-01-13,89.9509,90.1252,88.7024,88.8746
2016-01-14,88.4228,90.4226,87.1997,89.1889
2016-01-15,89.7016,90.2880,88.4705,89.0527
2016-01-18,89.5878,90.9429,89.2907,90.6423
2016-01-19,90.8199,91.5476,90.7281,91.4551
2016-01-20,91.6566,92.5238,91.4549,92.3206
2016-01-21,92.1450,92.6792,90.8537,91.3835
2016-01-22,91.2992,91.5718,90.6115,90.8829
2016-01-25,91.0131,91.7246,89.7313,90.4383
2016-01-26,90.7789,92.1012,90.6456,91.9662
2016-01-27,92.6581,92.9352,91.8901,92.1656
2016-01-28,92.0938,93.1036,91.3677,92.3753
2016-01-29,92.0795,93.8021,91.9023,93.6219
2016-02-01,92.9769,95.3347,92.7045,95.0563
2016-02-02,94.6064,94.7990,94.1424,94.3345
2016-02-03,94.6453,96.0998,93.9537,95.4026
2016-02-04,95.3507,95.5560,94.8742,95.0790
2016-02-05,95.4465,95.6511,94.5759,94.7790
2016-02-08,94.6479,95.1114,93.7005,94.1616
2016-02-09,94.2651,96.2952,93.9869,96.0119
2016-02-10,96.8756,96.9233,95.0834,95.1301
2016-02-11,94.7974,96.7049,94.6800,96.5853
2016-02-12,96.2702,97.8594,96.2301,97.8186
2016-02-15,97.7823,98.3510,96.5630,97.1279
2016-02-16,97.1825,98.2785,95.7786,96.8711
2016-02-17,96.3689,98.6913,96.2536,98.5734
2016-02-18,98.3549,98.9867,95.9922,96.6129
2016-02-19,96.4135,96.9859,96.3431,96.9151
2016-02-22,96.7851,97.6116,96.4781,97.3029
2016-02-23,97.2408,99.6188,96.3666,98.7313
2016-02-24,98.8281,99.5023,98.5349,99.2081
2016-02-25,98.8075,99.5105,98.5423,99.2441
2016-02-26,99.1347,101.1139,98.9026,100.8778
2016-02-29,100.6038,101.4068,100.1353,100.9367
2016-03-01,101.1297,102.2561,100.1244,101.2496
2016-03-02,101.0838,101.7459,100.9166,101.5779
2016-03-03,101.1984,101.5767,97.9440,98.3116
2016-03-04,98.1394,99.3543,97.8212,99.0332
2016-03-07,98.8169,100.8486,98.5310,100.5577
2016-03-08,100.8063,100.9421,99.8460,99.9807
2016-03-09,99.6057,100.0760,97.9747,98.4396
2016-03-10,98.6569,98.8654,98.1498,98.3576
2016-03-11,98.1747,98.4939,97.4000,97.7178
2016-03-14,97.6964,98.0121,96.3475,96.6599
2016-03-15,96.7863,98.8339,96.6959,98.7417
2016-03-16,99.1762,100.2577,98.3359,99.4155
2016-03-17,98.8265,99.4289,98.2073,98.8095
2016-03-18,98.5517,98.6620,97.7219,97.8314
2016-03-21,97.8115,98.8926,97.3699,98.4480
2016-03-22,99.0078,99.1242,98.2305,98.3460
2016-03-23,98.4231,99.2244,98.3764,99.1773
2016-03-24,98.8483,98.9266,97.7139,97.7913
2016-03-25,97.5992,98.2654,97.1300,97.7952
2016-03-28,97.8110,98.4903,96.6010,97.2766
2016-03-29,96.9458,97.9924,96.2526,97.2968
2016-03-30,97.1090,98.4242,96.2693,97.5804
2016-03-31,97.4830,100.5735,96.0929,99.1595
2016-04-01,99.0143,99.0518,96.2294,96.2659
2016-04-04,95.7839,96.0194,94.7755,95.0091
2016-04-05,95.0476,95.0984,93.8850,93.9352
2016-04-06,93.6913,96.0126,92.9078,95.2164
2016-04-07,94.9077,96.7652,94.6090,96.4616
2016-04-08,95.8951,97.7869,95.8302,97.7207
2016-04-11,97.6956,98.4871,95.9773,96.7613
2016-04-12,97.2335,97.3543,95.6949,95.8139
2016-04-13,95.6956,96.4909,94.1969,94.9862
2016-04-14,95.0600,95.4550,94.8374,95.2320
2016-04-15,94.8559,95.0806,94.2193,94.4430
2016-04-18,94.7375,95.0118,93.5613,93.8329
2016-04-19,94.1209,94.3184,93.1558,93.3517
2016-04-20,93.5131,93.8283,91.6483,91.9583
2016-04-21,91.8167,92.7969,91.7329,92.7123
2016-04-22,92.8933,93.1887,91.8863,92.1793
2016-04-25,92.1515,93.0272,92.0903,92.9655
2016-04-26,93.1780,95.5877,92.5007,94.8979
2016-04-27,95.1089,95.7321,93.1347,93.7490
2016-04-28,93.6064,93.8270,93.4290,93.6496
2016-04-29,93.8951,93.8984,93.7891,93.7923
2016-05-02,93.5055,93.7595,92.5510,92.8030
2016-05-03,93.0388,93.6819,91.6392,92.2771
2016-05-04,92.2859,92.4101,92.1559,92.2801
2016-05-05,92.7291,92.9603,91.7396,91.9689
2016-05-06,92.1155,94.2302,91.5230,93.6280
2016-05-09,93.3751,96.6604,92.2252,95.4845
2016-05-10,95.2958,95.6052,94.2993,94.6064
2016-05-11,94.6412,94.6562,94.4968,94.5118
2016-05-12,94.5825,94.8840,91.1152,91.4065
2016-05-13,90.9552,92.5838,90.7184,92.3433
2016-05-16,92.5905,93.4730,91.6365,92.5183
2016-05-17,92.4014,95.9762,92.2591,95.8286
2016-05-18,95.4879,96.4031,94.9477,95.8608
2016-05-19,96.1532,98.1039,96.0546,98.0034
2016-05-20,98.2963,98.3925,97.8006,97.8965
2016-05-23,98.1719,98.4505,96.4914,96.7661
2016-05-24,96.4162,98.1953,93.5810,95.3402
2016-05-25,95.5306,95.8192,95.0532,95.3413
2016-05-26,94.8946,95.1444,94.3836,94.6326
2016-05-27,94.4495,95.8192,94.1508,95.5172
2016-05-30,95.4634,96.6231,95.0738,96.2303
2016-05-31,96.4142,97.0368,96.1646,96.7862
2016-06-01,96.6852,98.2750,96.3351,97.9204
2016-06-02,97.6078,98.0052,97.4654,97.8624
2016-06-03,97.8541,98.6210,97.2381,98.0041
2016-06-06,98.0295,98.6917,97.6028,98.2640
2016-06-07,98.3079,98.5675,97.2554,97.5129
2016-06-08,97.0407,97.8247,96.9010,97.6840
2016-06-09,97.6386,98.9706,96.9745,98.3020
2016-06-10,98.3490,99.2678,97.5458,98.4636
2016-06-13,98.4753,99.3760,97.2848,98.1828
2016-06-14,98.3435,98.3555,96.9647,96.9765
2016-06-15,97.2040,98.8520,97.1144,98.7609
2016-06-16,98.8216,99.0156,97.6950,97.8872
2016-06-17,98.2491,99.7248,96.4181,97.8884
2016-06-20,97.8823,99.3007,96.6174,98.0339
2016-06-21,98.0122,98.6824,97.9318,98.6015
2016-06-22,99.0484,99.5005,98.6949,99.1467
2016-06-23,99.0474,99.3403,98.8168,99.1095
2016-06-24,99.1406,100.3844,98.3533,99.5935
2016-06-27,99.9077,99.9515,99.4655,99.5091
2016-06-28,99.7506,99.8024,99.1413,99.1928
2016-06-29,99.1920,101.9021,98.2965,100.9904
2016-06-30,101.1822,104.0663,100.6875,103.5599
2016-07-01,103.3202,105.2145,102.0711,103.9577
2016-07-04,104.3681,105.2369,103.8578,104.7249
2016-07-05,104.5784,106.8094,104.0182,106.2402
2016-07-06,105.7471,107.0159,105.5516,106.8185
2016-07-07,107.0626,107.3301,106.0703,106.3360
2016-07-08,106.0016,108.1753,105.3978,107.5626
2016-07-11,107.3030,107.8891,106.0743,106.6568
2016-07-12,106.6392,106.8607,104.5956,104.8134
2016-07-13,105.2347,105.7424,104.7377,105.2454
2016-07-14,104.8935,106.0711,104.7595,105.9357
2016-07-15,106.0352,108.0772,105.5454,107.5803
2016-07-18,107.7294,110.7753,106.0889,109.1137
2016-07-19,109.7193,110.4667,109.1939,109.9402
2016-07-20,110.1282,112.8515,109.6333,112.3466
2016-07-21,112.3564,112.8153,112.2862,112.7448
2016-07-22,112.6535,113.8746,111.0940,112.3114
2016-07-25,112.7708,113.0385,112.0426,112.3092
2016-07-26,112.0704,112.4643,109.3728,109.7586
2016-07-27,110.3227,110.8388,107.8410,108.3479
2016-07-28,107.9906,109.4735,107.4455,108.9237
2016-07-29,108.6528,109.2049,107.6810,108.2310
2016-08-01,107.9487,110.0576,107.7745,109.8803
2016-08-02,109.5899,114.0908,108.4580,112.9244
2016-08-03,112.3155,113.7575,111.7857,113.2235
2016-08-04,113.3245,113.6021,112.7930,113.0700
2016-08-05,113.1673,113.2391,112.5413,112.6128
2016-08-08,112.7593,113.2559,112.7334,113.2299
2016-08-09,112.8862,114.0320,111.3155,112.4570
2016-08-10,112.2971,114.8323,111.7787,114.3046
2016-08-11,114.5319,116.2779,113.7429,115.4824
2016-08-12,115.5536,117.2909,114.4156,116.1470
2016-08-15,115.1750,116.5425,114.2360,115.6000
2016-08-16,116.2777,116.5237,116.1352,116.3812
2016-08-17,116.1910,118.0917,115.8037,117.6993
2016-08-18,118.0705,118.1335,117.0090,117.0715
2016-08-19,116.8462,117.0611,116.6886,116.9034
2016-08-22,117.0256,117.6175,116.0238,116.6136
2016-08-23,116.4646,118.2483,116.4601,118.2437
2016-08-24,118.0733,119.5557,115.9161,117.3899
2016-08-25,117.5261,118.6588,115.2369,116.3583
2016-08-26,116.4240,117.1092,115.9942,116.6785
2016-08-29,117.3070,117.6092,115.7498,116.0487
2016-08-30,116.1299,120.2060,114.6914,118.7353
2016-08-31,118.4923,119.4855,117.0717,118.0613
2016-09-01,117.5840,118.9721,116.6953,118.0796
2016-09-02,118.8333,121.4253,118.4824,121.0678
2016-09-05,121.1959,123.3629,120.5819,122.7411
2016-09-06,122.7579,125.7933,122.1012,125.1240
2016-09-07,125.5689,125.6917,124.7488,124.8709
2016-09-08,124.7726,126.1339,124.6048,125.9645
2016-09-09,126.2510,127.8916,124.1188,125.7530
2016-09-12,125.1141,127.6766,125.0044,127.5647
2016-09-13,127.5245,128.9637,125.8884,127.3253
2016-09-14,126.8625,130.8099,126.0754,130.0033
2016-09-15,130.1354,132.6734,129.4051,131.9331
2016-09-16,131.5762,134.3074,131.3619,134.0890
2016-09-19,134.4178,134.4356,133.9711,133.9889
2016-09-20,133.6470,135.6686,133.1702,135.1864
2016-09-21,135.2492,138.6001,134.0455,137.3775
2016-09-22,137.1755,138.2525,137.0092,138.0851
2016-09-23,138.7225,142.7086,137.9687,141.9373
2016-09-26,141.9772,143.0861,140.1928,141.2963
2016-09-27,140.7729,141.6776,137.1027,137.9896
2016-09-28,137.7165,139.9631,137.5264,139.7701
2016-09-29,139.2064,141.7429,137.8156,140.3407
2016-09-30,140.3221,140.8663,137.9970,138.5343
2016-10-03,138.3065,140.2509,137.5711,139.5092
2016-10-04,139.8836,140.1625,136.2132,136.4854
2016-10-05,136.4451,139.0675,135.2020,137.8120
2016-10-06,137.7037,138.1072,137.4267,137.8300
2016-10-07,138.1947,138.3087,137.1915,137.3047
2016-10-10,137.7072,138.2127,136.6009,137.1042
2016-10-11,136.7787,137.3620,136.4434,137.0261
2016-10-12,137.3626,139.0742,137.1601,138.8695
2016-10-13,138.9735,139.8322,136.0473,136.8932
2016-10-14,137.4701,138.3391,135.8800,136.7444
2016-10-17,136.9434,137.8317,134.2660,135.1427
2016-10-18,135.5639,137.6609,134.9825,137.0731
2016-10-19,136.9126,137.9072,134.9066,135.8938
2016-10-20,136.3150,136.7487,136.1990,136.6325
2016-10-21,136.9895,137.3243,134.5362,134.8658
2016-10-24,134.0600,134.6441,132.4549,133.0345
2016-10-25,132.5920,136.1103,131.7791,135.2809
2016-10-26,135.2049,136.3957,135.0672,136.2570
2016-10-27,136.4685,137.5394,134.5452,135.6093
2016-10-28,135.5412,137.0649,133.8192,135.3407
2016-10-31,135.2738,136.1588,134.7468,135.6304
2016-11-01,135.0817,136.9691,134.7727,136.6566
2016-11-02,136.8134,137.4226,135.1444,135.7488
2016-11-03,136.0835,136.6107,135.5785,136.1056
2016-11-04,136.7013,138.3624,135.5029,137.1600
2016-11-07,136.9268,139.0815,136.2244,138.3717
2016-11-08,138.4416,141.7237,137.9750,141.2476
2016-11-09,141.5524,142.3735,141.0067,141.8267
2016-11-10,142.1461,145.3232,140.7463,143.9060
2016-11-11,143.6379,146.8938,142.6226,145.8628
2016-11-14,146.4158,147.8562,141.8964,143.3062
2016-11-15,143.5461,145.3090,140.3161,142.0608
2016-11-16,141.5016,142.1082,140.9041,141.5107
2016-11-17,142.0922,142.4219,140.0381,140.3638
2016-11-18,140.3736,142.8406,139.9690,142.4300
2016-11-21,142.6470,146.0545,141.6589,145.0498
2016-11-22,145.1499,147.0035,142.2683,144.1086
2016-11-23,144.0586,144.6624,143.2517,143.8546
2016-11-24,143.3198,146.0969,142.7830,145.5517
2016-11-25,144.8280,144.8523,142.8348,142.8588
2016-11-28,143.2008,144.5389,142.9760,144.3124
2016-11-29,144.0735,145.3659,143.0129,144.3036
2016-11-30,145.0265,145.5877,143.3850,143.9420
2016-12-01,144.0086,146.3514,143.5623,145.8992
2016-12-02,145.5113,146.0999,143.0217,143.6025
2016-12-05,144.3092,147.5934,143.3137,146.5823
2016-12-06,147.0148,148.4275,142.5787,143.9621
2016-12-07,143.7527,145.5132,143.0014,144.7567
2016-12-08,144.1878,146.6455,140.9690,143.4134
2016-12-09,143.3958,147.5384,142.1108,146.2280
2016-12-12,146.6149,148.0222,146.4031,147.8087
2016-12-13,147.6239,147.9418,145.4684,145.7824
2016-12-14,145.6347,145.9962,145.0910,145.4521
2016-12-15,145.9867,146.5914,145.2788,145.8830
2016-12-16,146.0280,147.6740,144.8612,146.5034
2016-12-19,146.0813,148.0039,144.8633,146.7800
2016-12-20,147.3072,149.3102,146.8647,148.8630
2016-12-21,149.3993,149.6001,147.7612,147.9600
2016-12-22,147.7035,151.3691,146.5306,150.1766
2016-12-23,150.7772,152.7472,149.9634,151.9272
2016-12-26,152.2101,152.7668,151.8593,152.4155
2016-12-27,152.4131,152.6937,151.8774,152.1575
2016-12-28,152.0751,152.9220,151.9695,152.8159
2016-12-29,152.9814,153.5391,152.5951,153.1524
2016-12-30,153.9945,154.2620,151.5656,151.8294
2017-01-02,151.7815,152.3073,150.8914,151.4159
2017-01-03,151.6635,151.8496,150.1716,150.3561
2017-01-04,150.4745,152.1193,149.7962,151.4366
2017-01-05,150.8001,152.4403,149.9600,151.5958
2017-01-06,151.3758,152.7994,150.7829,152.2032
2017-01-09,152.2583,155.7690,150.9909,154.4830
2017-01-10,153.8664,157.1897,153.6953,157.0151
2017-01-11,157.4994,158.4933,155.9221,156.9123
2017-01-12,157.4638,161.4046,156.5628,160.4864
2017-01-13,160.8192,161.7836,158.6585,159.6156
2017-01-16,159.4740,161.2811,159.1219,160.9258
2017-01-17,160.3811,160.7221,159.6259,159.9660
2017-01-18,160.2126,162.3810,158.7595,160.9215
2017-01-19,160.9670,161.1005,159.7433,159.8759
2017-01-20,160.3154,161.3445,159.3756,160.4042
2017-01-23,159.8613,164.1847,157.9577,162.2526
2017-01-24,162.6899,163.0795,161.9022,162.2908
2017-01-25,161.9604,167.0133,161.1988,166.2317
2017-01-26,165.2054,166.8696,164.5076,166.1677
2017-01-27,166.1871,168.8216,165.4555,168.0817
2017-01-30,167.6942,167.9543,167.6012,167.8611
2017-01-31,168.5431,168.9476,164.8178,165.2144
2017-02-01,165.3236,166.4458,163.1423,164.2573
2017-02-02,165.3668,166.6027,164.3033,165.5380
2017-02-03,165.8370,166.2668,164.3699,164.7971
2017-02-06,165.0016,167.4324,158.5888,160.9600
2017-02-07,160.7522,161.3163,156.9751,157.5279
2017-02-08,156.7737,159.2951,156.1277,158.6415
2017-02-09,157.8671,160.0300,156.5955,158.7513
2017-02-10,158.4947,161.6875,158.1271,161.3133
2017-02-13,161.4136,163.8739,160.5014,162.9530
2017-02-14,163.8680,166.4439,163.0389,165.6060
2017-02-15,166.5169,167.3552,165.3155,166.1520
2017-02-16,166.4572,168.4425,164.8926,166.8740
2017-02-17,167.4327,167.5853,165.1980,165.3487
2017-02-20,164.7722,166.6211,164.7590,166.6077
2017-02-21,166.7632,167.8545,161.1397,162.2011
2017-02-22,161.3611,167.3426,160.9039,166.8698
2017-02-23,166.7972,168.0136,163.6427,164.8449
2017-02-24,165.0041,166.3074,164.8019,166.1038
2017-02-27,165.9455,166.3911,165.7340,166.1792
2017-02-28,166.9043,168.1536,163.8158,165.0512
2017-03-01,164.4849,165.4315,161.5794,162.5147
2017-03-02,162.5537,163.0813,161.9405,162.4679
2017-03-03,162.0105,164.5189,161.5101,164.0123
2017-03-06,164.3613,165.6652,161.0945,162.3827
2017-03-07,162.2450,163.2846,161.6800,162.7180
2017-03-08,162.9148,164.9353,162.4338,164.4497
2017-03-09,164.1481,166.7798,162.9083,165.5296
2017-03-10,166.2485,167.7932,163.8586,165.3953
2017-03-13,166.1803,166.4754,165.5207,165.8152
2017-03-14,165.9893,166.0240,165.6430,165.6777
2017-03-15,165.1504,168.2834,164.7678,167.8945
2017-03-16,168.9768,169.3878,167.4074,167.8156
2017-03-17,168.9421,171.2048,168.1442,170.4001
2017-03-20,171.3617,172.8088,168.4668,169.9015
2017-03-21,169.5481,170.0220,167.5426,168.0121
2017-03-22,167.5167,167.7165,164.5981,164.7946
2017-03-23,164.6016,166.1360,164.3557,165.8881
2017-03-24,165.4074,166.5025,163.0885,164.1754
2017-03-27,163.6930,165.2546,163.1349,164.6932
2017-03-28,164.0585,165.3928,163.6245,164.9564
2017-03-29,165.4083,166.9996,164.4660,166.0537
2017-03-30,165.9074,168.7705,164.4149,167.2658
2017-03-31,166.7463,167.9545,162.5626,163.7492
2017-04-03,162.7648,164.3947,162.5809,164.2092
2017-04-04,163.6133,164.6115,163.1053,164.1020
2017-04-05,163.4101,164.6122,161.6753,162.8733
2017-04-06,162.4791,163.5797,158.1143,159.1925
2017-04-07,159.0875,159.2743,158.8747,159.0614
2017-04-10,159.2379,160.4208,156.6976,157.8704
2017-04-11,157.8524,160.9784,156.4699,159.5808
2017-04-12,159.0294,159.5046,155.5478,156.0139
2017-04-13,155.2451,158.3890,152.9303,156.0620
2017-04-14,156.7763,157.2892,154.8025,155.3107
2017-04-17,155.8207,156.8972,153.1784,154.2441
2017-04-18,153.7143,155.0144,150.5840,151.8684
2017-04-19,151.3573,151.6776,150.9646,151.2847
2017-04-20,152.0683,152.7891,149.7702,150.4835
2017-04-21,151.2822,151.5736,149.5233,149.8119
2017-04-24,149.8323,151.3343,149.5744,151.0743
2017-04-25,150.9069,152.1662,150.1932,151.4500
2017-04-26,151.4326,154.0826,150.1149,152.7534
2017-04-27,153.4943,156.0066,148.5899,151.0624
2017-04-28,151.2627,153.3153,150.0254,152.0715
2017-05-01,152.6362,152.7720,151.5854,151.7204
2017-05-02,151.5434,152.7069,147.9087,149.0530
2017-05-03,148.9693,149.7791,148.0469,148.8561
2017-05-04,149.9041,150.4936,148.2784,148.8639
2017-05-05,149.0594,150.3856,148.0498,149.3740
2017-05-08,149.6924,151.1303,147.8394,149.2733
2017-05-09,149.3261,152.8228,148.1415,151.6200
2017-05-10,151.6862,152.0689,150.7135,151.0946
2017-05-11,151.4386,151.6573,148.1752,148.3896
2017-05-12,148.4551,149.6455,148.3653,149.5550
2017-05-15,149.4038,152.0945,148.2301,150.9090
2017-05-16,151.6913,153.3912,147.4183,149.0890
2017-05-17,148.8287,149.0157,148.3962,148.5828
2017-05-18,149.5891,149.6550,148.9886,149.0543
2017-05-19,148.8245,149.0978,147.6769,147.9486
2017-05-22,147.3115,150.2945,145.3378,148.3075
2017-05-23,149.0821,149.1421,147.8776,147.9372
2017-05-24,147.8589,149.3754,147.8575,149.3740
2017-05-25,149.2704,150.9888,147.8518,149.5674
2017-05-26,149.8071,150.8478,149.5706,150.6101
2017-05-29,150.6731,151.3566,147.5093,148.1815
2017-05-30,147.2405,149.7930,146.7161,149.2614
2017-05-31,149.6647,150.1032,147.4483,147.8815
2017-06-01,148.0716,148.0721,147.4669,147.4673
2017-06-02,147.4880,147.5413,145.9008,145.9535
2017-06-05,146.1131,146.2653,144.5927,144.7434
2017-06-06,144.1464,144.3695,144.0914,144.3144
2017-06-07,144.5381,148.3039,141.8028,145.5495
2017-06-08,145.2990,145.3686,144.1689,144.2379
2017-06-09,144.3211,144.5794,143.0000,143.2564
2017-06-12,143.7988,145.0372,143.0170,144.2529
2017-06-13,144.4134,144.7818,144.0861,144.4544
2017-06-14,144.2132,146.5241,143.2546,145.5566
2017-06-15,145.4229,146.3453,142.8734,143.7854
2017-06-16,142.8492,146.0404,142.3947,145.5772
2017-06-19,146.1765,146.5432,145.7850,146.1516
2017-06-20,146.1620,148.1352,145.1558,147.1223
2017-06-21,147.1927,148.1413,146.7169,147.6640
2017-06-22,147.7376,150.4316,146.8856,149.5690
2017-06-23,150.1838,150.7039,149.0161,149.5339
2017-06-26,150.3698,150.8205,150.2469,150.6972
2017-06-27,151.2978,151.9608,150.7893,151.4517
2017-06-28,150.8457,153.5115,149.5655,152.2197
2017-06-29,151.8003,152.7665,148.3493,149.2995
2017-06-30,149.8984,150.6889,148.9202,149.7097
2017-07-03,149.5547,149.7738,147.7738,147.9906
2017-07-04,148.2237,148.6623,147.6153,148.0534
2017-07-05,148.7674,150.0024,146.4180,147.6437
2017-07-06,147.9259,149.8549,146.7811,148.7041
2017-07-07,148.6473,148.8897,148.3940,148.6365
2017-07-10,149.1585,150.3087,147.3769,148.5222
2017-07-11,148.8949,150.2454,147.8078,149.1564
2017-07-12,149.6206,150.8111,149.3792,150.5681
2017-07-13,151.1096,151.9557,150.2784,151.1244
2017-07-14,151.6003,152.0426,149.9468,150.3856
2017-07-17,151.1315,151.4725,147.3252,147.6584
2017-07-18,147.4476,147.6897,144.5094,144.7470
2017-07-19,144.5812,144.6136,144.0226,144.0549
2017-07-20,143.3199,143.5592,140.3179,140.5526
2017-07-21,140.6420,143.1309,140.2013,142.6838
2017-07-24,142.1615,142.9021,138.9446,139.6722
2017-07-25,140.1407,140.1512,139.8588,139.8692
2017-07-26,140.0311,140.8915,135.8977,136.7379
2017-07-27,136.3652,137.1707,134.6331,135.4331
2017-07-28,135.4619,135.7981,134.9017,135.2373
2017-07-31,135.3903,137.8945,135.1833,137.6839
2017-08-01,136.9991,137.5588,135.8982,136.4557
2017-08-02,136.6039,137.0282,136.2825,136.7066
2017-08-03,136.4069,136.6126,134.6587,134.8621
2017-08-04,135.0548,135.8152,134.6992,135.4585
2017-08-07,135.3720,136.6311,134.8531,136.1094
2017-08-08,135.8582,136.7084,134.8041,135.6530
2017-08-09,135.8897,137.8992,129.8860,131.8355
2017-08-10,131.4113,133.7534,130.7510,133.0847
2017-08-11,132.6364,134.1773,129.8908,131.4177
2017-08-14,131.9651,132.6486,128.5151,129.1841
2017-08-15,129.5584,130.0240,127.6716,128.1321
2017-08-16,128.4234,128.9254,128.0719,128.5735
2017-08-17,128.4879,128.9285,126.7248,127.1609
2017-08-18,126.8876,128.3213,125.9814,127.4113
2017-08-21,128.4234,128.4626,126.8225,126.8612
2017-08-22,127.0202,129.5158,126.9381,129.4322
2017-08-23,129.8595,130.6275,129.8368,130.6047
2017-08-24,130.6705,131.3190,128.5518,129.1930
2017-08-25,128.9631,130.2152,128.1174,129.3669
2017-08-28,130.1066,130.7301,129.2386,129.8608
2017-08-29,130.8063,131.7981,130.3125,131.3024
2017-08-30,131.3030,131.4089,130.7035,130.8089
2017-08-31,131.0255,131.5370,130.8439,131.3550
2017-09-01,131.1131,133.6661,130.2038,132.7456
2017-09-04,133.0243,133.4312,131.9892,132.3942
2017-09-05,132.1004,132.4739,130.9710,131.3423
2017-09-06,131.6347,132.0232,129.0550,129.4370
2017-09-07,129.1962,130.7996,128.1902,129.7890
2017-09-08,130.2514,130.8499,129.8444,130.4423
2017-09-11,130.4235,130.4624,129.1422,129.1807
2017-09-12,130.0954,130.1962,128.9525,129.0524
2017-09-13,129.2867,129.3894,128.8052,128.9076
2017-09-14,128.8601,131.9627,127.8390,130.9251
2017-09-15,130.9064,131.0656,130.8965,131.0557
2017-09-18,131.0408,132.0874,130.8196,131.8647
2017-09-19,131.5187,133.1880,129.6098,131.2760
2017-09-20,131.3806,133.0259,131.0548,132.6969
2017-09-21,132.8243,132.8551,132.3550,132.3857
2017-09-22,132.3881,132.8169,129.6552,130.0765
2017-09-25,130.0205,131.5712,129.5464,131.0931
2017-09-26,131.6299,132.0278,129.4231,129.8156
2017-09-27,128.9847,129.2391,127.1627,127.4140
2017-09-28,126.8692,128.1299,126.7433,128.0028
2017-09-29,128.2586,128.3900,126.6943,126.8243
2017-10-02,126.4590,127.1839,126.3520,127.0765
2017-10-03,127.1259,127.3363,127.0371,127.2475
2017-10-04,127.2396,129.1052,125.7715,127.6326
2017-10-05,127.9553,128.7000,127.6921,128.4359
2017-10-06,128.2786,130.5739,127.5898,129.8765
2017-10-09,130.1487,130.6620,129.7434,130.2563
2017-10-10,130.1244,131.6097,130.0733,131.5580
2017-10-11,131.0838,131.6876,129.6038,130.2035
2017-10-12,129.2882,131.4874,128.4157,130.6061
2017-10-13,129.5451,133.1378,128.9452,132.5240
2017-10-16,132.3728,133.6437,129.5771,130.8331
2017-10-17,130.4761,130.8171,129.0851,129.4234
2017-10-18,129.5995,131.3808,128.9537,130.7293
2017-10-19,130.8366,130.8927,128.2114,128.2664
2017-10-20,128.4442,130.0243,126.7462,128.3248
2017-10-23,128.1822,131.0808,128.0738,130.9701
2017-10-24,131.3678,132.8987,130.7404,132.2670
2017-10-25,132.1039,132.3796,131.7492,132.0248
2017-10-26,131.5750,132.9778,128.0388,129.4186
2017-10-27,129.1428,129.9381,128.8722,129.6665
2017-10-30,129.3561,129.5535,128.8329,129.0298
2017-10-31,129.7484,133.0929,129.2630,132.5968
2017-11-01,132.7157,132.7305,131.7039,131.7186
2017-11-02,131.8199,133.3361,129.3838,130.8893
2017-11-03,131.2111,132.7536,131.1335,132.6752
2017-11-06,133.3337,133.3753,131.5884,131.6294
2017-11-07,131.7924,133.6065,129.1972,131.0003
2017-11-08,130.9146,131.2773,126.8347,127.1871
2017-11-09,127.1759,127.3162,126.9777,127.1178
2017-11-10,127.1682,128.2456,126.9153,127.9911
2017-11-13,127.9211,129.8170,123.1796,125.0327
2017-11-14,124.9725,126.0851,123.9455,125.0575
2017-11-15,125.6527,125.8909,123.6172,123.8520
2017-11-16,123.6837,124.8945,123.1861,124.3940
2017-11-17,124.1626,124.6134,124.1347,124.5855
2017-11-20,124.6090,125.8139,124.0707,125.2727
2017-11-21,125.4991,125.5742,125.0774,125.1523
2017-11-22,124.9736,125.4305,124.2695,124.7255
2017-11-23,124.5398,125.8043,123.8054,125.0668
2017-11-24,125.4075,125.6262,124.3725,124.5897
2017-11-27,125.0974,125.1630,124.4683,124.5336
2017-11-28,124.6450,125.4068,122.0102,122.7605
2017-11-29,122.7150,123.8180,122.0448,123.1455
2017-11-30,123.3314,124.5259,122.9238,124.1157
2017-12-01,124.3533,124.6474,120.9226,121.2094
2017-12-04,121.0168,122.2041,119.6261,120.8115
2017-12-05,120.8040,121.3274,120.6884,121.2115
2017-12-06,120.8447,122.8119,119.7548,121.7142
2017-12-07,122.2029,122.7623,121.0370,121.5936
2017-12-08,121.5382,122.3054,120.1292,120.8923
2017-12-11,120.6323,123.0525,119.6908,122.0996
2017-12-12,121.4433,124.5830,121.1821,124.3156
2017-12-13,125.1103,125.1194,123.8806,123.8896
2017-12-14,123.2616,128.1365,121.8911,126.7275
2017-12-15,127.2031,127.5973,125.8162,126.2073
2017-12-18,126.5002,127.8891,123.6640,125.0368
2017-12-19,124.8335,126.0551,124.5346,125.7539
2017-12-20,125.7898,127.7147,125.1610,127.0795
2017-12-21,126.5444,127.3457,124.6487,125.4430
2017-12-22,125.1955,125.7628,124.4803,125.0469
2017-12-25,125.2061,126.2343,125.1512,126.1790
2017-12-26,126.3758,128.8792,125.3680,127.8595
2017-12-27,127.6545,128.3158,126.6392,127.2987
2017-12-28,127.2634,127.3688,125.1723,125.2760
2017-12-29,124.8418,125.6800,124.0174,124.8556
2018-01-01,124.3938,124.7160,123.9207,124.2425
2018-01-02,124.1984,126.0681,122.0002,123.8649
2018-01-03,123.6815,127.9128,122.0234,126.2207
2018-01-04,126.1481,129.5325,125.5360,128.9070
2018-01-05,127.7848,129.7366,124.2478,126.1750
2018-01-08,126.3002,127.0262,124.8282,125.5499
2018-01-09,125.7187,125.8994,123.6351,123.8131
2018-01-10,124.1026,125.1538,123.9892,125.0396
2018-01-11,125.4706,126.8292,124.2101,125.5678
2018-01-12,125.3405,127.1254,125.0300,126.8113
2018-01-15,126.9003,127.0317,126.4998,126.6310
2018-01-16,125.8317,126.8988,123.3024,124.3570
2018-01-17,124.4662,126.7988,123.6393,125.9619
2018-01-18,126.0681,126.1972,124.5406,124.6683
2018-01-19,124.7790,124.7822,122.8043,122.8075
2018-01-22,123.0250,124.9934,122.5885,124.5515
2018-01-23,125.0600,126.9742,123.4588,125.3691
2018-01-24,125.3857,126.9995,124.9126,126.5221
2018-01-25,126.1993,127.4769,123.7487,125.0144
2018-01-26,125.1528,125.2992,124.6819,124.8279
2018-01-29,124.9764,125.1015,124.5710,124.6958
2018-01-30,124.9945,127.8746,124.1253,126.9914
2018-01-31,126.6323,127.6375,125.6391,126.6443
2018-02-01,126.5523,126.8043,126.3051,126.5571
2018-02-02,126.6170,127.9644,126.5052,127.8515
2018-02-05,127.9752,128.4856,127.8135,128.3235
2018-02-06,128.3934,129.3831,125.7487,126.7254
2018-02-07,126.4219,128.4137,125.3192,127.3033
2018-02-08,127.6230,129.1011,127.4101,128.8860
2018-02-09,128.8398,129.8816,126.9775,128.0127
2018-02-12,128.3745,129.0070,126.9392,127.5677
2018-02-13,128.0974,130.0914,126.6830,128.6707
2018-02-14,128.6026,129.3739,125.1031,125.8579
2018-02-15,126.1040,127.2512,125.6564,126.8012
2018-02-16,127.3006,127.3718,127.0262,127.0972
2018-02-19,127.8405,129.8475,127.2745,129.2751
2018-02-20,129.5880,130.3585,127.4836,128.2462
2018-02-21,128.2407,128.9273,125.6303,126.3066
2018-02-22,126.6519,127.0146,126.2396,126.6022
2018-02-23,126.4779,127.8319,126.1855,127.5371
2018-02-26,126.7172,127.4340,126.2485,126.9643
2018-02-27,127.0728,128.4846,124.5366,125.9358
2018-02-28,125.0854,127.7172,124.9553,127.5845
2018-03-01,127.7406,128.1247,127.4800,127.8638
2018-03-02,128.0123,128.1415,127.4074,127.5361
2018-03-05,127.8699,128.9852,125.4587,126.5627
2018-03-06,126.6583,127.4847,125.3025,126.1255
2018-03-07,125.9744,127.8716,125.1434,127.0337
2018-03-08,127.2515,128.0813,124.7069,125.5254
2018-03-09,125.1691,125.5724,124.3237,124.7256
2018-03-12,124.4378,126.5301,124.1695,126.2580
2018-03-13,126.0280,130.9755,124.8485,129.7611
2018-03-14,130.2706,131.0196,130.1017,130.8500
2018-03-15,131.3284,132.2541,128.3426,129.2537
2018-03-16,128.9760,129.2938,126.8760,127.1894
2018-03-19,127.9903,128.2935,125.2310,125.5284
2018-03-20,125.9206,126.7949,124.7513,125.6236
2018-03-21,125.5674,125.8286,124.8373,125.0976
2018-03-22,125.2823,127.2235,123.6574,125.5945
2018-03-23,125.6976,127.4122,125.0683,126.7775
2018-03-26,126.5519,126.6032,125.4150,125.4658
2018-03-27,126.0533,126.0872,125.7287,125.7625
2018-03-28,126.3737,126.4934,125.4697,125.5886
2018-03-29,125.7464,126.8226,125.0827,126.1568
2018-03-30,126.5806,127.2246,125.0243,125.6637
2018-04-02,125.8529,126.4579,123.9514,124.5500
2018-04-03,125.0429,125.1422,124.6248,124.7237
2018-04-04,124.1350,126.3283,122.7994,124.9836
2018-04-05,125.1047,127.0732,124.9088,126.8745
2018-04-06,126.2168,127.1927,125.6522,126.6263
2018-04-09,126.9552,127.2757,125.1452,125.4620
2018-04-10,125.1837,128.0918,124.6357,127.5336
2018-04-11,127.8771,129.4689,125.9457,127.5332
2018-04-12,127.3168,128.4234,126.9615,128.0660
2018-04-13,128.3618,128.8185,127.8575,128.3140
2018-04-16,128.1689,128.7365,127.7838,128.3509
2018-04-17,128.6304,129.9784,125.8723,127.2053
2018-04-18,127.9214,128.0476,125.2699,125.3936
2018-04-19,124.7661,127.1639,123.6366,126.0231
2018-04-20,126.4067,126.4357,123.9821,124.0105
2018-04-23,124.4451,125.6057,122.4165,123.5689
2018-04-24,123.2363,123.2811,120.4730,120.5168
2018-04-25,120.6557,121.5550,118.6449,119.5359
2018-04-26,119.6930,121.5168,117.1879,119.0011
2018-04-27,118.6355,120.8777,118.5083,120.7483
2018-04-30,121.2542,121.9238,119.9053,120.5711
2018-05-01,120.8407,122.8653,120.4472,122.4665
2018-05-02,122.2855,123.5803,120.8226,122.1156
2018-05-03,122.7420,123.3675,118.7334,119.3416
2018-05-04,118.8358,119.2017,118.1619,118.5268
2018-05-07,119.2187,120.3695,119.1617,120.3120
2018-05-08,120.3577,121.3414,118.9524,119.9326
2018-05-09,119.8242,120.1669,118.5791,118.9191
2018-05-10,118.2483,120.0097,117.0145,118.7705
2018-05-11,118.9614,120.0866,118.1787,119.3016
2018-05-14,119.5031,120.5891,117.3824,118.4590
2018-05-15,118.4002,119.2680,117.1084,117.9731
2018-05-16,117.6069,120.8240,116.6069,119.8052
2018-05-17,119.1801,120.2157,119.1741,120.2097
2018-05-18,120.5012,122.0482,117.0809,118.6036
2018-05-21,118.2435,119.9101,117.6022,119.2632
2018-05-22,118.9800,119.2792,118.5599,118.8588
2018-05-23,119.1735,119.8450,117.7766,118.4439
2018-05-24,118.7802,119.4226,118.3780,119.0196
2018-05-25,119.6604,120.1701,118.6310,119.1385
2018-05-28,118.9391,121.2644,118.6949,121.0160
2018-05-29,121.1544,122.4300,120.5682,121.8404
2018-05-30,121.5965,121.9170,120.2711,120.5889
2018-05-31,120.1755,121.4394,119.7507,121.0117
2018-06-01,121.0857,123.7148,120.3821,123.0001
2018-06-04,122.8844,123.2515,122.1087,122.4747
2018-06-05,122.8831,126.2532,121.5690,124.9174
2018-06-06,125.0227,125.0396,124.4392,124.4560
2018-06-07,124.5645,125.4435,124.3233,125.2011
2018-06-08,125.4829,125.4848,123.2439,123.2457
2018-06-11,123.1030,125.5082,122.2738,124.6685
2018-06-12,124.6521,125.6012,122.3584,123.2972
2018-06-13,123.0369,123.9655,122.6712,123.5982
2018-06-14,123.5406,124.6617,122.2244,123.3437
2018-06-15,123.7898,124.8072,121.8080,122.8173
2018-06-18,122.6933,124.6430,121.3512,123.2943
2018-06-19,123.8000,124.7762,121.2590,122.2228
2018-06-20,122.4607,122.8673,121.7091,122.1145
2018-06-21,122.0441,124.1433,121.7407,123.8354
2018-06-22,123.8504,124.1312,120.5797,120.8537
2018-06-25,120.4418,122.5126,119.6175,121.6798
2018-06-26,121.0225,121.2167,120.0593,120.2523
2018-06-27,120.9806,121.6592,120.9717,121.6503
2018-06-28,121.6409,122.3916,120.0752,120.8208
2018-06-29,120.5655,121.4494,119.2152,120.0956
2018-07-02,119.6204,120.5494,119.6088,120.5377
2018-07-03,120.1976,121.8976,120.1587,121.8582
2018-07-04,121.8536,123.7561,121.6652,123.5651
2018-07-05,123.6574,123.6925,122.8379,122.8727
2018-07-06,122.4002,123.5764,121.9955,123.1692
2018-07-09,123.4304,123.8661,122.8938,123.3292
2018-07-10,123.7691,124.3805,120.8277,121.4275
2018-07-11,121.6016,122.8623,120.6758,121.9340
2018-07-12,122.3078,124.1495,121.8671,123.7038
2018-07-13,123.7397,124.3532,123.6743,124.2875
2018-07-16,124.2948,125.1472,124.0457,124.8969
2018-07-17,124.4392,124.6106,124.1484,124.3196
2018-07-18,123.6809,124.2848,122.7168,123.3189
2018-07-19,122.7317,125.7598,120.4733,123.4875
2018-07-20,124.0605,126.9351,123.7258,126.5936
2018-07-23,127.3832,127.6944,126.6572,126.9674
2018-07-24,127.0425,128.2150,126.9598,128.1316
2018-07-25,128.2205,128.6275,127.1271,127.5319
2018-07-26,127.5909,127.8237,127.1409,127.3733
2018-07-27,127.6570,129.6454,126.4556,128.4367
2018-07-30,128.3568,128.3835,127.1591,127.1856
2018-07-31,126.9318,127.5266,125.3990,125.9894
2018-08-01,125.3862,127.5046,125.2549,127.3713
2018-08-02,127.1982,128.7388,125.4602,126.9983
2018-08-03,126.4889,127.1779,125.7449,126.4335
2018-08-06,126.0362,127.3901,123.4398,124.7801
2018-08-07,124.4405,126.0503,123.5256,125.1304
2018-08-08,125.5450,126.5848,124.1547,125.1915
2018-08-09,124.8088,125.6213,123.3133,124.1213
2018-08-10,124.5076,124.7652,122.9637,123.2186
2018-08-13,123.7611,123.7683,121.0360,121.0430
2018-08-14,120.7809,120.8292,120.7790,120.8272
2018-08-15,120.7698,121.1385,119.8033,120.1702
2018-08-16,120.6045,120.8075,118.1078,118.3069
2018-08-17,118.9955,120.1507,115.8090,116.9443
2018-08-20,117.2553,117.4914,116.4260,116.6609
2018-08-21,117.3107,119.2361,117.1431,119.0659
2018-08-22,119.0325,120.4409,116.4989,117.8939
2018-08-23,117.2655,118.6945,115.5184,116.9435
2018-08-24,116.9698,118.1891,116.9662,118.1855
2018-08-27,118.4048,118.8309,118.1391,118.5648
2018-08-28,118.2279,118.7368,118.1426,118.6512
2018-08-29,118.7593,119.4623,117.1992,117.8971
2018-08-30,118.4912,118.5523,117.8651,117.9258
2018-08-31,117.3414,118.0997,116.8567,117.6139
2018-09-03,117.8553,119.5259,117.7543,119.4236
2018-09-04,118.9485,121.1368,118.5897,120.7726
2018-09-05,120.1104,120.2491,119.9371,120.0758
2018-09-06,119.8960,120.2496,118.3876,118.7378
2018-09-07,118.6751,118.7436,118.5935,118.6620
2018-09-10,118.7033,120.3614,117.4654,119.1192
2018-09-11,118.7260,121.8802,118.3805,121.5265
2018-09-12,121.2993,121.5634,119.3237,119.5840
2018-09-13,120.1600,120.7599,117.2727,117.8611
2018-09-14,118.5147,119.7748,117.3837,118.6426
2018-09-17,118.3113,120.2896,117.5108,119.4811
2018-09-18,119.5640,121.1574,118.8013,120.3894
2018-09-19,120.0608,120.2876,119.6075,119.8339
2018-09-20,119.3565,120.0651,118.1144,118.8198
2018-09-21,119.0958,120.2279,118.1409,119.2715
2018-09-24,119.3417,119.9344,119.1814,119.7736
2018-09-25,119.6645,120.8519,117.6774,118.8568
2018-09-26,119.0056,119.4067,117.3735,117.7704
2018-09-27,117.6667,119.4266,114.6676,116.4086
2018-09-28,116.5737,117.8291,114.8409,116.0911
2018-10-01,116.6760,117.2709,115.8830,116.4769
2018-10-02,116.9474,119.6612,115.7572,118.4557
2018-10-03,118.1442,121.0554,117.0059,119.9002
2018-10-04,119.9642,121.0917,119.7402,120.8659
2018-10-05,121.4423,122.8172,117.8443,119.1938
2018-10-08,119.5679,119.9393,119.3970,119.7681
2018-10-09,119.4990,121.9328,118.3883,120.8099
2018-10-10,120.8916,121.0700,120.2798,120.4575
2018-10-11,120.4814,121.4730,120.2113,121.2012
2018-10-12,120.7690,122.1231,119.0723,120.4225
2018-10-15,120.6780,122.0627,118.5816,119.9581
2018-10-16,119.6457,119.7562,118.6445,118.7541
2018-10-17,118.3334,119.5620,117.9422,119.1681
2018-10-18,119.5537,122.3631,119.2633,122.0666
2018-10-19,122.1883,122.2431,121.5231,121.5777
2018-10-22,121.3932,121.7176,121.3318,121.6561
2018-10-23,121.9248,123.0286,121.5018,122.6033
2018-10-24,122.7005,122.9487,121.8394,122.0863
2018-10-25,121.8341,123.6729,121.5314,123.3665
2018-10-26,123.7246,124.6002,122.3481,123.2201
2018-10-29,122.8678,124.2304,122.4200,123.7793
2018-10-30,124.1821,124.4304,123.3778,123.6250
2018-10-31,123.6465,123.7568,122.6737,122.7832
2018-11-01,122.4933,123.6115,121.1003,122.2160
2018-11-02,121.7931,124.4239,120.7884,123.4059
2018-11-05,123.2794,125.2387,122.7205,124.6736
2018-11-06,125.3366,126.2892,124.6050,125.5562
2018-11-07,125.6722,127.0205,125.0826,126.4274
2018-11-08,126.3267,128.2184,125.5977,127.4827
2018-11-09,127.4982,128.1839,126.6482,127.3331
2018-11-12,126.8476,127.2551,126.7720,127.1794
2018-11-13,126.8698,127.0364,126.0372,126.2029
2018-11-14,126.5493,128.4346,125.5511,127.4295
2018-11-15,127.3692,128.8050,125.8738,127.3089
2018-11-16,127.6364,127.9632,126.9093,127.2350
2018-11-19,126.7558,129.1717,125.9213,128.3268
2018-11-20,128.8006,130.2731,127.9952,129.4636
2018-11-21,129.8878,130.4806,129.5730,130.1651
2018-11-22,130.1626,130.6775,129.0449,129.5574
2018-11-23,129.6497,130.0547,128.5008,128.9035
2018-11-26,129.1138,129.9679,128.7921,129.6449
2018-11-27,129.9981,130.3980,127.7433,128.1375
2018-11-28,128.1331,128.7854,126.4535,127.1005
2018-11-29,127.1625,127.6337,126.3934,126.8634
2018-11-30,126.5357,127.7833,126.2861,127.5317
2018-12-03,127.6876,127.8255,127.5602,127.6981
2018-12-04,128.0253,129.4104,124.6580,126.0215
2018-12-05,125.8716,127.5342,124.7181,126.3761
2018-12-06,126.3334,126.7235,125.6913,126.0806
2018-12-07,125.7289,126.0721,124.0015,124.3409
2018-12-10,124.0473,126.0919,122.8355,124.8719
2018-12-11,124.6770,127.4137,123.3667,126.0886
2018-12-12,126.1157,127.4062,124.2710,125.5558
2018-12-13,125.3683,126.1803,124.8966,125.7073
2018-12-14,126.1437,126.4610,124.0241,124.3369
2018-12-17,124.2158,125.5524,124.0199,125.3546
2018-12-18,125.1640,126.0641,125.1523,126.0524
2018-12-19,125.7062,126.1529,123.9215,124.3635
2018-12-20,124.4685,125.8588,123.9358,125.3225
2018-12-21,125.3263,125.7051,124.8281,125.2064
2018-12-24,125.2720,125.4158,124.1828,124.3256
2018-12-25,124.5964,125.4049,123.2786,124.0838
2018-12-26,124.0032,126.2954,122.0654,124.3521
2018-12-27,124.0412,126.3783,123.7270,126.0589
2018-12-28,126.8700,128.7460,126.4740,128.3454
2018-12-31,128.2390,131.3472,127.7679,130.8665
2019-01-01,131.0768,132.1021,129.5718,130.5933
2019-01-02,130.9747,131.7287,130.7348,131.4879
2019-01-03,131.9709,132.1179,131.1907,131.3370
2019-01-04,131.1942,134.4669,129.4355,132.6881
2019-01-07,132.6237,134.5875,131.2198,133.1778
2019-01-08,133.3294,133.5868,131.9111,132.1663
2019-01-09,132.0480,133.9315,130.6261,132.5046
2019-01-10,132.9413,133.4095,132.0504,132.5171
2019-01-11,132.4793,134.9913,131.5041,134.0048
2019-01-14,133.8232,137.4130,132.9510,136.5232
2019-01-15,136.3064,136.7570,135.5139,135.9634
2019-01-16,135.8155,135.9981,134.3814,134.5623
2019-01-17,134.5521,135.0787,131.7545,132.2721
2019-01-18,132.0378,132.6566,131.4956,132.1141
2019-01-21,131.9409,133.7998,131.5024,133.3566
2019-01-22,133.3970,133.4916,132.5643,132.6584
2019-01-23,132.8989,133.4690,130.5017,131.0639
2019-01-24,130.9897,132.8351,130.6604,132.5020
2019-01-25,132.3873,132.8984,131.9682,132.4790
2019-01-28,132.2296,133.4420,132.0304,133.2413
2019-01-29,133.8253,135.8315,133.4712,135.4730
2019-01-30,135.5407,135.8883,134.2590,134.6043
2019-01-31,134.1600,136.0184,133.5740,135.4270
2019-02-01,135.4004,135.4026,134.9630,134.9653
2019-02-04,135.1600,135.4207,132.9021,133.1589
2019-02-05,133.8781,136.4924,133.1004,135.7041
2019-02-06,134.6596,134.9704,134.0821,134.3923
2019-02-07,134.1174,135.8748,133.5530,135.3054
2019-02-08,135.1980,135.2969,132.0895,132.1862
2019-02-11,132.0242,133.0963,131.3011,132.3713
2019-02-12,132.6567,134.0784,128.5869,129.9799
2019-02-13,129.3740,129.6290,127.1051,127.3561
2019-02-14,127.8384,128.2833,127.3006,127.7451
2019-02-15,127.6776,128.5413,126.7673,127.6308
2019-02-18,127.7544,128.0205,125.6038,125.8659
2019-02-19,125.9131,126.8797,123.7687,124.7261
2019-02-20,124.1872,124.7028,123.6726,124.1882
2019-02-21,124.5984,125.5737,124.3054,125.2790
2019-02-22,125.5973,127.7708,125.3623,127.5323
2019-02-25,127.4529,128.8765,127.1757,128.5968
2019-02-26,129.3161,131.3963,128.0608,130.1331
2019-02-27,129.8435,130.8787,126.4353,127.4514
2019-02-28,127.2269,128.3418,126.4439,127.5569
2019-03-01,127.9444,128.4061,127.4408,127.9023
2019-03-04,127.2289,128.7727,126.9536,128.4946
2019-03-05,128.4680,129.6768,128.2233,129.4303
2019-03-06,129.0310,130.0446,128.3307,129.3426
2019-03-07,129.2703,131.5127,129.1088,131.3486
2019-03-08,131.0442,132.4046,128.7132,130.0634
2019-03-11,129.8304,130.4107,129.6414,130.2211
2019-03-12,130.3486,132.4252,129.9721,132.0438
2019-03-13,131.4215,133.5389,131.0612,133.1738
2019-03-14,133.1472,133.3145,132.7183,132.8853
2019-03-15,132.7011,133.4427,132.2190,132.9596
2019-03-18,133.0044,133.7814,132.2989,133.0755
2019-03-19,133.1332,134.3798,130.6326,131.8674
2019-03-20,131.8443,133.5032,131.6853,133.3424
2019-03-21,133.1389,133.1967,132.2504,132.3078
2019-03-22,132.5968,133.4730,130.6563,131.5255
2019-03-25,132.1310,132.1360,131.7115,131.7165
2019-03-26,131.6084,133.7183,130.5736,132.6751
2019-03-27,132.8062,132.9122,130.9617,131.0664
2019-03-28,131.2033,133.3317,130.3466,132.4667
2019-03-29,132.5046,133.9113,132.4671,133.8733
2019-04-01,133.5170,135.1574,133.2459,134.8836
2019-04-02,135.0859,135.5417,134.5116,134.9670
2019-04-03,134.4729,135.1698,132.9745,133.6674
2019-04-04,133.4885,134.2289,133.3177,134.0574
2019-04-05,133.8805,134.7410,133.0739,133.9340
2019-04-08,133.1516,135.0051,131.6731,133.5225
2019-04-09,134.1234,134.3059,133.0176,133.1989
2019-04-10,133.2726,134.7079,132.4089,133.8405
2019-04-11,134.4685,135.2591,132.5332,133.3170
2019-04-12,133.3251,133.5378,132.7696,132.9818
2019-04-15,133.4025,133.6157,132.8448,133.0574
2019-04-16,133.3181,134.5337,128.6313,129.8150
2019-04-17,129.7538,131.7115,128.8364,130.7868
2019-04-18,130.3815,131.2231,129.2807,130.1206
2019-04-19,130.0892,130.5084,128.8125,129.2290
2019-04-22,129.9104,130.7487,128.4967,129.3313
2019-04-23,128.9557,131.9121,128.6604,131.6109
2019-04-24,131.7255,132.3311,131.5846,132.1897
2019-04-25,132.4454,133.6493,130.9364,132.1374
2019-04-26,132.2614,136.0266,130.1263,133.8656
2019-04-29,134.3125,136.7915,132.0773,134.5523
2019-04-30,134.4912,135.6735,133.6412,134.8214
2019-05-01,134.2719,135.4501,133.7756,134.9512
2019-05-02,135.4241,137.2315,132.1453,133.9328
2019-05-03,133.5065,136.2477,132.6829,135.4123
2019-05-06,136.2141,136.8682,135.1460,135.7980
2019-05-07,135.5610,137.5911,135.3465,137.3738
2019-05-08,137.7206,139.0551,137.3714,138.7035
2019-05-09,138.6256,138.9722,136.9496,137.2930
2019-05-10,136.4186,139.3567,135.1190,138.0416
2019-05-13,137.6686,139.4362,137.2624,139.0260
2019-05-14,139.3023,140.7215,136.5994,138.0053
2019-05-15,138.1881,141.2551,137.1065,140.1580
2019-05-16,140.8261,140.8780,139.8214,139.8730
2019-05-17,140.0562,140.5376,139.0072,139.4867
2019-05-20,139.7430,139.7640,137.8390,137.8598
2019-05-21,137.9353,139.4673,136.8610,138.3894
2019-05-22,138.5499,138.5745,138.2880,138.3126
2019-05-23,138.4341,139.3929,135.8245,136.7718
2019-05-24,136.5750,139.3727,136.3147,139.1076
2019-05-27,138.2400,140.3367,137.0929,139.1818
2019-05-28,139.4689,139.8593,139.4390,139.8293
2019-05-29,139.0920,141.8804,138.7037,141.4854
2019-05-30,141.0883,141.0983,138.4744,138.4842
2019-05-31,138.4619,138.8981,138.0547,138.4908
2019-06-03,138.7279,139.2399,137.9766,138.4878
2019-06-04,138.2111,138.6657,135.9964,136.4451
2019-06-05,137.0607,137.5952,134.4574,134.9838
2019-06-06,134.8956,136.5224,132.0247,133.6363
2019-06-07,134.0132,136.4379,133.5697,135.9879
2019-06-10,135.4373,138.7993,134.4761,137.8212
2019-06-11,137.3802,137.7293,136.7966,137.1452
2019-06-12,136.9375,139.7396,136.5862,139.3820
2019-06-13,139.8136,141.0735,138.0281,139.2833
2019-06-14,138.6285,140.0640,138.3619,139.7951
2019-06-17,139.9480,141.4128,139.6346,141.0969
2019-06-18,140.6399,142.8254,138.0840,140.2637
2019-06-19,139.9527,142.6521,138.4614,141.1481
2019-06-20,142.2586,143.6015,139.7399,141.0716
2019-06-21,141.0667,143.0421,137.4877,139.4404
2019-06-24,139.9294,141.3416,139.8157,141.2268
2019-06-25,141.8316,144.6334,141.5343,144.3309
2019-06-26,144.7490,146.8450,142.8461,144.9395
2019-06-27,144.7720,146.1168,142.3235,143.6579
2019-06-28,142.8382,145.9712,142.5806,145.7085
2019-07-01,146.5934,146.9787,143.1441,143.5213
2019-07-02,143.2042,145.4263,142.9929,145.2120
2019-07-03,145.5056,145.5112,144.3272,144.3328
2019-07-04,144.2199,145.4305,142.5972,143.8043
2019-07-05,143.7709,145.4288,143.6238,145.2802
2019-07-08,145.0704,145.3234,144.5222,144.7747
2019-07-09,144.4135,145.2209,142.4046,143.2052
2019-07-10,143.6523,144.1755,143.4956,144.0183
2019-07-11,144.4786,146.7127,140.2089,142.4110
2019-07-12,142.8642,143.6103,141.2028,141.9441
2019-07-15,141.4307,141.6113,138.9150,139.0926
2019-07-16,138.5023,139.7074,138.1138,139.3166
2019-07-17,139.6406,140.3192,135.9721,136.6361
2019-07-18,136.6369,136.6600,136.3997,136.4228
2019-07-19,136.0022,136.6821,135.9634,136.6431
2019-07-22,136.7214,137.1756,136.5340,136.9879
2019-07-23,137.4565,137.6129,136.7792,136.9350
2019-07-24,136.5558,138.1275,133.5036,135.0581
2019-07-25,135.9327,136.1912,135.5264,135.7846
2019-07-26,135.0705,135.4263,134.5839,134.9394
2019-07-29,135.1558,136.1045,133.2618,134.2038
2019-07-30,133.9202,138.0012,133.3978,137.4650
2019-07-31,137.4025,138.3005,136.9653,137.8618
2019-08-01,139.1446,140.1226,135.5258,136.4852
2019-08-02,137.3201,137.4251,136.6909,136.7955
2019-08-05,137.3961,137.9416,136.7049,137.2499
2019-08-06,136.7367,137.6239,135.8516,136.7388
2019-08-07,136.6646,137.2002,136.4369,136.9719
2019-08-08,137.2637,137.9037,135.6209,136.2561
2019-08-09,135.8008,138.5022,135.1031,137.7944
2019-08-12,136.4583,137.5513,132.7928,133.8651
2019-08-13,133.1438,137.0737,132.4819,136.3957
2019-08-14,136.9029,137.3179,135.2391,135.6503
2019-08-15,135.9526,136.2291,135.1677,135.4432
2019-08-16,136.0212,138.3534,134.9483,137.2705
2019-08-19,137.2346,137.7638,135.9311,136.4574
2019-08-20,136.6452,139.1118,136.4524,138.9158
2019-08-21,138.4281,140.3261,137.8101,139.7024
2019-08-22,140.1851,141.5217,139.8721,141.2064
2019-08-23,141.1515,142.2572,140.6631,141.7667
2019-08-26,141.3104,141.5459,140.6453,140.8801
2019-08-27,141.1354,143.4838,140.0782,142.4171
2019-08-28,143.0396,145.1430,142.8978,144.9992
2019-08-29,145.6974,146.2869,144.5921,145.1794
2019-08-30,144.8470,145.6589,144.1357,144.9470
2019-09-02,144.8198,145.0888,144.3267,144.5952
2019-09-03,145.0228,146.0947,144.8691,145.9400
2019-09-04,145.7541,146.1672,144.8008,145.2123
2019-09-05,145.2886,145.6212,144.9533,145.2859
2019-09-06,144.5640,147.1169,142.7296,145.2735
2019-09-09,144.4347,148.7870,143.9386,148.2777
2019-09-10,149.3683,150.0877,146.8964,147.6073
2019-09-11,147.4235,147.6761,147.3465,147.5990
2019-09-12,147.3732,148.1030,146.9389,147.6678
2019-09-13,147.8505,150.2033,146.6174,148.9610
2019-09-16,148.9184,150.9127,148.2553,150.2438
2019-09-17,150.1128,150.3890,148.8076,149.0819
2019-09-18,149.2082,151.2277,149.0021,151.0191
2019-09-19,150.2631,154.7484,149.1287,153.5888
2019-09-20,154.2855,155.0547,153.0428,153.8096
2019-09-23,153.5590,154.6322,151.2325,152.2970
2019-09-24,151.4777,151.7058,150.1517,150.3782
2019-09-25,151.0117,151.6266,149.8414,150.4540
2019-09-26,151.1166,153.3267,149.8619,152.0642
2019-09-27,152.5594,153.4404,151.7717,152.6522
2019-09-30,152.8236,153.9579,152.0183,153.1509
2019-10-01,152.6943,154.1780,152.3043,153.7852
2019-10-02,153.0661,157.1498,151.4218,155.4796
2019-10-03,155.1446,155.5855,152.8879,153.3235
2019-10-04,153.1234,156.3566,152.6667,155.8916
2019-10-07,155.7470,157.4030,154.5144,156.1671
2019-10-08,156.8760,157.0664,155.9226,156.1121
2019-10-09,156.0219,157.8279,153.6779,155.4776
2019-10-10,155.6312,157.4336,155.0833,156.8813
2019-10-11,156.8120,158.6213,152.7923,154.5758
2019-10-14,154.3029,157.6480,154.0026,157.3419
2019-10-15,156.3501,156.7530,154.9844,155.3848
2019-10-16,155.6176,155.6627,155.2809,155.3259
2019-10-17,155.2405,155.6608,154.2643,154.6830
2019-10-18,154.3648,156.5378,153.5361,155.7019
2019-10-21,155.3430,157.0949,154.8866,156.6347
2019-10-22,157.4092,157.5936,156.4844,156.6679
2019-10-23,156.6956,158.4366,156.5902,158.3301
2019-10-24,159.3241,159.3528,155.8781,155.9063
2019-10-25,156.0409,157.6559,155.8453,157.4584
2019-10-28,158.0312,160.5698,157.1893,159.7190
2019-10-29,160.5904,162.3274,158.7223,160.4578
2019-10-30,160.7651,160.7759,156.6747,156.6853
2019-10-31,157.2029,158.0489,153.8806,154.7133
2019-11-01,154.2747,155.6362,152.8729,154.2340
2019-11-04,154.1294,155.4384,153.6537,154.9601
2019-11-05,154.4070,157.8148,152.8836,156.2731
2019-11-06,155.8047,157.4493,153.6593,155.2986
2019-11-07,155.3496,155.9432,153.8071,154.3970
2019-11-08,153.5216,155.4188,153.3313,155.2265
2019-11-11,154.9300,155.8224,153.7905,154.6814
2019-11-12,155.5291,155.6877,152.6402,152.7961
2019-11-13,152.5012,152.9543,150.8630,151.3125
2019-11-14,151.6101,152.4674,147.4478,148.2862
2019-11-15,148.3333,148.5978,147.7445,148.0084
2019-11-18,147.9405,149.1737,147.7944,149.0265
2019-11-19,149.2656,149.9294,146.6242,147.2791
2019-11-20,147.2291,147.9988,144.4517,145.2108
2019-11-21,146.3075,146.5706,146.0801,146.3431
2019-11-22,146.6308,147.5086,145.4372,146.3130
2019-11-25,146.7885,146.8854,146.0960,146.1925
2019-11-26,145.4725,146.9150,143.0613,144.4941
2019-11-27,144.3819,145.0920,142.8197,143.5256
2019-11-28,142.9305,143.2549,142.0974,142.4207
2019-11-29,143.0405,144.7943,142.3816,144.1303
2019-12-02,144.7083,144.7492,141.4009,141.4409
2019-12-03,141.8263,142.9628,140.0295,141.1606
2019-12-04,140.7239,142.2812,140.4928,142.0480
2019-12-05,141.8899,142.3933,140.2764,140.7759
2019-12-06,141.1517,142.3133,140.1508,141.3113
2019-12-09,142.0600,142.8877,140.0277,140.8484
2019-12-10,140.8339,142.1735,140.3539,141.6906
2019-12-11,141.7643,145.3311,141.7127,145.2782
2019-12-12,145.6289,146.6485,144.7368,145.7556
2019-12-13,145.6376,147.1813,145.4497,146.9916
2019-12-16,147.6070,149.4044,147.2323,149.0261
2019-12-17,149.2574,151.5030,148.2282,150.4655
2019-12-18,150.5839,150.5865,147.8597,147.8623
2019-12-19,148.4501,150.1532,145.0354,146.7186
2019-12-20,147.0155,147.8908,145.2252,146.0949
2019-12-23,145.9260,148.0830,145.8510,148.0069
2019-12-24,148.4418,149.5429,144.9317,146.0148
2019-12-25,146.3878,146.7253,144.1572,144.4903
2019-12-26,145.3357,146.2619,144.6351,145.5602
2019-12-27,145.5938,149.9026,143.7773,148.0554
2019-12-30,148.4692,149.4959,145.7910,146.8062
2019-12-31,146.8176,147.5942,144.3615,145.1292
2020-01-01,145.4672,145.6328,143.5246,143.6882
2020-01-02,144.1647,144.5653,140.9457,141.3385
2020-01-03,141.7107,143.5776,140.6830,142.5438
2020-01-06,142.8240,143.4596,137.8402,138.4565
2020-01-07,139.0654,139.6203,135.8060,136.3500
2020-01-08,136.2996,137.0975,133.3795,134.1649
2020-01-09,133.9246,134.7515,132.4389,133.2617
2020-01-10,132.8112,133.5943,132.1995,132.9818
2020-01-13,132.6303,133.5360,131.8968,132.8016
2020-01-14,132.5227,135.4997,131.8582,134.8237
2020-01-15,134.8275,135.5471,134.5788,135.2976
2020-01-16,135.1143,135.1608,134.3678,134.4140
2020-01-17,134.7129,136.2331,134.0638,135.5798
2020-01-20,135.7230,138.0580,134.7347,137.0601
2020-01-21,137.3038,138.2791,134.5685,135.5313
2020-01-22,134.6828,137.6692,133.6833,136.6550
2020-01-23,136.0606,136.3532,134.9541,135.2450
2020-01-24,135.1223,135.9282,134.1129,134.9176
2020-01-27,135.0400,136.2358,134.4585,135.6516
2020-01-28,135.8317,136.2344,135.1728,135.5748
2020-01-29,135.3939,136.3752,133.7945,134.7714
2020-01-30,135.1011,136.3680,134.0260,135.2913
2020-01-31,135.2889,135.7206,134.2554,134.6852
2020-02-03,135.1921,137.1743,131.0566,133.0067
2020-02-04,133.0584,133.0767,132.2229,132.2411
2020-02-05,132.1691,132.8419,131.6800,132.3521
2020-02-06,131.2281,134.0008,130.7006,133.4642
2020-02-07,132.8327,133.6430,130.6415,131.4433
2020-02-10,131.2851,131.6515,130.9937,131.3599
2020-02-11,130.9714,131.8707,130.8261,131.7246
2020-02-12,131.1096,133.2752,128.9571,131.1224
2020-02-13,131.7046,132.9456,131.4944,132.7337
2020-02-14,133.0947,133.7877,131.2000,131.8867
2020-02-17,131.2157,131.7724,128.8196,129.3685
2020-02-18,129.1532,130.3906,129.1040,130.3410
2020-02-19,130.4487,131.1208,129.9736,130.6450
2020-02-20,130.6010,131.7351,128.4910,129.6166
2020-02-21,129.8407,130.0653,128.3919,128.6144
2020-02-24,128.6279,129.4406,127.7422,128.5544
2020-02-25,128.9277,129.6275,127.2163,127.9105
2020-02-26,127.4089,128.1070,127.1047,127.8019
2020-02-27,127.9719,128.5600,126.1954,126.7780
2020-02-28,127.0761,127.9336,126.9446,127.8013
2020-03-02,128.2774,131.3211,126.3681,129.3952
2020-03-03,129.2628,129.7808,127.5394,128.0525
2020-03-04,127.5591,128.4677,126.8053,127.7130
2020-03-05,127.4926,130.1349,126.2775,128.9063
2020-03-06,129.5677,133.0837,128.8297,132.3301
2020-03-09,132.3803,132.5369,131.7712,131.9272
2020-03-10,131.7575,133.0801,131.1606,132.4799
2020-03-11,133.0864,133.7433,132.6554,133.3116
2020-03-12,133.6632,134.3503,132.5646,133.2496
2020-03-13,133.4803,135.3991,132.3008,134.2131
2020-03-16,134.4954,134.8057,134.2264,134.5366
2020-03-17,134.9221,135.1808,133.0206,133.2762
2020-03-18,132.1667,133.1694,129.4460,130.4356
2020-03-19,129.9757,130.3443,128.1663,128.5309
2020-03-20,128.2866,131.2513,126.9026,129.8504
2020-03-23,129.7403,130.6690,128.9219,129.8499
2020-03-24,130.0173,131.0307,127.5076,128.5092
2020-03-25,128.3383,133.0925,127.4583,132.1861
2020-03-26,132.1595,133.3138,129.7113,130.8542
2020-03-27,130.7718,131.0287,129.1458,129.4000
2020-03-30,128.9558,129.7814,125.3789,126.1868
2020-03-31,126.3208,127.7579,124.4817,125.9142
2020-04-01,125.6100,129.5781,125.1229,129.0775
2020-04-02,128.6386,129.2475,127.5393,128.1459
2020-04-03,127.7615,128.1389,127.6386,128.0158
2020-04-06,128.9106,129.5994,125.2219,125.8945
2020-04-07,125.8036,128.4905,125.3338,128.0125
2020-04-08,127.9640,128.9034,126.5947,127.5309
2020-04-09,127.5174,128.4161,127.3051,128.2026
2020-04-10,127.9495,127.9832,127.4502,127.4838
2020-04-13,127.4242,127.8275,125.6385,126.0374
2020-04-14,126.6330,127.1809,124.4015,124.9421
2020-04-15,125.0682,126.9011,124.1071,125.9334
2020-04-16,126.6022,127.8366,126.1238,127.3554
2020-04-17,126.2182,127.1783,126.1696,127.1294
2020-04-20,127.2711,127.6519,126.4190,126.7985
2020-04-21,126.4065,127.6238,126.3476,127.5643
2020-04-22,127.4943,128.4030,127.1207,128.0279
2020-04-23,128.0569,128.2439,126.6201,126.8053
2020-04-24,126.5915,129.7599,126.2771,129.4385
2020-04-27,128.7367,129.0974,125.9483,126.3022
2020-04-28,125.7889,127.1913,125.5748,126.9752
2020-04-29,127.4235,128.9940,126.5704,128.1363
2020-04-30,128.4132,129.6753,127.6406,128.8997
2020-05-01,129.2580,130.7096,128.3890,129.8367
2020-05-04,129.7541,133.1300,128.6335,131.9900
2020-05-05,132.2813,134.5314,132.2429,134.4925
2020-05-06,134.4081,134.4777,133.0096,133.0784
2020-05-07,133.4364,136.5564,131.5657,134.6685
2020-05-08,134.4670,137.3810,133.2932,136.1922
2020-05-11,136.3117,138.0954,135.6234,137.4016
2020-05-12,137.8073,141.9310,136.1364,140.2308
2020-05-13,140.8491,140.9642,140.2900,140.4047
2020-05-14,139.8487,140.4435,139.6786,140.2729
2020-05-15,139.7401,142.4526,138.2750,140.9747
2020-05-18,140.9926,141.1933,140.9764,141.1771
2020-05-19,141.0312,141.0702,140.1614,140.2001
2020-05-20,140.5508,141.2544,137.8628,138.5564
2020-05-21,138.1578,140.0595,137.8338,139.7317
2020-05-22,139.8146,140.6005,136.1214,136.8909
2020-05-25,136.0379,140.1215,134.8621,138.9207
2020-05-26,138.6290,140.9426,137.6787,139.9830
2020-05-27,139.9041,141.2937,137.6350,139.0158
2020-05-28,138.0895,138.4101,138.0125,138.3329
2020-05-29,138.7014,141.5755,137.6471,140.5075
2020-06-01,140.5445,141.5997,140.1338,141.1871
2020-06-02,141.3350,141.8437,140.2514,140.7581
2020-06-03,140.8578,141.6592,140.6430,141.4434
2020-06-04,141.1694,142.3820,138.0774,139.2736
2020-06-05,139.2056,139.3351,138.2579,138.3866
2020-06-08,138.7469,139.0967,138.4431,138.7928
2020-06-09,139.4810,139.5767,138.6033,138.6986
2020-06-10,138.7359,140.7792,138.2674,140.3054
2020-06-11,140.3474,142.8348,139.5013,141.9789
2020-06-12,142.6040,143.1559,141.8654,142.4165
2020-06-15,142.7851,144.9784,142.6931,144.8850
2020-06-16,144.4708,147.4588,144.3055,147.2902
2020-06-17,146.7706,147.9832,146.0402,147.2504
2020-06-18,146.8279,149.0220,145.7150,147.9010
2020-06-19,147.3221,148.1247,147.0287,147.8303
2020-06-22,147.6556,148.9067,144.0851,145.3164
2020-06-23,145.9260,148.8833,145.0410,147.9859
2020-06-24,148.1981,148.3264,147.2709,147.3985
2020-06-25,147.1858,148.7318,143.8898,145.4172
2020-06-26,145.2359,145.3819,143.3883,143.5326
2020-06-29,143.7201,144.9895,143.4343,144.7017
2020-06-30,144.6941,146.7561,144.5826,146.6432
2020-07-01,146.8251,148.5369,146.3258,148.0335
2020-07-02,148.2071,149.2815,146.5459,147.6160
2020-07-03,148.1626,148.8493,148.1448,148.8314
2020-07-06,149.0076,150.8710,148.6575,150.5173
2020-07-07,151.0620,152.3668,151.0254,152.3299
2020-07-08,152.2296,153.9623,151.5843,153.3123
2020-07-09,153.2306,156.1312,151.8397,154.7267
2020-07-10,154.9930,157.1650,148.9490,151.0659
2020-07-13,150.5129,151.2425,148.8186,149.5435
2020-07-14,150.0530,151.0924,149.3228,150.3607
2020-07-15,150.4290,152.1684,148.9250,150.6621
2020-07-16,150.5656,153.8148,148.7452,151.9773
2020-07-17,152.5768,152.6737,151.3115,151.4077
2020-07-20,151.4890,153.7643,149.9953,152.2630
2020-07-21,151.7498,153.6887,151.5572,153.4940
2020-07-22,154.1113,154.3531,153.1400,153.3807
2020-07-23,153.7079,153.9082,153.4326,153.6328
2020-07-24,154.5126,155.9023,152.2172,153.5987
2020-07-27,153.1439,154.7938,153.0125,154.6610
2020-07-28,154.6021,155.0115,152.5054,152.9103
2020-07-29,153.0506,155.0308,148.4209,150.3664
2020-07-30,150.5390,150.9194,147.4825,147.8561
2020-07-31,147.6602,152.2579,146.0694,150.6351
2020-08-03,151.2759,153.1367,148.9440,150.7990
2020-08-04,150.5773,152.1904,149.2784,150.8889
2020-08-05,150.4987,153.9134,150.3769,153.7889
2020-08-06,153.3907,154.8633,151.5537,153.0228
2020-08-07,152.4593,152.6894,152.2929,152.5229
2020-08-10,152.4726,153.6197,152.0102,153.1552
2020-08-11,153.6576,154.9973,152.9514,154.2882
2020-08-12,153.8855,154.9251,152.3097,153.3457
2020-08-13,152.9006,153.3406,151.3314,151.7682
2020-08-14,150.8517,151.3738,150.5650,151.0867
2020-08-17,150.7202,150.9711,149.0855,149.3341
2020-08-18,150.2304,151.2569,147.7492,148.7657
2020-08-19,149.4781,149.6177,148.8995,149.0387
2020-08-20,149.8040,150.1666,149.4215,149.7841
2020-08-21,149.4190,150.3559,146.9214,147.8485
2020-08-24,147.5472,147.6549,146.4300,146.5370
2020-08-25,147.5709,148.4128,145.3064,146.1401
2020-08-26,145.6347,148.8548,145.1514,148.3625
2020-08-27,148.4774,149.7318,148.0096,149.2614
2020-08-28,148.8366,149.0199,148.4950,148.6781
2020-08-31,148.8268,149.6182,148.5706,149.3611
2020-09-01,149.7265,150.3420,149.4012,150.0160
2020-09-02,149.8295,152.1488,148.7975,151.1080
2020-09-03,151.9373,153.1516,149.7068,150.9130
2020-09-04,151.1431,152.4028,150.4117,151.6688
2020-09-07,151.8774,154.2135,151.5221,153.8536
2020-09-08,153.9497,155.4020,150.9494,152.3869
2020-09-09,151.6344,153.2707,151.0422,152.6744
2020-09-10,152.5714,153.1075,151.9241,152.4599
2020-09-11,152.2002,153.2994,150.3964,151.4904
2020-09-14,151.4049,152.9188,150.5678,152.0780
2020-09-15,151.5385,152.6611,148.2600,149.3665
2020-09-16,149.4611,149.6483,147.8205,148.0059
2020-09-17,147.9921,148.5287,146.0844,146.6159
2020-09-18,146.4245,148.0007,146.1950,147.7691
2020-09-21,147.4773,148.2848,145.9304,146.7338
2020-09-22,146.6122,148.1287,145.7300,147.2427
2020-09-23,147.0669,147.8977,146.6400,147.4697
2020-09-24,147.7363,151.6722,145.5789,149.4892
2020-09-25,149.5219,149.5585,147.4861,147.5223
2020-09-28,147.3746,147.5516,145.2251,145.3997
2020-09-29,145.5446,147.4043,145.1176,146.9732
2020-09-30,147.0563,148.7344,142.5360,144.1813
2020-10-01,143.9757,144.5413,143.4266,143.9922
2020-10-02,144.4070,144.7595,142.9156,143.2653
2020-10-05,142.5503,143.5046,141.6152,142.5694
2020-10-06,142.2889,142.7396,139.6306,140.0743
2020-10-07,139.1602,139.3822,138.9875,139.2095
2020-10-08,139.4135,140.0934,138.0435,138.7199
2020-10-09,138.7610,138.7751,137.6367,137.6507
2020-10-12,137.7220,139.5630,137.3388,139.1757
2020-10-13,139.0077,139.6447,138.5313,139.1677
2020-10-14,138.9975,139.2570,138.0661,138.3244
2020-10-15,137.8161,138.9054,137.7055,138.7940
2020-10-16,138.5584,139.4112,136.8768,137.7245
2020-10-19,138.1340,139.8721,137.3731,139.1058
2020-10-20,139.2921,140.1597,139.2318,140.0991
2020-10-21,139.8877,140.3196,139.5074,139.9391
2020-10-22,139.6889,141.7928,138.8496,140.9460
2020-10-23,140.7085,140.8962,140.4602,140.6479
2020-10-26,139.9553,142.4753,138.5390,141.0479
2020-10-27,140.9810,141.8844,140.9222,141.8253
2020-10-28,142.6476,143.0385,140.8385,141.2255
2020-10-29,140.8346,146.3166,138.8154,144.2485
2020-10-30,143.6293,144.1622,143.4844,144.0169
2020-11-02,144.2706,145.3388,144.0584,145.1253
2020-11-03,144.9047,145.5820,144.2924,144.9693
2020-11-04,144.2880,144.8299,142.9592,143.4982
2020-11-05,143.9254,146.1216,140.7422,142.9231
2020-11-06,142.8462,144.6201,142.7611,144.5340
2020-11-09,144.9383,145.6509,142.4733,143.1773
2020-11-10,143.5500,143.8745,143.2274,143.5519
2020-11-11,143.4649,144.1592,142.9404,143.6341
2020-11-12,143.8294,144.2177,141.2626,141.6451
2020-11-13,141.3526,142.9751,140.4910,142.1088
2020-11-16,142.6134,143.2205,142.6041,143.2112
2020-11-17,143.3031,144.7074,140.9497,142.3446
2020-11-18,142.7123,144.0900,142.2329,143.6076
2020-11-19,142.8018,147.0047,142.3699,146.5614
2020-11-20,147.0382,147.3094,146.8215,147.0926
2020-11-23,146.9620,147.1875,146.7048,146.9302
2020-11-24,146.7991,148.0397,146.7421,147.9822
2020-11-25,147.4332,147.6679,146.4790,146.7126
2020-11-26,146.6832,149.3394,146.5041,149.1572
2020-11-27,149.0978,151.3554,148.2424,150.4920
2020-11-30,150.2095,153.6937,149.0963,152.5630
2020-12-01,152.4314,154.9356,149.2698,151.7630
2020-12-02,151.4938,156.3246,151.4114,156.2396
2020-12-03,156.0799,156.7424,154.1381,154.7951
2020-12-04,154.8332,156.0141,153.6342,154.8149
2020-12-07,155.2297,157.0345,153.9164,155.7171
2020-12-08,155.5237,157.1196,153.7238,155.3176
2020-12-09,156.1395,158.1623,155.2653,157.2817
2020-12-10,157.3985,158.4576,156.7851,157.8424
2020-12-11,157.2880,161.8628,156.6586,161.2177
2020-12-14,161.0577,161.7854,158.7702,159.4909
2020-12-15,160.4349,160.4912,158.1184,158.1739
2020-12-16,158.6748,161.7187,157.1275,160.1570
2020-12-17,160.5597,161.0145,159.8644,160.3185
2020-12-18,160.9095,161.4660,160.1667,160.7226
2020-12-21,160.2067,160.3097,157.9549,158.0565
2020-12-22,157.4431,162.4007,156.0568,160.9833
2020-12-23,160.7638,163.5820,160.2802,163.0914
2020-12-24,163.7366,164.5623,159.9177,160.7282
2020-12-25,161.0665,161.4554,159.6012,159.9875
2020-12-28,159.5469,161.0370,158.1552,159.6445
2020-12-29,159.8346,160.2230,155.9985,156.3785
2020-12-30,157.2774,158.3222,152.9280,153.9507
2020-12-31,153.3562,153.6080,153.0134,153.2651
2021-01-01,152.9635,154.7872,152.9257,154.7490
2021-01-04,155.1513,155.9333,151.6980,152.4665
2021-01-05,153.4824,153.9152,152.1727,152.6030
2021-01-06,151.7036,155.5490,150.3845,154.2081
2021-01-07,154.6134,155.6556,152.8592,153.8966
2021-01-08,153.3457,154.1333,152.8516,153.6383
2021-01-11,152.8640,155.5451,152.4849,155.1602
2021-01-12,155.2527,157.4124,154.8045,156.9592
2021-01-13,157.2892,157.3726,156.0716,156.1543
2021-01-14,156.1180,156.6761,154.9431,155.4989
2021-01-15,154.4342,156.6050,153.0872,155.2509
2021-01-18,154.9106,156.5935,154.6730,156.3537
2021-01-19,156.0504,157.1011,155.6970,156.7462
2021-01-20,156.6653,158.6799,155.9068,157.9154
2021-01-21,158.0575,160.5751,157.3328,159.8422
2021-01-22,159.1681,159.2098,158.6678,158.7094
2021-01-25,158.0629,158.4868,157.9207,158.3444
2021-01-26,158.2583,159.6947,157.8293,159.2629
2021-01-27,159.6540,161.0489,157.3718,158.7589
2021-01-28,158.1463,159.4374,157.1299,158.4192
2021-01-29,159.1283,162.7033,158.2860,161.8466
2021-02-01,162.1204,162.5777,160.4330,160.8869
2021-02-02,160.4724,161.9917,158.2759,159.7888
2021-02-03,160.0099,160.1853,159.5201,159.6952
2021-02-04,158.9570,159.5556,158.9558,159.5543
2021-02-05,159.3196,163.6533,159.1484,163.4776
2021-02-08,163.1397,163.3750,159.7440,159.9747
2021-02-09,159.8209,162.4498,158.9029,161.5220
2021-02-10,161.5941,163.9860,159.5776,161.9649
2021-02-11,161.7546,161.9756,160.7805,161.0006
2021-02-12,160.7450,161.5707,160.0326,160.8578
2021-02-15,160.5982,165.0426,159.0726,163.4896
2021-02-16,163.6200,164.6147,163.5329,164.5271
2021-02-17,164.4949,165.6278,163.5054,164.6374
2021-02-18,164.1447,166.6511,163.7068,166.2077
2021-02-19,165.7213,166.4341,163.6008,164.3075
2021-02-22,164.1749,166.3403,163.3492,165.5079
2021-02-23,165.5518,167.9969,164.9459,167.3843
2021-02-24,166.8009,169.3432,166.2264,168.7619
2021-02-25,168.8973,172.8477,168.7341,172.6808
2021-02-26,172.7922,176.4553,170.9954,174.6393
2021-03-01,173.9717,176.2410,170.7045,172.9605
2021-03-02,173.6808,176.2305,172.5713,175.1119
2021-03-03,174.9249,175.3604,174.8639,175.2993
2021-03-04,174.8740,178.5044,173.0024,176.6142
2021-03-05,176.7558,178.3375,172.3715,173.9279
2021-03-08,172.5223,174.7592,172.2459,174.4797
2021-03-09,175.4646,176.5892,172.2585,173.3696
2021-03-10,173.5869,175.4994,172.9725,174.8804
2021-03-11,174.0828,174.8370,173.3868,174.1407
2021-03-12,173.4271,173.6092,171.1353,171.3151
2021-03-15,172.0154,174.3681,170.7071,173.0519
2021-03-16,173.3823,175.4123,172.9729,174.9990
2021-03-17,176.0600,176.5727,174.4564,174.9660
2021-03-18,175.4280,176.5656,174.1490,175.2856
2021-03-19,175.6482,176.4247,175.3381,176.1138
2021-03-22,177.2129,180.6132,175.6875,179.0717
2021-03-23,179.1770,180.5149,178.3381,179.6736
2021-03-24,180.3841,180.7911,178.0555,178.4583
2021-03-25,179.7949,180.3116,176.6163,177.1253
2021-03-26,176.8283,177.1681,174.6100,174.9461
2021-03-29,175.1554,175.5087,174.2000,174.5520
2021-03-30,174.8063,175.6326,172.5552,173.3748
2021-03-31,173.3190,174.8938,172.8565,174.4283
2021-04-01,174.2299,175.3708,171.1419,172.2700
2021-04-02,173.4298,173.5294,171.9486,172.0475
2021-04-05,171.2364,173.5850,170.2210,172.5618
2021-04-06,172.6118,174.4407,171.6596,173.4837
2021-04-07,173.8192,174.0052,173.7082,173.8942
2021-04-08,174.7564,175.3930,172.7632,173.3949
2021-04-09,172.5967,173.0675,171.8371,172.3072
2021-04-12,172.3599,175.7138,171.6406,174.9835
2021-04-13,174.7624,175.1154,174.0950,174.4474
2021-04-14,173.6635,174.3200,173.3117,173.9676
2021-04-15,174.4000,175.5737,170.5858,171.7416
2021-04-16,171.8843,172.2846,171.6824,172.0824
2021-04-19,173.0240,175.1212,172.4110,174.5030
2021-04-20,173.1547,173.3900,172.7794,173.0145
2021-04-21,173.2851,176.4440,172.0046,175.1496
2021-04-22,175.6157,175.7021,173.6441,173.7295
2021-04-23,173.5985,175.5226,172.8753,174.7944
2021-04-26,174.8292,176.3280,174.1479,175.6435
2021-04-27,174.9408,178.1406,174.3378,177.5287
2021-04-28,177.8543,178.7408,175.5090,176.3881
2021-04-29,176.9834,177.0548,174.3935,174.4638
2021-04-30,174.8084,175.2846,173.2334,173.7067
2021-05-03,174.0051,175.4223,171.9447,173.3567
2021-05-04,173.4953,176.0763,169.9368,172.5031
2021-05-05,171.4881,172.8238,170.8414,172.1744
2021-05-06,171.8517,172.9550,170.0113,171.1098
2021-05-07,171.0420,172.2594,169.9798,171.1962
2021-05-10,172.2991,173.5095,170.8335,172.0420
2021-05-11,171.2576,173.0681,170.7879,172.5947
2021-05-12,172.2020,174.5956,170.1976,172.5867
2021-05-13,172.2188,172.2440,171.6054,171.6305
2021-05-14,171.4613,173.3291,168.4670,170.3223
2021-05-17,171.0850,171.1009,170.0531,170.0690
2021-05-18,170.1245,171.6102,167.8440,169.3228
2021-05-19,168.8180,169.1122,168.5842,168.8784
2021-05-20,168.4871,172.3520,167.1154,170.9602
2021-05-21,170.7396,173.0562,169.4129,171.7219
2021-05-24,171.4948,175.1753,169.8896,173.5508
2021-05-25,173.4503,174.4887,169.4414,170.4619
2021-05-26,171.0270,171.4834,168.8828,169.3347
2021-05-27,169.3570,169.5967,164.9370,165.1708
2021-05-28,165.2571,166.8886,162.3061,163.9245
2021-05-31,163.8515,164.9609,163.0507,164.1586
2021-06-01,163.7806,169.3547,163.7549,169.3281
2021-06-02,169.5251,170.3031,168.2104,168.9859
2021-06-03,169.2236,171.3757,168.5765,170.7229
2021-06-04,170.4799,174.1033,168.8509,172.4554
2021-06-07,173.1443,175.0797,171.9117,173.8421
2021-06-08,174.2233,176.0918,173.6128,175.4769
2021-06-09,175.6068,176.3011,174.4739,175.1665
2021-06-10,175.5381,175.8516,174.3236,174.6355
2021-06-11,173.9820,175.8018,173.4721,175.2880
2021-06-14,175.7583,177.0919,175.2862,176.6175
2021-06-15,177.0240,179.3321,176.2633,178.5647
2021-06-16,178.2738,178.6616,176.1986,176.5827
2021-06-17,176.7461,177.3015,175.8447,176.3990
2021-06-18,176.4478,180.3805,174.7223,178.6336
2021-06-21,178.2768,180.3574,176.4397,178.5179
2021-06-22,178.4783,182.3013,178.3492,182.1695
2021-06-23,182.0889,183.8508,181.1182,182.8759
2021-06-24,182.7285,184.4230,182.3915,184.0835
2021-06-25,184.3293,185.2237,181.5333,182.4183
2021-06-28,182.5832,183.4363,181.1561,182.0066
2021-06-29,182.1460,182.6369,180.2742,180.7614
2021-06-30,180.7709,184.7208,178.7667,182.6953
2021-07-01,182.4506,184.3211,182.2153,184.0837
2021-07-02,183.2350,187.1830,182.5836,186.5200
2021-07-05,186.0646,186.8817,183.2925,184.1009
2021-07-06,184.2357,184.6243,182.6564,183.0425
2021-07-07,182.6548,183.8886,182.0484,183.2802
2021-07-08,184.2713,187.4163,176.2069,179.2664
2021-07-09,178.6876,180.8571,175.2933,177.4478
2021-07-12,176.7078,178.8466,174.8141,176.9503
2021-07-13,177.4134,178.5548,176.0338,177.1737
2021-07-14,178.0806,178.1256,175.1937,175.2380
2021-07-15,174.2726,176.6375,172.8630,175.2203
2021-07-16,175.7732,175.9968,173.1863,173.4069
2021-07-19,173.7215,175.0852,170.3779,171.7260
2021-07-20,171.8746,173.1301,169.3109,170.5567
2021-07-21,171.0589,173.6308,170.1210,172.6840
2021-07-22,172.7549,175.2786,171.5411,174.0557
2021-07-23,173.0843,174.9131,172.8943,174.7213
2021-07-26,174.8761,175.9932,172.3513,173.4593
2021-07-27,173.0613,174.0270,171.2702,172.2313
2021-07-28,171.9200,173.3611,171.2170,172.6551
2021-07-29,173.4808,174.2846,170.2676,171.0602
2021-07-30,170.4255,173.1734,168.6394,171.3773
2021-08-02,170.8541,173.7854,170.8120,173.7426
2021-08-03,173.6897,174.0592,173.1732,173.5425
2021-08-04,173.8151,174.8383,173.7343,174.7571
2021-08-05,174.2674,175.2384,173.2689,174.2397
2021-08-06,174.7824,175.6460,174.1260,174.9889
2021-08-09,175.2008,176.1460,174.4052,175.3497
2021-08-10,175.7867,178.1915,172.7537,175.1499
2021-08-11,175.4334,177.3092,173.5444,175.4200
2021-08-12,175.7672,176.2029,173.5707,174.0021
2021-08-13,174.2534,174.6103,170.8309,171.1816
2021-08-16,171.2024,173.8969,169.9713,172.6554
2021-08-17,172.4869,174.5351,172.0721,174.1164
2021-08-18,172.6143,177.1309,170.2296,174.7172
2021-08-19,173.6309,174.8782,171.9523,173.1965
2021-08-20,173.1252,175.2635,172.0570,174.1888
2021-08-23,174.0839,177.4694,174.0015,177.3854
2021-08-24,177.5283,179.8998,176.6402,179.0043
2021-08-25,179.3662,181.8720,179.3123,181.8173
2021-08-26,181.4566,182.3381,181.0097,181.8901
2021-08-27,181.2127,183.0491,179.2497,181.0848
2021-08-30,181.0281,181.2099,178.6739,178.8534
2021-08-31,179.4288,180.0374,177.4837,178.0877
2021-09-01,177.1661,178.0098,176.3732,177.2166
2021-09-02,178.0282,179.5192,175.1655,176.6449
2021-09-03,177.2378,178.6623,175.3249,176.7454
2021-09-06,176.1783,177.5994,174.9393,176.3591
2021-09-07,176.6952,181.5030,175.2601,180.0408
2021-09-08,179.2717,180.0484,177.8503,178.6242
2021-09-09,178.0602,178.7889,175.7872,176.5095
2021-09-10,176.3156,177.3757,174.1744,175.2280
2021-09-13,175.8004,176.2723,175.5408,176.0124
2021-09-14,176.3094,177.1878,175.0322,175.9087
2021-09-15,175.4617,175.7683,173.6738,173.9778
2021-09-16,173.3482,174.4734,172.2305,173.3556
2021-09-17,174.0284,174.5290,173.5759,174.0764
2021-09-20,172.9348,177.7625,171.9873,176.7938
2021-09-21,176.6102,177.0717,173.5095,173.9641
2021-09-22,173.7739,178.0257,173.7131,177.9634
2021-09-23,177.4774,179.6810,177.2027,179.4033
2021-09-24,179.0706,181.8227,177.5532,180.2949
2021-09-27,180.3146,186.2186,179.7397,185.6268
2021-09-28,186.1725,186.8872,183.5557,184.2631
2021-09-29,184.9670,186.0218,183.3491,184.4007
2021-09-30,184.0456,184.6896,180.0252,180.6573
2021-10-01,180.8172,181.2952,179.1112,179.5859
2021-10-04,179.6733,179.7442,178.9978,179.0684
2021-10-05,178.5626,179.8842,177.9470,179.2662
2021-10-06,179.6900,180.6917,177.9190,178.9163
2021-10-07,179.2458,180.0512,177.9129,178.7160
2021-10-08,178.4616,181.9895,177.4397,180.9534
2021-10-11,181.3774,184.2306,180.5689,183.4131
2021-10-12,184.4845,186.1113,183.5786,185.2019
2021-10-13,186.2463,188.5615,185.0453,187.3533
2021-10-14,187.4488,187.9312,185.8194,186.2989
2021-10-15,185.5100,189.4603,184.6782,188.6146
2021-10-18,188.6718,190.7046,187.7107,189.7381
2021-10-19,189.4656,193.6594,188.8464,193.0285
2021-10-20,193.0525,193.1772,191.5933,191.7171
2021-10-21,192.7102,192.8419,189.2379,189.3674
2021-10-22,189.3932,191.7523,186.4775,188.8296
2021-10-25,189.1361,192.0658,185.1460,188.0591
2021-10-26,187.9828,191.5488,187.0474,190.6004
2021-10-27,191.1029,191.7949,185.9105,186.5862
2021-10-28,186.3973,190.5814,185.1572,189.3219
2021-10-29,190.2667,190.6864,187.3165,187.7306
2021-11-01,188.0900,190.1398,187.3124,189.3569
2021-11-02,189.1162,189.5229,186.7650,187.1676
2021-11-03,187.1419,187.1846,185.0146,185.0568
2021-11-04,185.3449,186.3869,182.1547,183.1846
2021-11-05,183.3719,183.5078,182.3344,182.4697
2021-11-08,182.9778,184.3855,179.9955,181.3909
2021-11-09,181.7367,183.7410,180.7203,182.7191
2021-11-10,182.9884,185.4362,180.6277,183.0744
2021-11-11,183.0860,185.0416,179.3876,181.3244
2021-11-12,181.1685,182.8371,180.8320,182.4981
2021-11-15,183.1274,185.0372,181.9476,183.8527
2021-11-16,183.4199,184.3715,181.9739,182.9229
2021-11-17,183.0844,183.6117,181.4357,181.9597
2021-11-18,182.8106,182.8392,182.5831,182.6117
2021-11-19,182.3179,182.7703,178.2331,178.6765
2021-11-22,178.3820,180.0875,177.7535,179.4553
2021-11-23,179.5396,180.7918,178.5925,179.8431
2021-11-24,180.3951,182.2490,179.0659,180.9160
2021-11-25,179.7494,181.0719,179.6738,180.9958
2021-11-26,181.1488,182.7736,180.0946,181.7160
2021-11-29,181.7734,183.3937,181.5196,183.1380
2021-11-30,184.3333,186.3363,182.8544,184.8532
2021-12-01,184.5509,186.8618,182.1493,184.4590
2021-12-02,185.1302,185.5958,182.8792,183.3403
2021-12-03,183.2766,184.7351,182.9816,184.4383
2021-12-06,184.0824,184.0958,182.5556,182.5689
2021-12-07,183.1475,183.7221,177.2187,177.7764
2021-12-08,179.2074,179.9708,178.8143,179.5769
2021-12-09,178.7174,179.3717,178.7015,179.3557
2021-12-10,179.1074,179.2100,177.4330,177.5347
2021-12-13,177.2013,177.4024,177.1741,177.3752
2021-12-14,177.8673,179.0660,173.3631,174.5394
2021-12-15,174.6448,176.6684,171.3476,173.3562
2021-12-16,172.9619,173.9409,172.2474,173.2254
2021-12-17,173.7680,176.2607,173.2568,175.7437
2021-12-20,175.3110,178.4798,174.3075,177.4639
2021-12-21,177.1313,179.2388,177.0175,179.1238
2021-12-22,178.9525,181.6056,177.6259,180.2692
2021-12-23,180.4260,182.7001,180.1758,182.4471
2021-12-24,182.5907,184.3785,182.4848,184.2716
2021-12-27,184.6070,187.9211,183.0546,186.3540
2021-12-28,186.8422,189.1396,185.1474,187.4394
2021-12-29,187.4083,187.6636,184.5251,184.7769
2021-12-30,184.6008,189.9645,183.0963,188.4287
2021-12-31,188.8161,190.1170,187.2393,188.5382
2022-01-03,187.6258,190.0612,187.5688,190.0035
2022-01-04,189.2549,190.5075,185.0217,186.2544
2022-01-05,186.0501,188.6574,183.1915,185.7953
2022-01-06,185.1340,186.3407,180.6855,181.8709
2022-01-07,181.7722,182.3269,181.5621,182.1163
2022-01-10,181.9182,183.1636,181.4053,182.6486
2022-01-11,182.6902,183.8983,176.9819,178.1600
2022-01-12,178.3918,178.5753,177.2440,177.4265
2022-01-13,176.8829,178.3264,176.5238,177.9651
2022-01-14,178.1457,182.4186,175.3605,179.6105
2022-01-17,179.8317,180.9214,177.9473,179.0322
2022-01-18,179.6642,181.4375,179.6332,181.4063
2022-01-19,181.1582,181.4040,179.8741,180.1184
2022-01-20,181.1119,181.8808,176.6575,177.4106
2022-01-21,177.4508,179.0519,173.4895,175.0691
2022-01-24,175.5553,176.1690,173.7529,174.3625
2022-01-25,173.9823,174.7338,168.3580,169.0885
2022-01-26,169.1139,170.9564,164.5792,166.3920
2022-01-27,166.7356,169.0448,166.1242,168.4272
2022-01-28,168.8545,170.0621,166.6943,167.8950
2022-01-31,167.8511,168.6677,164.4570,165.2610
2022-02-01,165.6318,166.7229,163.8586,164.9452
2022-02-02,165.5848,169.2040,163.4797,167.0798
2022-02-03,166.7438,169.7871,164.5279,167.5603
2022-02-04,168.4446,169.7463,166.5049,167.8016
2022-02-07,167.2875,170.4517,166.5347,169.6882
2022-02-08,168.9553,169.3024,166.4978,166.8406
2022-02-09,166.3311,169.6662,166.2339,169.5672
2022-02-10,169.2787,171.4168,167.8067,169.9391
2022-02-11,170.3603,171.0322,167.5288,168.1922
2022-02-14,168.5403,171.1584,164.2359,166.8273
2022-02-15,166.5791,168.8923,163.3981,165.6991
2022-02-16,166.1276,166.1921,164.8353,164.8993
2022-02-17,165.3975,167.0381,159.9096,161.5116
2022-02-18,161.6738,162.0354,160.8758,161.2365
2022-02-21,161.7008,163.7003,160.4728,162.4664
2022-02-22,162.7570,162.9997,161.0314,161.2718
2022-02-23,160.5789,161.7192,160.5466,161.6866
2022-02-24,162.3351,162.4964,161.6991,161.8599
2022-02-25,161.5160,161.7681,160.9339,161.1855
2022-02-28,160.3742,161.3775,158.0361,159.0310
2022-03-01,160.1403,161.0887,158.7378,159.6835
2022-03-02,160.2469,160.5054,156.9934,157.2471
2022-03-03,156.8111,157.9088,154.7746,155.8657
2022-03-04,155.8496,157.0931,151.8541,153.0754
2022-03-07,152.3322,153.9740,152.2024,153.8430
2022-03-08,153.4508,153.5575,150.7499,150.8547
2022-03-09,150.2253,150.6868,149.0373,149.4965
2022-03-10,149.0123,150.9542,148.6013,150.5390
2022-03-11,150.9026,151.7385,147.5156,148.3372
2022-03-14,148.3381,149.2153,147.7417,148.6178
2022-03-15,148.5763,148.6594,147.9263,148.0091
2022-03-16,147.9744,149.9744,146.7178,148.7115
2022-03-17,147.9732,148.7126,143.6121,144.3333
2022-03-18,144.2840,144.4449,143.1046,143.2644
2022-03-21,143.5773,147.4722,141.4054,145.2747
2022-03-22,145.4295,146.0497,143.4854,144.0998
2022-03-23,144.3752,145.4181,142.5203,143.5572
2022-03-24,143.4518,145.5867,143.3117,145.4447
2022-03-25,144.7329,145.6122,143.3287,144.2048
2022-03-28,143.4465,147.0986,143.2560,146.9035
2022-03-29,146.8311,148.5678,146.6768,148.4118
2022-03-30,148.1385,150.3300,147.3089,149.4928
2022-03-31,149.3754,149.4598,148.5050,148.5890
2022-04-01,148.3630,150.0763,147.9470,149.6568
2022-04-04,150.0652,150.4300,149.5839,149.9485
2022-04-05,150.3614,152.6588,146.9919,149.2727
2022-04-06,149.3788,149.4598,148.7934,148.8742
2022-04-07,148.4147,150.5271,147.6023,149.7076
2022-04-08,149.7491,151.7089,149.7365,151.6962
2022-04-11,151.6135,153.3112,150.3991,152.0930
2022-04-12,153.1733,154.3602,150.7899,151.9674
2022-04-13,152.5236,154.6593,149.0032,151.1192
2022-04-14,150.2153,150.8187,150.0046,150.6074
2022-04-15,150.8170,152.5847,148.4743,150.2351
2022-04-18,150.5185,150.8045,148.5658,148.8486
2022-04-19,149.4759,151.2065,145.3238,147.0259
2022-04-20,147.2596,147.8192,144.9636,145.5165
2022-04-21,144.8560,146.9351,144.2616,146.3347
2022-04-22,146.5448,146.7932,144.5762,144.8217
2022-04-25,144.4306,147.1681,142.5881,145.3144
2022-04-26,145.5442,147.4076,145.1554,147.0149
2022-04-27,147.2778,148.5198,145.0838,146.3177
2022-04-28,145.9298,147.4855,145.6053,147.1582
2022-04-29,147.3105,147.3401,145.2450,145.2742
2022-05-02,145.6748,147.0803,145.5770,146.9816
2022-05-03,146.6837,147.8992,145.5705,146.7851
2022-05-04,147.6250,150.7482,145.4864,148.5955
2022-05-05,147.9363,148.4487,146.3573,146.8659
2022-05-06,147.2099,147.4293,143.6863,143.9008
2022-05-09,143.6974,144.1634,141.0299,141.4888
2022-05-10,142.2894,142.5828,139.0737,139.3610
2022-05-11,139.8318,140.8313,138.5043,139.5014
2022-05-12,140.1056,141.0938,139.8691,140.8560
2022-05-13,140.7753,141.2356,139.9245,140.3835
2022-05-16,140.3790,141.2875,138.6198,139.5227
2022-05-17,139.7293,140.8813,138.8932,140.0433
2022-05-18,140.5942,141.0369,138.2333,138.6699
2022-05-19,138.9413,139.4163,138.4939,138.9689
2022-05-20,139.3570,139.6631,138.7829,139.0885
2022-05-23,139.8247,140.5568,136.2118,136.9287
2022-05-24,136.3616,137.7926,135.1833,136.6121
2022-05-25,136.5535,140.1301,134.3041,137.8592
2022-05-26,137.1268,138.9822,136.6372,138.4878
2022-05-27,137.8318,138.2762,136.1991,136.6397
2022-05-30,136.4903,139.4394,135.3073,138.2412
2022-05-31,138.4292,140.2343,137.7237,139.5233
2022-06-01,139.4165,139.9110,138.8547,139.3490
2022-06-02,139.6030,139.8394,138.6967,138.9319
2022-06-03,138.6875,139.3193,136.2393,136.8627
2022-06-06,137.2410,138.0119,136.2455,137.0152
2022-06-07,137.6595,137.7066,135.4883,135.5347
2022-06-08,135.4329,137.8128,133.3772,135.7522
2022-06-09,136.1726,137.3500,135.8006,136.9757
2022-06-10,137.4952,137.5818,135.8759,135.9616
2022-06-13,136.2699,136.3774,133.6662,133.7717
2022-06-14,133.3931,133.6914,133.2393,133.5374
2022-06-15,134.0162,134.9864,131.1582,132.1146
2022-06-16,131.6907,132.1986,128.2716,128.7682
2022-06-17,128.9777,129.4227,128.6237,129.0685
2022-06-20,128.6091,129.4503,128.3965,129.2366
2022-06-21,129.1100,129.8406,128.7437,129.4733
2022-06-22,129.3684,130.7442,129.1938,130.5680
2022-06-23,130.5205,131.7827,127.6638,128.9104
2022-06-24,129.2592,129.6476,128.1055,128.4916
2022-06-27,128.4533,129.4205,128.1063,129.0718
2022-06-28,129.2947,129.6653,129.1020,129.4723
2022-06-29,129.0728,129.6642,126.9243,127.5085
2022-06-30,127.0262,129.3631,125.4071,127.7350
2022-07-01,127.6512,130.3654,126.6160,129.3167
2022-07-04,128.8181,129.8385,127.8913,128.9111
2022-07-05,129.1087,129.4749,127.6911,128.0543
2022-07-06,128.0093,129.0659,126.4257,127.4779
2022-07-07,127.6363,127.6462,126.8731,126.8829
2022-07-08,127.0135,128.4069,126.8131,128.2046
2022-07-11,128.8529,129.3565,128.6640,129.1671
2022-07-12,128.6209,130.5507,127.4021,129.3253
2022-07-13,128.9322,133.9596,127.9061,132.9018
2022-07-14,132.8239,133.0681,132.1864,132.4298
2022-07-15,132.5874,134.0359,130.3505,131.7903
2022-07-18,131.9147,132.2128,131.8189,132.1168
2022-07-19,131.8477,134.4199,131.2404,133.8036
2022-07-20,133.3806,133.5198,131.9102,132.0480
2022-07-21,131.5247,135.1021,130.7247,134.2853
2022-07-22,134.6090,135.7223,133.8137,134.9251
2022-07-25,135.0806,135.5582,134.2389,134.7151
2022-07-26,134.4106,134.6475,132.4907,132.7246
2022-07-27,132.5410,135.2260,132.0225,134.6990
2022-07-28,134.4242,137.1681,133.8768,136.6118
2022-07-29,136.8476,137.9549,135.8202,136.9269
2022-08-01,137.7084,138.2459,136.8398,137.3760
2022-08-02,137.5606,137.5971,137.0603,137.0967
2022-08-03,136.5385,138.1593,134.6293,136.2467
2022-08-04,136.1143,136.6651,134.8856,135.4336
2022-08-05,135.3264,136.4734,135.1450,136.2906
2022-08-08,135.8270,136.5373,135.3194,136.0289
2022-08-09,136.3169,136.6426,132.7016,133.0194
2022-08-10,133.3313,134.3968,131.2059,132.2629
2022-08-11,132.1067,132.3328,130.3111,130.5345
2022-08-12,130.9401,131.2070,130.5239,130.7906
2022-08-15,130.4545,131.6332,128.1656,129.3342
2022-08-16,129.8462,130.3587,128.4947,129.0038
2022-08-17,128.5707,130.3998,127.6620,129.4847
2022-08-18,129.3618,129.8484,129.2325,129.7188
2022-08-19,130.3916,131.0520,128.8483,129.5041
2022-08-22,129.1654,130.1862,128.7301,129.7489
2022-08-23,129.6497,133.1970,128.3044,131.8291
2022-08-24,131.7406,132.8671,131.2387,132.3628
2022-08-25,132.5828,134.9140,132.5467,134.8772
2022-08-26,134.7103,138.2222,133.9816,137.4784
2022-08-29,137.9413,139.1880,135.6725,136.9099
2022-08-30,136.9481,137.8064,136.3246,137.1819
2022-08-31,137.1367,138.1322,135.8647,136.8581
2022-09-01,136.1151,136.8088,134.3821,135.0705
2022-09-02,134.8601,136.2919,132.3041,133.7238
2022-09-05,133.2173,133.6697,132.4774,132.9288
2022-09-06,133.4646,135.3049,133.3901,135.2294
2022-09-07,135.1720,135.3759,134.4653,134.6685
2022-09-08,134.7088,136.2333,133.6371,135.1580
2022-09-09,135.4872,136.8942,134.7104,136.1139
2022-09-12,135.7036,137.1345,133.6257,135.0498
2022-09-13,135.6149,136.2749,132.2439,132.8907
2022-09-14,133.1954,134.4107,130.8607,132.0657
2022-09-15,132.3459,132.7057,131.4756,131.8340
2022-09-16,131.6794,131.7152,130.3604,130.3958
2022-09-19,130.0836,131.2725,129.1547,130.3418
2022-09-20,129.9651,131.4415,128.9111,130.3841
2022-09-21,130.2989,130.9896,129.4911,130.1812
2022-09-22,130.1399,131.7178,129.6887,131.2628
2022-09-23,131.1475,131.6357,129.0401,129.5222
2022-09-26,129.8797,130.8974,125.1955,126.1843
2022-09-27,125.5116,128.6398,123.3921,126.5035
2022-09-28,127.1539,127.9313,123.7913,124.5528
2022-09-29,124.0631,124.6237,123.6959,124.2558
2022-09-30,124.0477,126.9865,123.4586,126.3862
2022-10-03,126.2993,126.6790,125.5959,125.9747
2022-10-04,126.4126,127.7894,125.7663,127.1393
2022-10-05,127.1805,129.9758,126.5270,129.3114
2022-10-06,128.6717,130.1165,128.3204,129.7622
2022-10-07,129.9854,134.3656,129.4036,133.7669
2022-10-10,134.0964,136.0718,134.0945,136.0700
2022-10-11,136.4854,139.9057,135.0093,138.4088
2022-10-12,138.5073,138.6280,138.3567,138.4774
2022-10-13,138.7530,140.1715,136.0395,137.4446
2022-10-14,137.8850,139.6718,133.5317,135.2848
2022-10-17,134.8890,135.6733,132.8313,133.6081
2022-10-18,133.2773,134.9824,132.5940,134.2940
2022-10-19,134.6884,135.7308,132.7062,133.7413
2022-10-20,133.1801,136.2826,132.1423,135.2288
2022-10-21,135.4393,137.3579,131.5416,133.4318
2022-10-24,133.5512,134.0178,133.0265,133.4929
2022-10-25,133.9571,134.7249,132.8413,133.6071
2022-10-26,133.5709,134.0837,132.9434,133.4557
2022-10-27,133.5749,135.5018,132.8678,134.7883
2022-10-28,135.2456,135.4429,132.9789,133.1731
2022-10-31,133.0878,134.7244,131.0922,132.7244
2022-11-01,132.6354,133.4393,132.6104,133.4141
2022-11-02,133.2858,135.2754,133.0676,135.0542
2022-11-03,133.8069,136.4074,132.6598,135.2480
2022-11-04,134.7327,136.7327,133.4176,135.4110
2022-11-07,135.6514,138.0887,135.3136,137.7457
2022-11-08,137.0339,141.6989,135.2625,139.8906
2022-11-09,138.9777,139.5791,138.6941,139.2949
2022-11-10,139.3090,139.6537,138.4620,138.8055
2022-11-11,138.9023,139.6951,138.7207,139.5127
2022-11-14,139.7735,140.4020,136.5809,137.1978
2022-11-15,137.4578,138.7773,137.3869,138.7057
2022-11-16,138.8342,139.4465,137.0437,137.6508
2022-11-17,138.1164,140.2256,137.3610,139.4629
2022-11-18,139.2816,139.5823,138.5652,138.8650
2022-11-21,138.8106,139.8089,136.9958,137.9881
2022-11-22,139.0310,140.4627,134.8089,136.2116
2022-11-23,135.0259,137.6891,134.6061,137.2624
2022-11-24,137.0698,138.4789,136.1687,137.5745
2022-11-25,137.9849,138.1615,135.2391,135.4124
2022-11-28,135.7815,136.2437,134.7751,135.2354
2022-11-29,134.8762,135.2974,132.4193,132.8342
2022-11-30,132.9819,133.6174,129.5623,130.1844
2022-12-01,130.5079,132.0692,128.6325,130.1900
2022-12-02,130.2290,130.7902,129.3840,129.9439
2022-12-05,129.7839,130.0931,127.6307,127.9355
2022-12-06,128.4331,128.4341,127.8690,127.8700
2022-12-07,128.2481,128.8542,126.5061,127.1068
2022-12-08,126.7456,129.1136,126.4519,128.8151
2022-12-09,128.6536,129.4589,125.5700,126.3609
2022-12-12,127.3101,127.7086,126.4683,126.8654
2022-12-13,126.7682,128.6205,126.7053,128.5567
2022-12-14,128.6132,129.1590,128.0299,128.5756
2022-12-15,128.8025,130.0874,127.4204,128.7043
2022-12-16,128.6483,128.8809,128.0626,128.2946
2022-12-19,128.6054,129.0155,125.6307,126.0326
2022-12-20,125.4507,126.8087,124.9881,126.3428
2022-12-21,126.4547,127.3801,124.9256,125.8465
2022-12-22,125.8880,127.2465,124.7939,126.1500
2022-12-23,125.7576,126.1751,124.3142,124.7283
2022-12-26,124.4366,124.6514,123.8593,124.0735
2022-12-27,124.3638,125.0318,123.6509,124.3186
2022-12-28,124.2168,124.8382,120.4773,121.0829
2022-12-29,120.7321,121.6753,119.9996,120.9415
2022-12-30,120.3616,120.6865,119.1131,119.4356
2023-01-02,119.7094,120.4752,119.3738,120.1384
2023-01-03,120.1149,122.9033,119.9816,122.7671
2023-01-04,122.6161,123.1695,121.3392,121.8892
2023-01-05,122.0035,123.0353,121.7390,122.7691
2023-01-06,122.7785,126.0341,122.1812,125.4240
2023-01-09,125.5336,128.0120,124.4452,126.9117
2023-01-10,126.8609,127.1339,125.8801,126.1516
2023-01-11,126.0212,127.8137,124.6133,126.4016
2023-01-12,125.6868,128.3578,124.8825,127.5416
2023-01-13,127.0209,129.7760,126.6425,129.3905
2023-01-16,129.3183,129.5167,128.1787,128.3756
2023-01-17,128.3573,129.5343,127.4404,128.6156
2023-01-18,129.0509,130.1426,128.9240,130.0148
2023-01-19,129.7487,132.8419,128.0084,131.0837
2023-01-20,130.6213,131.2895,130.4396,131.1071
2023-01-23,131.3360,132.1216,128.1651,128.9364
2023-01-24,129.1200,130.0647,128.9952,129.9391
2023-01-25,129.8994,130.4768,126.5537,127.1187
2023-01-26,126.7210,127.9278,125.6014,126.8074
2023-01-27,126.9066,127.7923,125.0004,125.8789
2023-01-30,126.0947,126.6544,125.1123,125.6701
2023-01-31,125.8027,126.3767,124.1359,124.7049
2023-02-01,124.3241,124.6914,122.8547,123.2187
2023-02-02,123.6105,123.8047,122.3131,122.5055
2023-02-03,122.6367,123.2267,122.3323,122.9216
2023-02-06,122.9909,124.5819,122.9296,124.5198
2023-02-07,124.4479,127.2627,123.9626,126.7683
2023-02-08,126.8058,127.0076,126.0271,126.2280
2023-02-09,125.4692,126.4127,123.5594,124.4956
2023-02-10,124.8218,126.3279,121.3597,122.8420
2023-02-13,122.9494,123.6568,120.3478,121.0441
2023-02-14,121.6673,122.2833,120.1557,120.7672
2023-02-15,120.4157,122.6154,119.9750,122.1683
2023-02-16,121.9307,123.1868,121.6486,122.9024
2023-02-17,122.6906,123.0384,122.4615,122.8090
2023-02-20,122.6825,123.4904,121.6299,122.4362
2023-02-21,122.8711,124.4939,121.9089,123.5266
2023-02-22,124.0176,125.6298,123.2057,124.8127
2023-02-23,125.3099,125.8865,124.8010,125.3773
2023-02-24,125.2286,127.3069,123.8862,125.9567
2023-02-27,125.9151,128.6727,124.4914,127.2342
2023-02-28,127.8033,128.8175,125.7236,126.7292
2023-03-01,127.1170,127.2981,125.1722,125.3508
2023-03-02,125.5997,125.8142,125.2963,125.5106
2023-03-03,125.4629,127.1213,124.2707,125.9248
2023-03-06,126.0833,127.3707,120.3499,121.5916
2023-03-07,121.5406,121.7174,118.0936,118.2656
2023-03-08,118.1358,120.2495,117.2957,119.4004
2023-03-09,119.2328,122.1084,118.7947,121.6613
2023-03-10,121.9480,122.9152,120.9190,121.8856
2023-03-13,121.5550,122.3987,121.2646,122.1070
2023-03-14,121.4598,123.9067,120.1658,122.6006
2023-03-15,123.1478,123.3071,121.4399,121.5972
2023-03-16,121.9601,122.9632,121.7963,122.7982
2023-03-17,122.3965,125.2555,121.7869,124.6348
2023-03-20,125.3405,126.4441,123.9989,125.1004
2023-03-21,125.1126,128.2952,124.8484,128.0248
2023-03-22,127.9670,129.6781,127.0950,128.8004
2023-03-23,128.5456,129.4363,128.0289,128.9181
2023-03-24,129.0652,129.0840,128.3628,128.3815
2023-03-27,128.5412,129.3901,127.6548,128.5034
2023-03-28,128.9510,129.7203,127.0990,127.8618
2023-03-29,128.3456,129.0406,126.1849,126.8719
2023-03-30,127.0793,128.3436,124.1877,125.4357
2023-03-31,125.9304,126.2822,123.5823,123.9286
2023-04-03,124.4556,124.4998,123.4615,123.5054
2023-04-04,123.5108,124.7301,123.4246,124.6430
2023-04-05,124.0753,125.0183,122.0020,122.9364
2023-04-06,123.2065,123.7783,122.2318,122.8017
2023-04-07,122.8549,124.4918,120.1647,121.7873
2023-04-10,121.7174,123.1714,121.2468,122.6971
2023-04-11,122.3329,124.3599,121.6476,123.6671
2023-04-12,123.5476,124.8989,122.9765,124.3243
2023-04-13,123.8020,125.8138,123.7560,125.7670
2023-04-14,126.2800,127.4237,124.5907,125.7294
2023-04-17,126.0590,127.2087,122.2960,123.4217
2023-04-18,123.7545,124.6370,121.9314,122.8072
2023-04-19,122.9586,123.6095,120.5320,121.1734
2023-04-20,121.1919,121.5434,119.6999,120.0481
2023-04-21,120.1366,121.2069,116.7304,117.7798
2023-04-24,117.5274,117.7481,117.3063,117.5270
2023-04-25,117.3890,118.8625,116.6696,118.1385
2023-04-26,118.8352,119.4546,117.0313,117.6446
2023-04-27,118.0581,119.5444,117.9283,119.4131
2023-04-28,119.8675,120.4998,118.8128,119.4429
2023-05-01,119.4243,119.6347,119.2577,119.4680
2023-05-02,119.1911,119.8788,119.1294,119.8168
2023-05-03,119.8877,120.0816,118.5721,118.7642
2023-05-04,118.8675,121.0147,118.8284,120.9750
2023-05-05,121.4828,122.1626,120.2211,120.8976
2023-05-08,121.0091,122.0238,119.5754,120.5865
2023-05-09,120.7876,121.7292,119.0491,119.9845
2023-05-10,120.5763,121.9996,117.9813,119.3906
2023-05-11,119.0286,120.6502,117.7875,119.4051
2023-05-12,119.6565,122.6447,117.7998,120.7707
2023-05-15,120.3501,121.0582,120.2186,120.9261
2023-05-16,120.3485,121.8197,117.7539,119.2111
2023-05-17,119.3289,120.9558,118.1978,119.8200
2023-05-18,119.7851,120.5643,119.2827,120.0608
2023-05-19,119.7438,122.8363,118.9522,122.0295
2023-05-22,122.1078,123.9393,121.2593,123.0840
2023-05-23,123.5195,123.8534,122.5870,122.9193
2023-05-24,123.6994,123.7135,122.2675,122.2815
2023-05-25,122.2358,123.3943,121.4774,122.6335
2023-05-26,122.3291,122.6274,121.2413,121.5376
2023-05-29,121.5973,124.0313,120.8359,123.2594
2023-05-30,123.3554,123.4396,120.1397,120.2217
2023-05-31,120.0264,120.1031,119.4740,119.5503
2023-06-01,119.2704,120.5452,117.5961,118.8666
2023-06-02,118.8374,120.0826,118.8368,120.0820
2023-06-05,120.0940,121.2237,119.3657,120.4930
2023-06-06,120.0451,120.3228,117.1345,117.4061
2023-06-07,117.4713,118.5411,116.6647,117.7327
2023-06-08,117.8636,118.4104,117.2417,117.7882
2023-06-09,117.7426,120.1346,117.3705,119.7561
2023-06-12,119.9895,120.7800,118.2834,119.0677
2023-06-13,118.7999,118.8383,118.4437,118.4820
2023-06-14,118.1269,118.6886,116.3898,116.9459
2023-06-15,117.3102,117.9716,116.4439,117.1041
2023-06-16,117.3411,118.9112,115.1933,116.7556
2023-06-19,117.0489,117.7181,113.8525,114.5071
2023-06-20,114.1675,118.1397,112.7296,116.6704
2023-06-21,116.7989,117.6174,113.5807,114.3823
2023-06-22,114.2859,115.6439,111.5242,112.8653
2023-06-23,112.6682,113.4907,112.5225,113.3441
2023-06-26,113.2719,114.8135,112.9177,114.4556
2023-06-27,114.3364,115.6105,113.7453,115.0159
2023-06-28,114.7532,115.5127,114.4946,115.2530
2023-06-29,114.9271,115.3874,113.5309,113.9874
2023-06-30,114.1196,114.7290,112.2531,112.8557
2023-07-03,112.7129,114.8685,111.7457,113.8912
2023-07-04,114.1686,114.2912,113.4895,113.6114
2023-07-05,113.3225,115.9091,113.0007,115.5809
2023-07-06,116.0433,117.2822,114.9046,116.1425
2023-07-07,116.2238,118.3922,114.9141,117.0729
2023-07-10,116.5223,116.7632,114.3952,114.6322
2023-07-11,114.3558,115.2378,113.8734,114.7537
2023-07-12,115.1383,115.4718,113.6456,113.9758
2023-07-13,114.0823,114.7132,111.9853,112.6081
2023-07-14,112.9301,114.0145,111.0083,112.0846
2023-07-17,111.8349,112.6006,109.3612,110.1152
2023-07-18,110.3042,110.6386,110.0528,110.3869
2023-07-19,110.5396,110.7886,109.4170,109.6640
2023-07-20,109.6692,111.1377,108.4260,109.8920
2023-07-21,110.1062,111.0266,108.1615,109.0733
2023-07-24,108.5079,110.9090,108.4015,110.8002
2023-07-25,110.8748,111.9404,110.3258,111.3889
2023-07-26,110.7178,112.7176,109.5752,111.5662
2023-07-27,111.7318,111.7339,110.8645,110.8666
2023-07-28,110.7705,111.7780,108.9892,109.9895
2023-07-31,110.2777,110.6570,109.0924,109.4689
2023-08-01,109.4743,109.9521,108.8906,109.3679
2023-08-02,109.9681,110.3866,108.8303,109.2461
2023-08-03,108.9602,110.2504,108.4654,109.7521
2023-08-04,109.3910,109.8105,108.2592,108.6761
2023-08-07,108.5158,109.1799,108.3081,108.9713
2023-08-08,108.9542,109.6147,108.7102,109.3698
2023-08-09,109.0376,110.1126,107.2937,108.3620
2023-08-10,108.8216,109.3625,106.6126,107.1452
2023-08-11,107.1003,107.2574,106.1714,106.3274
2023-08-14,106.1686,106.7970,105.3119,105.9390
2023-08-15,105.7800,109.2830,105.1905,108.6773
2023-08-16,108.8690,110.3971,108.3686,109.8920
2023-08-17,109.8106,112.1276,108.8242,111.1294
2023-08-18,111.5175,112.3125,110.1460,110.9368
2023-08-21,111.0529,111.5856,109.4652,109.9928
2023-08-22,110.1138,110.4453,107.9646,108.2906
2023-08-23,108.6301,110.1146,107.5636,109.0440
2023-08-24,109.5326,111.4267,109.5171,111.4110
2023-08-25,111.0861,113.5612,109.5678,112.0299
2023-08-28,112.5361,112.9783,111.5491,111.9891
2023-08-29,111.7578,112.2561,108.9505,109.4385
2023-08-30,109.3978,112.0390,108.8539,111.4848
2023-08-31,111.4582,112.6775,108.4449,109.6444
2023-09-01,109.8238,111.1688,108.7080,110.0507
2023-09-04,110.3290,110.4417,109.5119,109.6239
2023-09-05,109.3128,109.5617,107.9699,108.2164
2023-09-06,107.7166,108.3511,107.5578,108.1916
2023-09-07,107.9429,108.1776,107.9085,108.1432
2023-09-08,108.2122,111.4876,107.3245,110.5805
2023-09-11,111.0506,113.8048,109.3453,112.0837
2023-09-12,111.9929,113.1208,111.3797,112.5049
2023-09-13,112.2196,113.6296,112.0035,113.4112
2023-09-14,112.7474,113.4567,110.8809,111.5828
2023-09-15,111.1054,111.9188,110.3994,111.2121
2023-09-18,111.0109,112.0911,110.3130,111.3909
2023-09-19,111.5454,114.6921,110.1983,113.3234
2023-09-20,113.5774,113.7796,112.4723,112.6728
2023-09-21,112.9554,113.7363,112.8979,113.6784
2023-09-22,114.4888,114.7127,113.4804,113.7028
2023-09-25,113.6876,114.5527,112.9795,113.8436
2023-09-26,113.5261,115.7809,112.1184,114.3628
2023-09-27,114.3797,116.4109,113.6162,115.6390
2023-09-28,115.4719,117.0340,114.7903,116.3473
2023-09-29,115.6966,117.5848,115.4373,117.3219
2023-10-02,117.4735,117.6516,114.8090,114.9833
2023-10-03,114.4484,116.1032,113.7886,115.4377
2023-10-04,115.3788,115.4686,114.0058,114.0946
2023-10-05,114.0219,116.1851,113.2612,115.4151
2023-10-06,115.3430,115.6025,113.9222,114.1790
2023-10-09,114.4942,114.7363,113.1559,113.3958
2023-10-10,113.1624,113.5031,112.6506,112.9907
2023-10-11,113.1793,113.4137,113.1352,113.3695
2023-10-12,113.4165,114.6059,111.8946,113.0805
2023-10-13,112.6548,112.9445,111.7611,112.0493
2023-10-16,112.1385,112.3085,111.7451,111.9148
2023-10-17,111.9361,112.2967,111.0097,111.3685
2023-10-18,111.3502,112.6702,110.1956,111.5139
2023-10-19,111.6259,113.5441,111.0991,113.0108
2023-10-20,113.4276,113.7579,112.3764,112.7045
2023-10-23,112.5459,113.4043,112.1175,112.9743
2023-10-24,112.3680,115.1313,111.2063,113.9533
2023-10-25,114.0784,114.5644,112.8300,113.3127
2023-10-26,113.4463,114.5761,110.8764,111.9917
2023-10-27,112.0601,114.1013,111.9808,114.0205
2023-10-30,113.8006,114.3649,113.1364,113.7002
2023-10-31,113.4447,114.6280,112.8856,114.0658
2023-11-01,113.9738,114.2887,110.9023,111.2096
2023-11-02,111.0225,111.5945,110.9748,111.5466
2023-11-03,111.5494,112.6277,110.5868,111.6640
2023-11-06,112.2365,112.2962,110.2656,110.3243
2023-11-07,109.9431,111.5488,109.7537,111.3569
2023-11-08,111.5083,113.6826,110.9302,113.0962
2023-11-09,113.6847,114.3548,111.7793,112.4421
2023-11-10,112.0880,114.3705,111.2855,113.5575
2023-11-13,113.4226,113.7700,112.0811,112.4255
2023-11-14,112.4640,115.2346,111.7672,114.5251
2023-11-15,114.9391,115.0009,114.7283,114.7900
2023-11-16,115.0254,116.5792,112.8690,114.4145
2023-11-17,114.4930,115.7591,114.4461,115.7117
2023-11-20,115.6854,116.0333,114.9845,115.3314
2023-11-21,115.9519,116.2947,114.4770,114.8164
2023-11-22,114.5789,115.4657,112.3245,113.2006
2023-11-23,113.9374,114.2841,113.3202,113.6660
2023-11-24,113.6081,114.6125,113.3954,114.3984
2023-11-27,114.4496,117.6628,113.0463,116.2375
2023-11-28,116.6244,118.1593,116.3912,117.9236
2023-11-29,118.6660,119.0767,116.1697,116.5732
2023-11-30,116.3106,119.2867,115.4005,118.3606
2023-12-01,118.2996,118.5664,115.9417,116.2038
2023-12-04,116.3852,117.7035,115.4586,116.7738
2023-12-05,116.3339,117.7702,114.6801,116.1136
2023-12-06,116.5358,116.8360,116.2083,116.5083
2023-12-07,116.4807,117.4704,115.7096,116.6979
2023-12-08,116.1909,116.4837,115.5798,115.8717
2023-12-11,116.1285,117.9714,115.8175,117.6562
2023-12-12,118.2898,118.7183,116.2365,116.6591
2023-12-13,117.3678,119.3561,116.6512,118.6318
2023-12-14,118.4746,121.9027,118.2485,121.6705
2023-12-15,121.3037,124.7277,120.8132,124.2254
2023-12-18,124.1960,124.5269,122.5360,122.8633
2023-12-19,122.3403,122.4142,121.8795,121.9531
2023-12-20,122.1194,123.2674,120.9223,122.0699
2023-12-21,122.5673,124.3626,122.1150,123.9053
2023-12-22,123.2597,124.5831,123.0771,124.3989
2023-12-25,124.6583,126.3400,124.3166,125.9946
2023-12-26,125.6541,125.8482,124.0075,124.1994
2023-12-27,125.0199,125.3561,122.8948,123.2262
2023-12-28,123.6664,124.3402,123.3351,124.0081
2023-12-29,123.8944,124.5974,123.4332,124.1353
2024-01-01,123.9442,125.5707,123.7337,125.3578
2024-01-02,125.3990,125.6857,125.0857,125.3723
2024-01-03,125.3352,127.3457,124.3167,126.3192
2024-01-04,126.7161,128.5513,125.7501,127.5788
2024-01-05,127.3479,128.2530,123.9507,124.8379
2024-01-08,125.4411,128.1740,124.8154,127.5378
2024-01-09,127.3556,128.6373,126.7191,127.9976
2024-01-10,127.4867,129.6849,127.0332,129.2253
2024-01-11,128.7307,130.1577,128.2504,129.6739
2024-01-12,129.7899,129.8081,129.6385,129.6567
2024-01-15,130.1594,130.8392,129.9402,130.6192
2024-01-16,130.4744,132.5056,130.2426,132.2706
2024-01-17,132.1403,134.9288,130.5254,133.2998
2024-01-18,132.6186,132.6301,131.9139,131.9254
2024-01-19,132.2071,132.7048,130.3690,130.8616
2024-01-22,130.2368,130.3530,129.7335,129.8494
2024-01-23,130.1460,133.4063,128.2599,131.5006
2024-01-24,131.6331,133.8159,130.2676,132.4420
2024-01-25,132.3419,132.9187,129.7874,130.3555
2024-01-26,130.7338,131.4992,128.1693,128.9242
2024-01-29,129.1119,129.9636,128.6346,129.4848
2024-01-30,129.4458,130.0308,127.4687,128.0475
2024-01-31,128.3828,129.7181,128.2404,129.5744
2024-02-01,129.8921,130.2746,128.3166,128.6955
2024-02-02,129.0615,129.6620,127.3321,127.9273
2024-02-05,127.6782,127.8634,127.0383,127.2229
2024-02-06,127.2712,127.3079,125.0191,125.0552
2024-02-07,124.8622,126.2560,123.4272,124.8205
2024-02-08,124.7135,124.8465,124.7078,124.8407
2024-02-09,125.2623,125.3841,124.2467,124.3677
2024-02-12,124.2299,124.9984,123.8433,124.6105
2024-02-13,124.3543,125.8936,123.9426,125.4782
2024-02-14,126.1850,126.4597,125.8547,126.1292
2024-02-15,125.8723,125.9038,124.2401,124.2711
2024-02-16,124.7823,124.8377,123.3672,123.4220
2024-02-19,123.4736,123.7662,123.4628,123.7554
2024-02-20,123.4573,123.6478,121.4472,121.6348
2024-02-21,122.1931,123.4201,120.8935,122.1197
2024-02-22,121.7738,123.2777,121.2483,122.7480
2024-02-23,122.8740,123.7430,119.9625,120.8169
2024-02-26,120.4642,122.1414,119.8540,121.5259
2024-02-27,121.5433,121.5857,120.6967,120.7387
2024-02-28,120.7152,120.9347,118.8080,119.0244
2024-02-29,119.4063,119.7185,119.1739,119.4860
2024-03-01,120.2197,120.8948,117.4945,118.1580
2024-03-04,118.1682,118.3408,118.0054,118.1779
2024-03-05,118.2094,119.7419,117.9322,119.4617
2024-03-06,119.6288,121.5505,119.0595,120.9747
2024-03-07,121.0199,121.6633,119.8806,120.5213
2024-03-08,120.8112,122.2506,116.6986,118.1058
2024-03-11,117.5680,119.7166,116.0369,118.1775
2024-03-12,118.0039,119.8277,117.5236,119.3421
2024-03-13,118.8958,120.7599,117.8181,119.6751
2024-03-14,120.0971,120.6140,117.4202,117.9278
2024-03-15,118.1013,118.2165,115.6408,115.7536
2024-03-18,115.7120,116.7063,115.3059,116.2982
2024-03-19,115.9257,116.8709,112.5736,113.4989
2024-03-20,113.8249,114.4096,112.2394,112.8190
2024-03-21,113.4098,113.6691,112.9449,113.2037
2024-03-22,112.6911,114.0455,112.1709,113.5214
2024-03-25,113.7962,113.8732,113.6395,113.7165
2024-03-26,113.3425,114.6520,112.8193,114.1253
2024-03-27,113.8470,115.1619,113.5671,114.8794
2024-03-28,114.3540,115.9221,111.6856,113.2385
2024-03-29,113.3201,113.6040,113.2392,113.5230
2024-04-01,113.5816,113.6135,113.0974,113.1291
2024-04-02,113.4502,113.7226,111.1789,111.4464
2024-04-03,111.3568,111.4989,111.0945,111.2364
2024-04-04,110.8859,111.2269,110.8786,111.2195
2024-04-05,111.1772,111.5661,111.1535,111.5423
2024-04-08,112.2043,113.4667,111.1610,112.4214
2024-04-09,112.0221,112.9244,111.7989,112.6998
2024-04-10,111.8374,114.9212,111.1431,114.2121
2024-04-11,113.5576,114.2978,113.3895,114.1289
2024-04-12,114.2580,114.6261,113.6801,114.0476
2024-04-15,113.7466,115.6610,113.3540,115.2632
2024-04-16,115.2310,117.2513,113.5826,115.5977
2024-04-17,115.2452,119.0938,113.8365,117.6556
2024-04-18,117.9006,118.3214,117.0028,117.4219
2024-04-19,116.9537,120.6435,116.0766,119.7455
2024-04-22,119.9054,120.2973,119.3047,119.6959
2024-04-23,119.6630,121.6396,116.6119,118.5704
2024-04-24,118.2891,118.6947,117.1264,117.5294
2024-04-25,116.9592,118.9203,116.3816,118.3359
2024-04-26,118.3305,121.5524,117.1072,120.3086
2024-04-29,120.2438,121.3545,119.4537,120.5624
2024-04-30,120.4443,121.7639,119.9955,121.3119
2024-05-01,121.5102,122.1810,121.0252,121.6953
2024-05-02,121.2915,121.9651,121.2174,121.8907
2024-05-03,121.8763,124.1219,120.9726,123.2084
2024-05-06,123.5364,126.0017,122.8889,125.3447
2024-05-07,125.6865,130.2011,124.4274,128.9097
2024-05-08,128.7397,129.6017,127.4002,128.2590
2024-05-09,128.5390,129.1134,126.9186,127.4883
2024-05-10,127.3415,129.2209,126.5926,128.4654
2024-05-13,128.1749,130.1481,127.5583,129.5250
2024-05-14,129.5510,131.6938,126.3812,128.5067
2024-05-15,128.8194,129.0888,124.8964,125.1581
2024-05-16,125.0525,125.2791,122.2950,122.5171
2024-05-17,122.6535,122.9129,120.7747,121.0307
2024-05-20,120.8606,121.1107,120.3001,120.5495
2024-05-21,120.6287,121.6722,119.1766,120.2165
2024-05-22,120.9726,121.5758,119.9236,120.5245
2024-05-23,120.6097,121.6999,120.0213,121.1090
2024-05-24,120.6209,121.3733,120.5642,121.3163
2024-05-27,121.3125,122.1148,119.8316,120.6293
2024-05-28,120.5551,124.5189,119.3307,123.2670
2024-05-29,123.2173,124.0908,122.9705,123.8427
2024-05-30,123.5941,125.8565,123.0803,125.3355
2024-05-31,125.2511,125.2835,125.0993,125.1317
2024-06-03,125.6737,126.9565,123.4129,124.6856
2024-06-04,124.5830,125.1969,123.8979,124.5114
2024-06-05,124.6896,124.9405,124.4456,124.6965
2024-06-06,124.4367,127.0567,123.3639,125.9707
2024-06-07,126.4469,127.0025,126.0940,126.6490
2024-06-10,126.8167,126.8280,125.5922,125.6034
2024-06-11,125.9284,126.9048,123.2104,124.1731
2024-06-12,124.2115,125.4051,123.0796,124.2726
2024-06-13,123.9931,125.8988,122.5153,124.4159
2024-06-14,124.4291,124.9525,123.1982,123.7186
2024-06-17,123.2911,124.2806,121.4679,122.4506
2024-06-18,122.4974,124.2244,121.5658,123.2867
2024-06-19,123.3826,125.8105,122.7322,125.1508
2024-06-20,124.4793,126.5917,124.1186,126.2259
2024-06-21,126.5180,126.6130,125.7770,125.8715
2024-06-24,125.8777,127.6885,125.4056,127.2114
2024-06-25,126.7008,128.3077,125.3981,127.0019
2024-06-26,127.2720,128.1587,126.9669,127.8522
2024-06-27,127.9265,129.1497,124.9900,126.1967
2024-06-28,126.3803,127.4120,126.0120,127.0418
2024-07-01,127.2587,127.4628,127.0801,127.2841
2024-07-02,127.2519,127.7361,123.3090,123.7800
2024-07-03,124.7112,125.1388,123.4511,123.8758
2024-07-04,123.7087,123.7636,123.1299,123.1846
2024-07-05,123.2450,124.1603,122.4320,123.3466
2024-07-08,123.2501,124.2473,123.1111,124.1074
2024-07-09,123.6310,125.6120,122.4598,124.4333
2024-07-10,124.4886,126.1794,124.4102,126.1000
2024-07-11,125.8120,126.5650,123.6011,124.3453
2024-07-12,124.7699,126.2067,124.1726,125.6053
2024-07-15,125.6361,127.2731,125.3052,126.9387
2024-07-16,126.8815,127.0234,126.3068,126.4481
2024-07-17,126.2450,127.1258,125.5267,126.4065
2024-07-18,126.2421,127.1951,125.6257,126.5769
2024-07-19,126.0851,127.0728,124.5940,125.5777
2024-07-22,125.3095,127.2258,125.1677,127.0819
2024-07-23,127.8906,129.0761,125.4403,126.6140
2024-07-24,126.8572,129.2677,125.4992,127.8986
2024-07-25,127.9631,131.3050,127.1173,130.4427
2024-07-26,129.8728,129.9999,129.1175,129.2440
2024-07-29,130.0534,132.0838,126.6367,128.6451
2024-07-30,128.3642,128.7024,126.8654,127.2005
2024-07-31,126.6079,126.8962,126.2792,126.5675
2024-08-01,126.8755,127.1841,126.0733,126.3807
2024-08-02,126.6256,126.6707,124.8632,124.9077
2024-08-05,124.8031,128.1054,123.7729,127.0566
2024-08-06,127.0151,128.2849,125.0973,126.3605
2024-08-07,126.0805,128.2692,124.3448,126.5274
2024-08-08,126.5736,127.7634,126.2824,127.4702
2024-08-09,127.9017,129.2726,127.8902,129.2610
2024-08-12,129.0959,129.1687,124.7191,124.7895
2024-08-13,124.3174,125.6053,124.2272,125.5142
2024-08-14,126.3846,126.9703,126.0286,126.6136
2024-08-15,126.9293,127.4222,126.6393,127.1317
2024-08-16,127.2526,127.8642,126.4250,127.0355
2024-08-19,126.9089,127.0577,126.1248,126.2729
2024-08-20,126.1703,127.1832,125.5590,126.5699
2024-08-21,126.0493,126.7979,125.8033,126.5510
2024-08-22,127.1161,128.8984,125.4979,127.2781
2024-08-23,127.8263,128.8312,126.2474,127.2477
2024-08-26,127.5122,127.8178,126.3936,126.6973
2024-08-27,126.4514,127.1008,124.7106,125.3543
2024-08-28,125.1831,126.5644,124.5344,125.9118
2024-08-29,125.0937,127.7840,123.9741,126.6504
2024-08-30,126.5337,128.3529,124.7814,126.5997
2024-09-02,126.1893,126.2047,124.6666,124.6818
2024-09-03,124.4050,125.4283,124.2917,125.3142
2024-09-04,125.4436,125.4730,124.8314,124.8606
2024-09-05,124.7963,124.9088,124.3664,124.4787
2024-09-06,125.1379,125.4650,122.6156,122.9369
2024-09-09,123.0731,125.0682,122.7371,124.7277
2024-09-10,124.9035,125.2988,123.6525,124.0450
2024-09-11,123.7368,124.8664,121.5188,122.6384
2024-09-12,123.4051,123.4810,121.4877,121.5625
2024-09-13,122.6626,123.4208,120.6612,121.4117
2024-09-16,121.6053,123.2090,121.0655,122.6646
2024-09-17,122.8031,123.8556,120.9175,121.9629
2024-09-18,122.4032,122.4034,122.2983,122.2984
2024-09-19,122.1404,122.4299,121.7109,122.0001
2024-09-20,121.7704,122.6535,120.4670,121.3469
2024-09-23,121.4558,122.8120,118.3603,119.6968
2024-09-24,119.7600,119.8653,119.1326,119.2374
2024-09-25,118.8120,119.3037,116.6833,117.1683
2024-09-26,117.0107,117.8890,116.6472,117.5240
2024-09-27,117.0973,117.7055,116.5579,117.1658
2024-09-30,116.9594,118.1221,114.5191,115.6690
2024-10-01,116.0598,116.4305,115.1975,115.5667
2024-10-02,116.0338,116.4983,113.5486,114.0050
2024-10-03,113.4799,114.1360,112.6044,113.2592
2024-10-04,113.2084,115.2191,112.5461,114.5489
2024-10-07,114.2663,116.3907,113.7915,115.9090
2024-10-08,115.9006,115.9829,114.8809,114.9626
2024-10-09,114.9868,115.7281,114.9512,115.6922
2024-10-10,115.3567,118.3411,114.5632,117.5326
2024-10-11,117.5857,118.6697,117.3377,118.4198
2024-10-14,118.6923,119.0162,117.6805,118.0024
2024-10-15,117.9320,118.6412,115.6450,116.3446
2024-10-16,116.3292,116.5755,115.6899,115.9355
2024-10-17,116.2207,116.6454,114.5630,114.9832
2024-10-18,115.0430,116.4766,114.6314,116.0614
2024-10-21,115.6103,119.0401,115.0624,118.4786
2024-10-22,118.2865,122.1134,116.9953,120.7948
2024-10-23,121.0136,121.9051,118.1716,119.0487
2024-10-24,119.1000,119.5907,118.4628,118.9529
2024-10-25,118.6878,119.1606,118.3332,118.8056
2024-10-28,118.6353,119.1653,117.3613,117.8880
2024-10-29,117.3792,117.9520,115.6259,116.1929
2024-10-30,116.0360,116.3173,115.8639,116.1451
2024-10-31,115.5596,116.9603,113.9903,115.3890
2024-11-01,115.3310,115.6342,115.1881,115.4911
2024-11-04,115.6481,116.1199,114.1644,114.6320
2024-11-05,114.9200,115.0154,113.3040,113.3981
2024-11-06,113.2741,114.5264,112.3630,113.6127
2024-11-07,114.0642,114.5730,112.1455,112.6481
2024-11-08,112.2221,113.3610,111.7025,112.8385
2024-11-11,112.4601,112.5179,112.3138,112.3715
2024-11-12,113.0871,113.3134,110.3580,110.5792
2024-11-13,110.5447,110.9665,109.2808,109.6993
2024-11-14,110.6949,111.0751,108.6786,109.0532
2024-11-15,108.7904,110.2739,108.6966,110.1788
2024-11-18,110.1971,113.3275,108.6043,111.7128
2024-11-19,111.0437,112.2753,109.4485,110.6760
2024-11-20,111.0821,111.2585,110.3691,110.5447
2024-11-21,110.6439,111.5705,108.2294,109.1435
2024-11-22,108.7455,110.3942,107.7296,109.3724
2024-11-25,109.4012,110.7918,109.1151,110.5028
2024-11-26,110.7422,110.9129,110.0013,110.1712
2024-11-27,110.5476,111.5221,108.2218,109.1842
2024-11-28,109.3747,110.7365,108.5508,109.9086
2024-11-29,110.3032,111.1718,109.8189,110.6858
2024-12-02,110.8641,111.7630,110.6420,111.5395
2024-12-03,111.0231,112.7019,110.4715,112.1447
2024-12-04,112.3044,112.8105,111.6541,112.1595
2024-12-05,112.5672,113.9516,111.6800,113.0605
2024-12-06,113.2984,113.5261,112.7888,113.0159
2024-12-09,113.1320,114.1983,111.8921,112.9568
2024-12-10,113.2063,114.1002,112.9707,113.8632
2024-12-11,114.0471,115.7323,113.6751,115.3560
2024-12-12,115.3172,115.9347,113.7644,114.3769
2024-12-13,114.2016,114.7152,112.6278,113.1366
2024-12-16,112.9977,115.7023,111.8683,114.5574
2024-12-17,114.2764,115.9145,114.0939,115.7296
2024-12-18,115.9807,116.5990,113.2362,113.8431
2024-12-19,113.9463,115.4077,113.6388,115.0971
2024-12-20,115.1125,116.2652,113.8258,114.9772
2024-12-23,114.4010,115.8119,114.3849,115.7956
2024-12-24,115.5918,117.4719,115.3178,117.1940
2024-12-25,117.6616,117.8041,114.6177,114.7566
2024-12-26,115.4065,116.1495,112.6872,113.4174
2024-12-27,113.3085,113.6042,113.0481,113.3438
2024-12-30,113.3087,113.6605,113.2942,113.6460
2024-12-31,113.6241,114.9490,112.8737,114.1949
2025-01-01,113.6074,113.8992,113.0758,113.3670
2025-01-02,113.3501,115.7442,113.3423,115.7363
2025-01-03,115.8489,118.2492,114.7171,117.1052
2025-01-06,116.8452,119.0836,116.3855,118.6169
2025-01-07,118.1314,118.6918,117.5272,118.0874
2025-01-08,118.1138,118.6371,117.5576,118.0807
2025-01-09,117.9559,117.9988,115.7195,115.7616
2025-01-10,115.3416,116.1771,113.2463,114.0726
2025-01-13,114.2059,116.4883,113.3273,115.5990
2025-01-14,115.6251,116.0169,115.4995,115.8910
2025-01-15,115.9139,118.7401,114.6472,117.4566
2025-01-16,117.5598,119.1140,117.2443,118.7951
2025-01-17,118.5419,119.7828,117.3207,118.5614
2025-01-20,118.4707,119.4489,118.1930,119.1696
2025-01-21,119.1415,119.6539,117.1118,117.6177
2025-01-22,117.6606,119.7493,117.0815,119.1627
2025-01-23,119.1650,122.0706,118.1921,121.0821
2025-01-24,121.0711,123.9264,120.3409,123.1835
2025-01-27,123.0738,123.3818,122.3359,122.6428
2025-01-28,122.8996,124.8987,121.9706,123.9617
2025-01-29,124.1732,124.9918,123.6775,124.4948
2025-01-30,124.2138,125.2233,123.3217,124.3303
2025-01-31,124.4247,124.7559,123.7190,124.0492
2025-02-03,123.9603,126.0796,122.6536,124.7644
2025-02-04,124.7200,127.6168,123.2490,126.1291
2025-02-05,125.9568,126.7016,124.1941,124.9328
2025-02-06,125.0769,125.1804,124.1861,124.2888
2025-02-07,124.5053,125.0541,122.9154,123.4597
2025-02-10,123.9917,126.1838,123.8162,126.0055
2025-02-11,126.2887,126.4023,124.2355,124.3473
2025-02-12,124.2406,124.4786,123.1457,123.3822
2025-02-13,123.5786,124.0304,121.9985,122.4461
2025-02-14,121.8286,122.0376,120.4667,120.6738
2025-02-17,120.8626,122.3600,118.9203,120.4121
2025-02-18,120.8931,121.4292,120.7707,121.3064
2025-02-19,121.5384,122.0675,121.0595,121.5883
2025-02-20,122.6318,123.7795,121.7255,122.8714
2025-02-21,123.5553,124.0132,121.5005,121.9525
2025-02-24,122.1465,123.3536,121.9922,123.1980
2025-02-25,123.7876,125.6852,121.7367,123.6319
2025-02-26,124.4723,125.0813,123.0539,123.6589
2025-02-27,124.0361,124.0668,121.9903,122.0205
2025-02-28,122.6201,125.0767,122.2651,124.7155
2025-03-03,124.7583,127.9126,123.9718,127.1112
2025-03-04,126.8356,127.7382,126.3148,127.2158
2025-03-05,127.2179,129.5972,126.2426,128.6112
2025-03-06,128.1066,128.9299,126.1557,126.9717
2025-03-07,126.9879,127.6069,125.7065,126.3222
2025-03-10,126.4414,127.7746,125.7555,127.0852
2025-03-11,127.2202,127.8813,124.5827,125.2335
2025-03-12,125.5698,129.5098,123.0716,126.9834
2025-03-13,126.8706,127.7094,125.2687,126.1024
2025-03-14,125.9391,128.1323,125.8917,128.0841
2025-03-17,128.2806,129.6470,128.2285,129.5944
2025-03-18,129.4653,131.9736,128.5606,131.0578
2025-03-19,131.1632,131.4312,128.1010,128.3633
2025-03-20,129.0034,130.0382,128.0393,129.0736
2025-03-21,129.6677,132.2347,129.1461,131.7049
2025-03-24,131.7440,131.9057,129.3408,129.4998
2025-03-25,129.7261,130.4544,129.0623,129.7903
2025-03-26,129.3256,132.3239,128.5874,131.5730
2025-03-27,131.8200,135.7883,130.4423,134.3837
2025-03-28,134.6286,136.9433,134.1276,136.4356
2025-03-31,135.9791,139.4236,135.6030,139.0390
2025-04-01,138.7766,141.8909,137.0743,140.1715
2025-04-02,140.2483,142.1371,137.9611,139.8446
2025-04-03,139.8499,141.4004,136.9632,138.4986
2025-04-04,138.2946,139.8025,138.1681,139.6748
2025-04-07,139.9789,141.8096,136.9613,138.7763
2025-04-08,138.7830,139.0355,136.5072,136.7561
2025-04-09,137.1154,137.3629,137.0508,137.2982
2025-04-10,137.1399,137.7285,135.7819,136.3672
2025-04-11,135.7771,137.0551,134.9640,136.2393
2025-04-14,136.6747,136.8446,134.3630,134.5302
2025-04-15,134.1753,135.3522,133.5352,134.7095
2025-04-16,134.9059,136.1661,134.2394,135.4967
2025-04-17,134.9407,138.5536,133.2249,136.8140
2025-04-18,137.0385,137.7301,135.4335,136.1204
2025-04-21,136.3744,137.2504,131.7449,132.5965
2025-04-22,132.5588,133.0787,131.6611,132.1795
2025-04-23,132.4300,135.6829,132.0276,135.2718
2025-04-24,134.6725,135.4703,134.6471,135.4447
2025-04-25,135.8639,136.2174,133.3476,133.6955
2025-04-28,134.0411,135.3273,132.6362,133.9212
2025-04-29,133.8470,135.5215,132.9209,134.5902
2025-04-30,134.8213,136.3003,134.7540,136.2323
2025-05-01,136.1459,139.0788,135.8974,138.8254
2025-05-02,138.9134,140.5186,138.2487,139.8495
2025-05-05,140.1221,143.1073,139.9237,142.9049
2025-05-06,143.2939,145.3012,142.3847,144.3850
2025-05-07,144.0338,144.1993,143.1900,143.3547
2025-05-08,143.0911,143.8252,141.2789,142.0074
2025-05-09,141.8680,142.5166,138.7984,139.4359
2025-05-12,139.9051,141.5346,139.6595,141.2865
2025-05-13,141.6358,142.4115,140.9440,141.7193
2025-05-14,141.0591,142.6340,138.7712,140.3380
2025-05-15,140.3192,140.6483,139.2559,139.5833
2025-05-16,138.8492,142.4433,138.1952,141.7756
2025-05-19,141.4407,141.6771,140.0370,140.2714
2025-05-20,140.1611,143.0064,139.2566,142.0895
2025-05-21,142.5565,142.9228,141.1698,141.5334
2025-05-22,142.2369,144.1171,141.9801,143.8574
2025-05-23,143.6867,146.0057,141.5675,143.8836
2025-05-26,143.8913,144.3503,143.1945,143.6529
2025-05-27,143.0760,143.8617,141.6937,142.4761
2025-05-28,142.0971,142.7255,142.0431,142.6712
2025-05-29,142.3068,144.4777,141.9208,144.0868
2025-05-30,143.9307,144.9542,143.3987,144.4203
2025-06-02,144.8335,146.8877,144.1337,146.1813
2025-06-03,146.3821,147.2235,145.7001,146.5407
2025-06-04,146.4263,150.8691,144.6880,149.0991
2025-06-05,149.1751,150.5302,148.6126,149.9647
2025-06-06,150.3758,150.6582,148.2873,148.5663
2025-06-09,148.4261,151.0636,147.9731,150.6039
2025-06-10,151.0122,152.1050,148.6640,149.7476
2025-06-11,149.3533,149.9741,149.0447,149.6649
2025-06-12,149.9941,151.6912,149.6339,151.3278
2025-06-13,151.0847,152.4286,150.4949,151.8359
2025-06-16,152.1913,153.5309,151.7960,153.1332
2025-06-17,152.4116,154.0077,151.7905,153.3827
2025-06-18,154.3579,158.0273,153.3409,156.9930
2025-06-19,157.2939,158.8981,154.8692,156.4649
2025-06-20,156.2972,159.1639,155.8631,158.7231
2025-06-23,159.0251,159.3830,156.0551,156.4071
2025-06-24,156.6560,157.3544,154.3662,155.0575
2025-06-25,154.7129,155.0653,153.0964,153.4459
2025-06-26,153.0379,156.4392,152.2870,155.6754
2025-06-27,155.7321,158.4205,152.8808,155.5663
2025-06-30,155.3145,157.4385,155.2169,157.3396
2025-07-01,156.4149,158.7102,156.2411,158.5340
2025-07-02,158.2687,160.7351,157.9856,160.4481
2025-07-03,160.5715,162.2601,159.0713,160.7582
2025-07-04,160.8435,160.9226,159.5903,159.6688
2025-07-07,159.8715,160.2824,158.7281,159.1371
2025-07-08,159.9226,161.5403,156.7202,158.3216
2025-07-09,158.0823,159.9188,156.6041,158.4373
2025-07-10,158.6404,160.7642,153.2448,155.3243
2025-07-11,155.3390,155.7927,153.0023,153.4504
2025-07-14,153.6744,154.4931,153.2759,154.0935
2025-07-15,154.3072,156.5297,153.9012,156.1189
2025-07-16,155.4737,157.6499,154.5813,156.7501
2025-07-17,156.9210,159.4765,156.1141,158.6607
2025-07-18,159.1011,159.8953,158.5922,159.3854
2025-07-21,158.4297,160.1294,157.0994,158.7961
2025-07-22,159.3623,160.1900,158.3669,159.1937
2025-07-23,158.5216,159.1199,156.6629,157.2565
2025-07-24,157.4001,157.7837,155.6994,156.0799
2025-07-25,156.7444,157.2115,153.8487,154.3085
