date,open,high,low,close
2015-01-02,99.3207,100.2693,98.4668,99.4146
2015-01-05,99.3707,101.2815,96.1643,98.0497
2015-01-06,97.6528,100.9912,96.9850,100.3053
2015-01-07,99.8115,100.0989,97.5061,97.7877
2015-01-08,96.5127,99.0267,96.0530,98.5573
2015-01-09,98.8133,100.1542,98.4652,99.8027
2015-01-12,100.0821,100.4302,98.6787,99.0231
2015-01-13,99.1099,100.5694,96.5305,97.9733
2015-01-14,97.7574,98.4807,96.6957,97.4164
2015-01-15,97.1597,101.5349,95.2546,99.5823
2015-01-16,99.7939,99.9127,98.9935,99.1116
2015-01-19,98.9744,101.2786,97.7775,100.0684
2015-01-20,100.1379,102.5144,98.5666,100.9307
2015-01-21,101.1332,102.2949,101.1090,102.2705
2015-01-22,102.0166,102.6943,100.2699,100.9404
2015-01-23,100.8929,101.9527,99.3597,100.4145
2015-01-26,99.6573,99.8721,98.9886,99.2024
2015-01-27,98.7306,99.1978,97.4847,97.9482
2015-01-28,98.8309,99.7728,97.5979,98.5370
2015-01-29,98.3070,100.2910,97.0979,99.0726
2015-01-30,99.4671,99.9790,98.8593,99.3707
2015-02-02,98.8347,99.8604,97.9881,99.0123
2015-02-03,99.3038,101.3550,98.1520,100.1928
2015-02-04,100.2214,101.9047,95.9095,97.5478
2015-02-05,97.6397,99.3215,96.0693,97.7493
2015-02-06,98.4438,98.6257,97.1643,97.3442
2015-02-09,97.3194,99.1821,96.9353,98.7922
2015-02-10,100.0957,100.7351,97.4729,98.0995
2015-02-11,99.0434,100.4344,95.0099,96.3632
2015-02-12,96.1573,98.2602,94.9739,97.0657
2015-02-13,97.0328,97.4585,96.4532,96.8782
2015-02-16,96.6105,97.7966,93.8686,95.0354
2015-02-17,94.3247,94.8435,93.0963,93.6111
2015-02-18,94.3828,96.2823,90.9073,92.7744
2015-02-19,93.7349,93.7638,92.7896,92.8181
2015-02-20,93.4107,94.4657,89.8897,90.9166
2015-02-23,91.6536,92.7059,89.2808,90.3178
2015-02-24,89.8818,90.2521,89.6722,90.0422
2015-02-25,89.8113,91.0362,89.5472,90.7693
2015-02-26,91.6858,93.7375,87.5926,89.5976
2015-02-27,89.5978,92.4761,88.9195,91.7813
2015-03-02,91.6665,94.4969,89.8207,92.6316
2015-03-03,92.3678,92.6947,91.8583,92.1846
2015-03-04,91.4160,93.2155,91.0213,92.8147
2015-03-05,93.5596,95.3839,92.8719,94.6878
2015-03-06,95.4823,98.2396,92.1669,94.9077
2015-03-09,94.7629,96.1468,92.9446,94.3220
2015-03-10,94.3933,97.1996,93.4035,96.1909
2015-03-11,96.0419,97.4154,93.7224,95.0822
2015-03-12,95.1007,96.1793,94.9374,96.0144
2015-03-13,97.0660,97.4714,96.1556,96.5590
2015-03-16,96.1483,97.7850,95.4390,97.0689
2015-03-17,96.7496,99.3777,96.0618,98.6762
2015-03-18,97.8058,100.8632,97.3709,100.4167
2015-03-19,99.4312,99.4601,98.9448,98.9735
2015-03-20,98.8157,99.7553,98.7808,99.7201
2015-03-23,100.3627,100.7799,99.6741,100.0902
2015-03-24,100.0265,100.6977,99.2630,99.9336
2015-03-25,100.4464,101.1054,98.3893,99.0390
2015-03-26,99.2011,100.3476,97.9441,99.0894
2015-03-27,98.9383,101.0774,97.7740,99.9017
2015-03-30,100.2027,101.8565,99.0117,100.6600
2015-03-31,100.2615,100.8542,98.9773,99.5660
2015-04-01,98.8076,100.0613,97.9716,99.2219
2015-04-02,100.1739,100.5678,98.5349,98.9239
2015-04-03,98.8527,100.8866,95.5373,97.5443
2015-04-06,97.2399,99.3996,96.9361,99.0901
2015-04-07,98.2343,100.3428,97.6999,99.7998
2015-04-08,100.1075,100.9141,97.9195,98.7149
2015-04-09,97.7627,100.1781,95.7021,98.1101
2015-04-10,98.3851,98.9842,96.7644,97.3572
2015-04-13,97.9080,99.0892,97.0308,98.2093
2015-04-14,97.8407,99.2288,97.3142,98.6976
2015-04-15,98.0993,99.4321,97.3317,98.6601
2015-04-16,98.9130,100.3411,96.0604,97.4675
2015-04-17,97.8578,100.7591,96.3267,99.2069
2015-04-20,98.8757,100.0807,96.2647,97.4523
2015-04-21,97.4682,101.2927,94.6800,98.4757
2015-04-22,97.9408,98.6942,97.7433,98.4956
2015-04-23,97.8972,99.0901,97.5531,98.7430
2015-04-24,98.0454,99.9689,97.8258,99.7455
2015-04-27,99.5742,102.2979,98.2654,100.9708
2015-04-28,100.2224,100.4398,99.7494,99.9662
2015-04-29,99.4982,100.0121,99.0534,99.5670
2015-04-30,99.8102,100.9425,99.1943,100.3233
2015-05-01,99.9671,101.3878,99.0493,100.4654
2015-05-04,100.2729,103.2380,100.0740,103.0336
2015-05-05,102.8301,103.9465,99.9516,101.0487
2015-05-06,101.1906,102.0925,100.1499,101.0506
2015-05-07,102.0680,103.9957,101.1366,103.0552
2015-05-08,103.7094,106.2053,103.0099,105.4937
2015-05-11,105.8172,106.2197,105.3608,105.7632
2015-05-12,105.2279,107.8949,104.5397,107.1938
2015-05-13,107.0955,107.7534,105.2881,105.9389
2015-05-14,106.0007,106.9945,104.0608,105.0457
2015-05-15,105.0258,106.8658,104.4754,106.3086
2015-05-18,106.7228,107.6978,106.2626,107.2354
2015-05-19,107.1263,108.9973,105.8255,107.6896
2015-05-20,107.8684,108.2423,106.8850,107.2567
2015-05-21,106.7119,108.8675,104.9416,107.0910
2015-05-22,107.1687,111.1072,106.6739,110.5966
2015-05-25,110.0954,110.5709,107.0196,107.4838
2015-05-26,107.2908,109.1600,105.5547,107.4217
2015-05-27,107.5541,108.2652,106.0997,106.8060
2015-05-28,106.4847,107.5389,104.0971,105.1379
2015-05-29,105.1751,106.1991,104.6082,105.6298
2015-06-01,104.8244,106.4644,101.3892,103.0006
2015-06-02,102.8401,105.2726,102.8009,105.2325
2015-06-03,104.7805,105.7405,103.2821,104.2371
2015-06-04,103.3730,105.3523,103.1448,105.1203
2015-06-05,104.9936,107.6091,104.0569,106.6576
2015-06-08,106.4740,107.0729,104.6719,105.2640
2015-06-09,104.9760,106.2866,102.5260,103.8222
2015-06-10,103.8674,104.8540,101.2811,102.2524
2015-06-11,102.8101,103.5943,101.9529,102.7366
2015-06-12,101.7120,105.4651,101.6177,105.3674
2015-06-15,106.2156,106.5192,104.6338,104.9337
2015-06-16,104.4440,106.5868,100.2277,102.3270
2015-06-17,101.5742,103.6938,100.6181,102.7268
2015-06-18,102.6536,103.1443,101.7958,102.2848
2015-06-19,102.6209,102.8167,99.9115,100.1025
2015-06-22,99.6736,101.3830,99.3659,101.0709
2015-06-23,101.6022,101.8859,101.4339,101.7174
2015-06-24,101.0600,102.3552,100.4950,101.7862
2015-06-25,102.0270,104.4158,99.8720,102.2559
2015-06-26,102.1925,104.0464,98.0731,99.8851
2015-06-29,99.5444,101.2859,98.5858,100.3198
2015-06-30,101.3777,101.5751,100.6878,100.8843
2015-07-01,100.5699,100.8641,99.6438,99.9361
2015-07-02,100.7471,101.3006,98.9983,99.5453
2015-07-03,99.1835,102.3346,98.5765,101.7120
2015-07-06,100.7751,104.6287,98.4819,102.3008
2015-07-07,102.0388,103.0051,100.0112,100.9673
2015-07-08,101.1550,101.4284,98.3335,98.6000
2015-07-09,98.5027,100.3386,97.6857,99.5132
2015-07-10,99.2359,99.3772,97.9936,98.1333
2015-07-13,97.8454,103.1854,94.9521,100.2218
2015-07-14,100.7376,100.9981,98.3914,98.6466
2015-07-15,98.3499,99.7515,98.2105,99.6104
2015-07-16,100.0992,102.8199,99.2309,101.9356
2015-07-17,102.4304,102.9142,100.0844,100.5595
2015-07-20,100.9837,101.6668,100.9077,101.5903
2015-07-21,101.5178,103.0894,101.2875,102.8561
2015-07-22,103.6690,104.6114,101.2815,102.2107
2015-07-23,101.9691,103.0046,101.4566,102.4894
2015-07-24,102.2638,102.5505,100.0884,100.3698
2015-07-27,100.4845,103.8956,98.0968,101.4842
2015-07-28,101.5858,103.6124,101.3832,103.4062
2015-07-29,103.0504,105.1938,102.5488,104.6842
2015-07-30,105.2376,105.3802,103.4052,103.5455
2015-07-31,103.9893,106.9536,102.4776,105.4211
2015-08-03,105.8655,107.5938,104.4914,106.2152
2015-08-04,105.8678,107.6467,104.6625,106.4350
2015-08-05,105.8091,108.7501,105.1691,108.0962
2015-08-06,108.7937,109.7709,107.4240,108.3976
2015-08-07,108.1684,108.2592,104.7664,104.8544
2015-08-10,104.8536,106.1511,102.7785,104.0663
2015-08-11,104.4372,104.4983,103.3912,103.4518
2015-08-12,102.2080,102.5197,101.7659,102.0772
2015-08-13,101.4408,104.5507,100.2884,103.3763
2015-08-14,103.6600,104.6092,102.9299,103.8776
2015-08-17,104.1967,104.2030,103.2526,103.2590
2015-08-18,103.6772,104.2856,102.5756,103.1811
2015-08-19,103.3429,106.5167,102.0158,105.1661
2015-08-20,105.2094,107.6887,104.0969,106.5618
2015-08-21,106.7777,106.8525,105.2736,105.3474
2015-08-24,105.4603,105.7702,104.8785,105.1875
2015-08-25,105.4751,106.4274,105.2243,106.1749
2015-08-26,105.8245,107.9825,103.1535,105.3008
2015-08-27,105.2144,106.4763,103.7505,105.0099
2015-08-28,105.6878,105.9910,104.4347,104.7351
2015-08-31,104.5227,104.9921,104.3330,104.8018
2015-09-01,104.6217,107.9278,103.6152,106.8994
2015-09-02,106.5618,108.5986,103.9111,105.9359
2015-09-03,105.8232,109.0709,104.1174,107.3407
2015-09-04,106.5879,108.5956,105.6009,107.5993
2015-09-07,107.1673,108.0648,105.7391,106.6322
2015-09-08,106.2729,109.6334,105.6174,108.9612
2015-09-09,108.0907,108.7736,105.7575,106.4299
2015-09-10,106.2603,108.1497,104.7517,106.6358
2015-09-11,107.1621,108.0994,106.7646,107.6999
2015-09-14,107.1824,108.5822,106.6129,108.0083
2015-09-15,108.2369,109.4492,105.5914,106.7874
2015-09-16,106.0710,106.5890,104.0064,104.5169
2015-09-17,104.4591,107.2691,104.2280,107.0323
2015-09-18,106.6783,108.6111,103.4711,105.3804
2015-09-21,105.3421,106.4000,102.8351,103.8782
2015-09-22,104.0907,106.1859,102.2868,104.3770
2015-09-23,104.2820,106.0273,103.4224,105.1605
2015-09-24,105.4628,106.4640,103.9539,104.9502
2015-09-25,105.5142,105.7675,103.9157,104.1657
2015-09-28,104.5134,106.2319,100.4719,102.1515
2015-09-29,102.1325,102.6066,101.9421,102.4156
2015-09-30,102.3130,103.5233,101.6884,102.8951
2015-10-01,103.1837,103.9687,100.9231,101.6968
2015-10-02,101.5500,101.8696,100.6849,101.0027
2015-10-05,101.6408,102.9862,98.7563,100.0812
2015-10-06,99.6556,101.6793,98.6114,100.6249
2015-10-07,100.8486,102.1014,100.7547,102.0064
2015-10-08,101.9378,102.7103,98.5276,99.2800
2015-10-09,99.6131,99.6596,99.2334,99.2798
2015-10-12,100.2110,101.0199,97.5643,98.3582
2015-10-13,98.9385,100.0372,97.7806,98.8787
2015-10-14,99.0313,99.5007,98.6428,99.1119
2015-10-15,99.1547,99.8873,98.3967,99.1291
2015-10-16,98.9078,102.0374,97.5943,100.7001
2015-10-19,100.2612,101.8810,98.4170,100.0331
2015-10-20,99.9431,100.8674,97.9828,98.8975
2015-10-21,98.7185,99.8312,98.6916,99.8040
2015-10-22,100.3209,101.1516,98.4787,99.3009
2015-10-23,99.8782,100.5743,98.0726,98.7608
2015-10-26,98.3129,100.1024,97.1195,98.9018
2015-10-27,98.3123,100.8699,97.1255,99.6668
2015-10-28,100.0926,100.4040,98.4902,98.7976
2015-10-29,99.1116,100.6614,98.0182,99.5631
2015-10-30,99.2841,101.2603,98.3285,100.2949
2015-11-02,100.7828,101.5965,100.6612,101.4741
2015-11-03,101.3618,102.4276,100.7181,101.7812
2015-11-04,102.1031,103.3034,98.5016,99.6733
2015-11-05,99.1782,99.7130,98.7398,99.2742
2015-11-06,100.0087,101.7959,95.0232,96.7522
2015-11-09,96.3916,98.5329,95.0723,97.2024
2015-11-10,96.7990,96.9174,96.2441,96.3620
2015-11-11,96.6291,97.4571,94.3730,95.1887
2015-11-12,95.8563,96.7946,94.0314,94.9610
2015-11-13,94.9001,95.1306,94.6363,94.8667
2015-11-16,94.2604,96.7226,93.2603,95.7071
2015-11-17,95.1674,97.2602,91.0195,93.0661
2015-11-18,93.2573,94.0328,91.3542,92.1202
2015-11-19,91.7530,92.8967,90.8754,92.0167
2015-11-20,91.5130,92.1861,91.4869,92.1598
2015-11-23,92.1883,93.6714,91.6835,93.1613
2015-11-24,93.0333,95.3641,92.4126,94.7322
2015-11-25,94.2054,96.4468,92.7284,94.9580
2015-11-26,95.7858,96.2321,95.0622,95.5073
2015-11-27,95.6770,97.3629,93.2697,94.9427
2015-11-30,94.9192,95.8551,94.4038,95.3374
2015-12-01,95.5586,97.3223,94.8959,96.6520
2015-12-02,96.3453,99.2337,95.2028,98.0708
2015-12-03,97.7581,100.4701,96.8630,99.5585
2015-12-04,99.2762,99.5329,98.8761,99.1324
2015-12-07,98.6856,102.8388,98.0318,102.1620
2015-12-08,102.3247,103.2078,98.7895,99.6496
2015-12-09,99.7313,100.9709,98.0322,99.2660
2015-12-10,98.7525,98.7756,98.2099,98.2329
2015-12-11,98.4103,99.4161,97.2091,98.2128
2015-12-14,97.8978,98.8189,94.4908,95.3883
2015-12-15,95.2389,96.8362,94.2956,95.8864
2015-12-16,95.2670,96.7566,95.0879,96.5750
2015-12-17,96.4064,98.2715,96.2477,98.1100
2015-12-18,97.3760,99.2272,97.1165,98.9634
2015-12-21,99.2964,100.4430,94.3783,95.4808
2015-12-22,94.8981,95.5933,94.8087,95.5033
2015-12-23,95.5728,95.9403,94.1519,94.5153
2015-12-24,94.3236,95.8546,93.9495,95.4760
2015-12-25,94.8729,96.0170,94.7947,95.9380
2015-12-28,94.8159,96.3395,94.6701,96.1916
2015-12-29,95.9433,96.1050,95.5573,95.7187
2015-12-30,96.3835,97.8734,94.1368,95.6149
2015-12-31,96.0644,96.3088,93.9956,94.2353
2016-01-01,94.0321,94.9992,93.0564,94.0235
2016-01-04,94.4732,96.1220,93.2969,94.9399
2016-01-05,95.2376,97.3931,93.5781,95.7251
2016-01-06,96.0488,96.9773,94.4998,95.4222
2016-01-07,95.4076,95.4787,95.0589,95.1298
2016-01-08,95.8537,96.5449,95.0646,95.7552
2016-01-11,95.7782,97.2036,94.6812,96.1028
2016-01-12,96.3605,97.1855,95.2365,96.0589
2016-01-13,95.8951,96.2324,95.2797,95.6160
2016-01-14,95.3599,95.6736,94.0490,94.3593
2016-01-15,94.7730,94.7915,94.5534,94.5719
2016-01-18,94.0988,95.0543,93.8676,94.8213
2016-01-19,95.3349,95.8915,94.6509,95.2068
2016-01-20,95.4934,98.8054,94.0502,97.3344
2016-01-21,98.3549,99.7376,94.6071,95.9561
2016-01-22,95.3899,95.6569,94.4048,94.6698
2016-01-25,94.5669,94.5737,92.9685,92.9752
2016-01-26,93.0773,96.0646,92.6019,95.5764
2016-01-27,96.3814,98.2314,93.4626,95.2917
2016-01-28,94.7203,95.4915,94.2670,95.0366
2016-01-29,94.4390,96.0930,94.2999,95.9517
2016-02-01,95.7161,99.4192,94.9997,98.6806
2016-02-02,98.6946,99.6681,96.1788,97.1370
2016-02-03,97.7691,98.9382,96.1796,97.3437
2016-02-04,97.7505,98.3116,94.8609,95.4087
2016-02-05,95.7759,96.5278,95.3741,96.1246
2016-02-08,96.4058,96.7429,95.4537,95.7886
2016-02-09,95.8747,96.9901,95.1031,96.2159
2016-02-10,96.8440,97.3574,93.6407,94.1397
2016-02-11,94.4848,96.6390,92.7510,94.8976
2016-02-12,95.4337,96.1121,94.1332,94.8071
2016-02-15,95.3901,95.7807,93.6283,94.0133
2016-02-16,93.0426,96.4693,92.1039,95.5058
2016-02-17,95.8102,98.2154,94.8959,97.2870
2016-02-18,97.5157,99.0308,92.7903,94.2547
2016-02-19,93.9601,96.6345,92.3480,95.0044
2016-02-22,94.9494,96.5866,94.7743,96.4089
2016-02-23,96.2758,100.2631,95.0395,98.9919
2016-02-24,98.9907,99.9951,98.3901,99.3920
2016-02-25,99.7161,100.9821,99.3124,100.5749
2016-02-26,100.3954,100.9890,99.9725,100.5654
2016-02-29,100.8495,102.6186,100.4390,102.2025
2016-03-01,103.1071,103.7042,101.1848,101.7742
2016-03-02,102.1786,102.2197,101.4150,101.4558
2016-03-03,100.6569,100.7147,99.6321,99.6894
2016-03-04,99.6277,101.6752,98.3553,100.3930
2016-03-07,99.7900,102.6265,99.6290,102.4612
2016-03-08,102.8066,104.3992,101.2195,102.8120
2016-03-09,103.1301,105.2001,98.5563,100.5749
2016-03-10,100.1625,102.1345,97.7441,99.7072
2016-03-11,99.5339,100.8777,99.2491,100.5898
2016-03-14,100.2649,101.1347,99.1719,100.0397
2016-03-15,100.3186,102.8148,99.3209,101.8023
2016-03-16,101.2084,101.9967,100.8115,101.5983
2016-03-17,100.8914,101.9695,99.9721,101.0488
2016-03-18,100.3352,100.7752,98.3661,98.7993
2016-03-21,99.4123,100.8493,98.4175,99.8502
2016-03-22,98.7379,99.9177,98.2226,99.3990
2016-03-23,99.4513,100.4862,99.4437,100.4784
2016-03-24,101.8781,102.3839,98.9545,99.4482
2016-03-25,99.5544,99.8824,98.3429,98.6679
2016-03-28,98.3326,98.8885,97.6249,98.1799
2016-03-29,98.5907,98.6330,95.4020,95.4430
2016-03-30,95.8204,96.3178,94.8117,95.3065
2016-03-31,95.5859,97.0222,94.5948,96.0265
2016-04-01,97.1904,98.4555,92.9843,94.2106
2016-04-04,94.4345,96.0933,89.6117,91.2139
2016-04-05,90.8468,91.4451,89.9016,90.4976
2016-04-06,90.2285,93.0600,88.7427,91.5525
2016-04-07,91.5752,92.0453,90.3211,90.7872
2016-04-08,90.8014,92.0359,90.4715,91.7026
2016-04-11,91.5565,91.8856,90.6159,90.9428
2016-04-12,91.2352,92.8291,90.7922,92.3806
2016-04-13,92.4245,92.7192,90.7118,91.0019
2016-04-14,90.6823,93.5790,88.2394,91.1242
2016-04-15,91.1827,91.8578,90.9010,91.5749
2016-04-18,91.8130,92.0201,90.6741,90.8791
2016-04-19,91.0128,92.1447,89.0685,90.1902
2016-04-20,89.7150,90.9841,87.3890,88.6429
2016-04-21,88.4047,90.1981,88.3974,90.1906
2016-04-22,90.2781,91.4936,87.4617,88.6553
2016-04-25,88.5660,89.4339,88.0044,88.8704
2016-04-26,88.1014,90.9450,87.5824,90.4124
2016-04-27,90.9698,91.1052,90.5439,90.6788
2016-04-28,90.8261,91.4488,90.1688,90.7912
2016-04-29,90.7319,91.9745,89.6760,90.9164
2016-05-02,90.8688,91.6602,89.0123,89.7943
2016-05-03,89.3982,89.4493,88.9194,88.9702
2016-05-04,88.6360,91.6863,88.1547,91.1911
2016-05-05,91.0360,92.3456,90.0156,91.3220
2016-05-06,91.7236,92.6178,91.1210,92.0133
2016-05-09,91.8885,94.0437,91.3498,93.4955
2016-05-10,93.6773,95.0160,91.4214,92.7468
2016-05-11,92.8345,92.9441,92.7200,92.8296
2016-05-12,93.1376,94.3282,89.4551,90.6134
2016-05-13,90.1306,91.2509,88.0346,89.1427
2016-05-16,88.7384,89.7976,87.8950,88.9522
2016-05-17,89.6824,94.2558,89.0239,93.5687
2016-05-18,93.6498,94.6292,92.9969,93.9741
2016-05-19,94.5030,95.5560,94.3364,95.3879
2016-05-20,95.7760,96.2084,94.8949,95.3253
2016-05-23,95.2779,96.0365,93.9862,94.7406
2016-05-24,94.8871,95.2045,93.9472,94.2625
2016-05-25,93.4711,95.8719,92.2331,94.6187
2016-05-26,94.3389,95.7251,91.7364,93.1045
2016-05-27,92.5582,93.7994,92.0363,93.2734
2016-05-30,93.9980,94.7604,91.8893,92.6407
2016-05-31,92.1217,92.7553,91.1895,91.8210
2016-06-01,90.9257,93.5844,90.9245,93.5831
2016-06-02,94.1477,94.8834,93.9391,94.6736
2016-06-03,94.5874,95.3821,93.5379,94.3305
2016-06-06,95.0923,95.3076,94.7339,94.9489
2016-06-07,95.2375,97.1514,91.4271,93.3022
2016-06-08,92.8782,93.4596,92.4667,93.0474
2016-06-09,93.5831,96.3256,91.5282,94.2559
2016-06-10,94.3094,94.3502,92.9059,92.9461
2016-06-13,93.9078,95.1926,91.3008,92.5672
2016-06-14,91.1256,91.9616,90.2621,91.0978
2016-06-15,91.7105,92.0800,91.0581,91.4265
2016-06-16,91.9854,93.1474,89.8676,91.0174
2016-06-17,90.9986,91.3233,89.0368,89.3556
2016-06-20,88.8357,92.4832,88.1330,91.7574
2016-06-21,91.9489,93.1573,90.6795,91.8871
2016-06-22,92.4169,94.1761,92.2027,93.9584
2016-06-23,93.6151,94.8568,92.8139,94.0518
2016-06-24,93.6521,96.5408,93.4094,96.2913
2016-06-27,96.0542,98.9130,93.8558,96.6998
2016-06-28,96.7774,98.5809,96.0615,97.8571
2016-06-29,96.9205,99.2822,96.0504,98.3988
2016-06-30,98.0929,102.0054,97.3064,101.1940
2016-07-01,100.4190,100.9172,99.8200,100.3176
2016-07-04,100.9798,101.2361,100.1328,100.3875
2016-07-05,100.4381,100.7582,99.6273,99.9459
2016-07-06,99.7556,101.7617,98.0538,100.0547
2016-07-07,99.6651,100.1996,99.4464,99.9802
2016-07-08,99.1265,101.5668,98.8019,101.2354
2016-07-11,100.3091,100.3446,99.3893,99.4244
2016-07-12,99.6288,101.1758,97.5429,99.0814
2016-07-13,98.1993,99.9146,97.2195,98.9275
2016-07-14,98.4453,98.5943,98.3917,98.5407
2016-07-15,98.3159,99.3139,97.9015,98.8971
2016-07-18,99.6822,102.5864,98.1611,101.0446
2016-07-19,100.3016,102.7466,99.6212,102.0543
2016-07-20,102.2869,103.6877,102.0157,103.4135
2016-07-21,102.3898,105.4589,100.0479,103.1008
2016-07-22,103.0197,104.1052,99.3695,100.4277
2016-07-25,101.3794,104.3126,96.7473,99.6299
2016-07-26,99.2621,99.7291,95.8565,96.3096
2016-07-27,96.4314,97.9373,93.3733,94.8546
2016-07-28,95.3039,96.9587,93.1831,94.8297
2016-07-29,95.2665,96.5487,92.8435,94.1102
2016-08-01,93.9429,95.1056,93.3444,94.5036
2016-08-02,94.3230,98.0835,94.2183,97.9748
2016-08-03,97.7602,100.6192,97.4284,100.2788
2016-08-04,100.6893,100.9867,99.6679,99.9632
2016-08-05,99.3190,102.6066,98.5496,101.8179
2016-08-08,101.4656,103.7305,100.1812,102.4338
2016-08-09,102.4898,102.8832,102.3501,102.7432
2016-08-10,102.6133,105.2849,100.9890,103.6443
2016-08-11,103.9726,107.2883,102.9650,106.2585
2016-08-12,106.4475,107.8717,104.6530,106.0722
2016-08-15,106.6804,107.9818,103.1597,104.4337
2016-08-16,104.9541,107.7410,103.8483,106.6177
2016-08-17,106.8804,108.1407,104.2320,105.4757
2016-08-18,105.6462,105.9048,105.2079,105.4661
2016-08-19,105.4289,106.1028,104.2398,104.9104
2016-08-22,105.2754,106.8244,103.6318,105.1795
2016-08-23,105.2616,108.2268,104.3756,107.3234
2016-08-24,107.8889,109.2467,106.3296,107.6847
2016-08-25,107.2871,109.2046,106.4218,108.3309
2016-08-26,107.9656,111.1227,107.0230,110.1609
2016-08-29,110.5392,110.5669,109.4612,109.4887
2016-08-30,108.7207,109.2277,108.1403,108.6470
2016-08-31,108.0699,111.1577,106.3820,109.4482
2016-09-01,109.0709,109.2538,107.6115,107.7922
2016-09-02,107.9113,110.4816,107.6935,110.2590
2016-09-05,110.4021,112.8661,109.7747,112.2283
2016-09-06,112.4418,114.9078,111.9856,114.4435
2016-09-07,115.0238,117.2769,112.2596,114.5025
2016-09-08,114.2805,115.9799,113.8296,115.5242
2016-09-09,115.4896,116.4978,114.0221,115.0263
2016-09-12,114.3173,115.5011,113.3123,114.4946
2016-09-13,113.7828,114.7889,112.4409,113.4439
2016-09-14,113.7837,117.4013,111.9886,115.5779
2016-09-15,115.1680,117.5481,115.1333,117.5127
2016-09-16,118.9792,119.6384,117.8651,118.5217
2016-09-19,118.3093,118.4152,117.3746,117.4797
2016-09-20,117.2649,119.0046,116.6735,118.4074
2016-09-21,118.5520,121.9972,117.1420,120.5633
2016-09-22,120.1105,123.0126,118.9084,121.7937
2016-09-23,123.0029,124.7089,122.5091,124.2103
2016-09-26,123.9954,124.6899,123.4460,124.1398
2016-09-27,122.6942,124.8827,119.0379,121.1998
2016-09-28,120.8921,121.5055,120.3003,120.9136
2016-09-29,121.8293,122.6759,118.9022,119.7343
2016-09-30,120.1039,122.1647,116.4716,118.5051
2016-10-03,118.3985,119.3400,118.3881,119.3295
2016-10-04,118.7126,118.8296,118.4363,118.5532
2016-10-05,120.0897,120.5773,118.8697,119.3543
2016-10-06,118.9745,119.7180,118.4881,119.2306
2016-10-07,118.5237,121.3785,118.0803,120.9261
2016-10-10,121.0818,121.4609,120.4416,120.8199
2016-10-11,121.4760,125.6465,119.0774,123.2137
2016-10-12,123.1221,123.8662,122.7858,123.5288
2016-10-13,124.9385,125.3844,121.4953,121.9305
2016-10-14,122.4425,124.4181,119.6451,121.6073
2016-10-17,121.2304,121.7059,120.8972,121.3723
2016-10-18,122.3581,123.1148,121.7735,122.5294
2016-10-19,121.6749,122.3575,120.9423,121.6246
2016-10-20,122.0377,125.3382,119.6176,122.9010
2016-10-21,123.5680,124.5749,121.9347,122.9364
2016-10-24,123.3155,124.0799,120.0497,120.7985
2016-10-25,120.7334,125.1870,118.8912,123.3056
2016-10-26,123.9141,124.2830,123.0767,123.4441
2016-10-27,123.4132,125.3683,120.8745,122.8203
2016-10-28,122.0489,122.8036,121.7100,122.4635
2016-10-31,122.3559,127.8510,118.2600,123.7099
2016-11-01,123.9620,125.0834,123.3725,124.4915
2016-11-02,124.4031,125.0967,123.2158,123.9066
2016-11-03,123.5959,125.6420,123.0891,125.1290
2016-11-04,124.2920,127.0765,121.9525,124.7288
2016-11-07,124.1350,128.0385,123.3623,127.2465
2016-11-08,127.0796,130.2363,127.0503,130.2063
2016-11-09,130.3649,131.4043,129.7413,130.7787
2016-11-10,129.7853,130.5471,129.4863,130.2471
2016-11-11,130.6803,134.1335,128.7316,132.1628
2016-11-14,132.2925,134.5316,128.9535,131.1736
2016-11-15,130.7060,131.8666,128.4809,129.6320
2016-11-16,128.7728,131.0964,127.9002,130.2141
2016-11-17,130.9580,132.7164,128.8768,130.6309
2016-11-18,131.7208,132.8336,129.8647,130.9711
2016-11-21,131.4612,137.4132,129.4820,135.3752
2016-11-22,135.6774,136.7442,131.5810,132.6238
2016-11-23,134.2235,134.4518,132.5682,132.7940
2016-11-24,131.5664,133.5423,131.5072,133.4823
2016-11-25,133.3292,135.1131,130.4449,132.2139
2016-11-28,131.8059,135.9494,130.2573,134.3707
2016-11-29,133.5652,134.4787,132.4355,133.3475
2016-11-30,134.1714,134.6689,133.3970,133.8934
2016-12-01,133.5941,135.1298,133.2964,134.8293
2016-12-02,135.3635,135.5734,134.5300,134.7390
2016-12-05,134.7148,137.7876,134.1875,137.2504
2016-12-06,137.4190,139.2339,135.6065,137.4214
2016-12-07,136.8418,139.4813,135.2339,137.8613
2016-12-08,137.1066,139.0871,134.0606,136.0255
2016-12-09,136.2303,142.0714,133.3141,139.0938
2016-12-12,137.8040,140.0165,137.6414,139.8515
2016-12-13,139.8170,140.9574,137.0588,138.1860
2016-12-14,137.4322,140.9682,134.0247,137.5576
2016-12-15,138.4798,139.1384,134.9523,135.5973
2016-12-16,134.4913,137.1811,133.7057,136.3844
2016-12-19,137.2718,139.3501,135.2364,137.3140
2016-12-20,136.8590,140.3232,136.7110,140.1715
2016-12-21,138.6026,142.8180,138.5079,142.7205
2016-12-22,144.2874,146.6713,143.9669,146.3461
2016-12-23,145.4364,149.4775,143.2340,147.2476
2016-12-26,146.6516,148.8204,146.3130,148.4776
2016-12-27,148.4522,148.9641,147.6927,148.2038
2016-12-28,147.9838,153.2907,142.3104,147.6036
2016-12-29,148.4145,150.8045,146.7673,149.1492
2016-12-30,148.8470,150.2324,146.5145,147.8910
2017-01-02,146.9162,148.2018,144.7962,146.0745
2017-01-03,147.0957,147.4586,145.7463,146.1068
2017-01-04,146.7964,147.2089,145.9787,146.3901
2017-01-05,146.7797,148.5769,145.8276,147.6193
2017-01-06,147.1264,150.4768,146.1219,149.4565
2017-01-09,149.9509,154.4477,148.5579,153.0261
2017-01-10,152.1273,159.2718,149.1565,156.2210
2017-01-11,155.4686,158.0996,153.5662,156.1884
2017-01-12,156.2600,158.0016,156.0627,157.8023
2017-01-13,156.5010,163.9865,153.3374,160.7373
2017-01-16,160.5989,163.6040,158.2903,161.2855
2017-01-17,160.5839,164.8406,160.4392,164.6921
2017-01-18,164.4391,166.1547,163.0799,164.7926
2017-01-19,166.2683,166.5192,164.7756,165.0247
2017-01-20,165.4048,169.2954,159.8176,163.6673
2017-01-23,164.0940,167.6253,163.8549,167.3814
2017-01-24,167.3417,169.1605,165.4081,167.2257
2017-01-25,169.0982,172.3915,168.2494,171.5305
2017-01-26,172.5652,172.6090,168.5455,168.5883
2017-01-27,168.4842,171.5712,166.7425,169.8157
2017-01-30,170.0830,170.5352,168.9586,169.4090
2017-01-31,168.6757,173.5682,164.8413,169.7102
2017-02-01,168.9393,170.0401,166.9857,168.0809
2017-02-02,167.7121,171.2148,164.9839,168.4742
2017-02-03,167.5577,169.6547,164.1294,166.2095
2017-02-06,166.3061,169.1261,161.9462,164.7396
2017-02-07,166.3593,166.8113,159.4340,159.8684
2017-02-08,160.3842,164.1363,159.8995,163.6418
2017-02-09,164.4380,166.5428,161.2140,163.3043
2017-02-10,163.4109,166.0395,163.4005,166.0288
2017-02-13,166.3523,168.7707,166.2942,168.7119
2017-02-14,168.6080,173.5567,168.1753,173.1124
2017-02-15,172.7641,173.4893,171.7257,172.4497
2017-02-16,171.7761,171.8028,171.6489,171.6756
2017-02-17,171.0974,174.4682,166.8939,170.2479
2017-02-20,170.9853,174.9079,166.9603,170.8805
2017-02-21,169.5978,171.0673,166.5261,167.9816
2017-02-22,167.8181,171.1814,167.0979,170.4500
2017-02-23,171.3521,173.5337,170.3669,172.5416
2017-02-24,174.1511,176.1016,171.2423,173.1820
2017-02-27,173.0907,173.7446,170.9882,171.6366
2017-02-28,170.6829,170.8109,168.7124,168.8390
2017-03-01,169.2536,169.4305,165.8914,166.0651
2017-03-02,166.6906,169.9662,162.7284,165.9903
2017-03-03,164.8074,170.7986,161.1030,167.0439
2017-03-06,166.5715,167.6133,162.9654,163.9911
2017-03-07,164.7043,166.0469,160.9301,162.2528
2017-03-08,161.3400,163.4926,160.6177,162.7639
2017-03-09,164.9194,165.8320,160.6687,161.5627
2017-03-10,163.6637,165.7493,161.8807,163.9631
2017-03-13,164.3339,165.9209,163.8300,165.4137
2017-03-14,164.6690,170.7403,162.2001,168.2182
2017-03-15,168.6942,173.3556,166.2336,170.8633
2017-03-16,170.6611,173.9258,169.2102,172.4595
2017-03-17,173.6809,174.8104,171.4196,172.5417
2017-03-20,172.6452,173.1217,171.7322,172.2075
2017-03-21,171.7680,173.6071,168.3265,170.1482
2017-03-22,168.5471,173.2905,166.9639,171.6779
2017-03-23,170.2136,173.9766,168.4251,172.1676
2017-03-24,172.4709,173.6888,169.8715,171.0795
2017-03-27,169.7812,173.3913,169.0233,172.6207
2017-03-28,169.3945,172.6341,168.3757,171.6021
2017-03-29,170.2489,173.2404,168.4347,171.4138
2017-03-30,169.3419,174.4650,169.1992,174.3181
2017-03-31,174.9580,176.1373,173.2764,174.4523
2017-04-03,173.0023,177.7636,170.7190,175.4481
2017-04-04,176.6016,180.9294,173.7649,178.0692
2017-04-05,177.6557,182.1474,172.1332,176.5982
2017-04-06,178.0649,178.3473,170.4225,170.6932
2017-04-07,171.0543,174.6193,168.9707,172.5178
2017-04-10,173.9473,174.0771,171.4003,171.5283
2017-04-11,171.7023,174.7274,170.8846,173.8991
2017-04-12,173.8596,176.9239,169.6221,172.6654
2017-04-13,174.1441,175.4796,173.9680,175.3023
2017-04-14,174.9909,176.2373,174.3389,175.5831
2017-04-17,175.7337,177.8923,174.3641,176.5166
2017-04-18,175.3089,178.8583,174.2800,177.8147
2017-04-19,177.3302,178.6617,177.0550,178.3848
2017-04-20,178.0271,178.2985,175.0746,175.3419
2017-04-21,175.3524,176.6001,169.3735,170.5873
2017-04-24,171.8545,172.9147,168.4521,169.4978
2017-04-25,169.2716,169.3363,167.0594,167.1233
2017-04-26,167.4248,170.6603,163.1119,166.3261
2017-04-27,166.0712,166.2169,164.8480,164.9927
2017-04-28,164.8309,165.1133,164.2847,164.5666
2017-05-01,164.5172,168.6017,164.2356,168.3135
2017-05-02,168.0134,168.8837,164.2761,165.1315
2017-05-03,164.9362,165.8403,164.0819,164.9858
2017-05-04,164.5986,166.6675,163.7373,165.7999
2017-05-05,166.2230,168.4124,160.6958,162.8406
2017-05-08,162.6419,164.0360,162.2823,163.6742
2017-05-09,163.6248,165.8753,162.9471,165.1911
2017-05-10,164.3035,166.3047,160.5403,162.5197
2017-05-11,163.2162,165.0737,160.0782,161.9211
2017-05-12,161.8487,164.8003,160.3460,163.2843
2017-05-15,164.2688,167.1368,163.4941,166.3522
2017-05-16,166.0391,167.0825,164.7337,165.7754
2017-05-17,166.2918,168.6872,165.0082,167.3951
2017-05-18,166.3531,170.5900,165.1369,169.3518
2017-05-19,169.6383,171.7421,168.8489,170.9466
2017-05-22,170.6859,170.7724,169.3983,169.4842
2017-05-23,170.6535,173.8197,168.3912,171.5455
2017-05-24,173.2745,177.0387,171.5274,175.2714
2017-05-25,176.1834,179.5161,173.4572,176.7807
2017-05-26,177.2100,179.0340,176.0153,177.8351
2017-05-29,176.9375,177.0420,175.0754,175.1788
2017-05-30,175.4718,175.9090,174.7244,175.1608
2017-05-31,175.5057,178.4729,175.1046,178.0659
2017-06-01,177.8344,180.6574,172.6333,175.4179
2017-06-02,173.1956,176.4903,173.1884,176.4829
2017-06-05,175.9101,179.0566,174.8016,177.9353
2017-06-06,178.2564,181.1527,174.8104,177.6976
2017-06-07,176.9769,179.2896,176.2282,178.5343
2017-06-08,178.3456,178.8263,177.1184,177.5971
2017-06-09,178.4903,181.7540,174.3849,177.6329
2017-06-12,178.6393,182.6371,173.5683,177.5415
2017-06-13,177.1793,184.3218,173.9678,181.0403
2017-06-14,180.6637,186.8478,177.4399,183.5721
2017-06-15,184.6181,185.3063,179.6416,180.3138
2017-06-16,178.8990,181.9947,177.4362,180.5186
2017-06-19,178.6957,185.2353,175.4789,181.9597
2017-06-20,183.3616,186.6793,175.7425,178.9809
2017-06-21,178.3916,183.7498,175.9668,181.2857
2017-06-22,179.8761,182.8544,179.8144,182.7917
2017-06-23,181.9282,184.2733,180.9576,183.2954
2017-06-26,184.3771,186.8439,179.9734,182.4139
2017-06-27,181.3711,181.6209,177.8875,178.1328
2017-06-28,178.1977,183.0809,176.6611,181.5156
2017-06-29,181.3082,183.8776,175.0565,177.5730
2017-06-30,178.2870,183.2125,175.5833,180.4756
2017-07-03,180.2324,181.0791,178.0108,178.8511
2017-07-04,179.5914,184.1710,176.8802,181.4320
2017-07-05,182.2719,183.6959,181.8424,183.2640
2017-07-06,181.7730,189.2938,180.5147,187.9925
2017-07-07,187.9488,193.9043,183.9920,189.9063
2017-07-10,188.7141,192.8849,186.8183,190.9665
2017-07-11,189.7932,196.6736,187.0568,193.8783
2017-07-12,194.3820,195.5275,193.4878,194.6322
2017-07-13,194.0259,196.9076,192.4045,195.2758
2017-07-14,196.0912,199.0689,190.7890,193.7309
2017-07-17,193.7240,195.7115,187.7484,189.6945
2017-07-18,189.6435,190.2655,185.4265,186.0367
2017-07-19,187.5429,187.9667,184.4958,184.9136
2017-07-20,184.3766,185.1915,183.5767,184.3915
2017-07-21,185.3013,189.0997,183.9834,187.7644
2017-07-24,188.5631,191.3373,181.9943,184.7118
2017-07-25,181.7413,185.1576,180.0537,183.4542
2017-07-26,182.9575,183.9745,181.2909,182.3043
2017-07-27,182.5248,186.7411,176.7634,180.9432
2017-07-28,179.8755,183.0575,179.0296,182.2007
2017-07-31,182.7070,185.1972,181.8103,184.2927
2017-08-01,183.8014,184.8820,181.6767,182.7511
2017-08-02,180.5967,183.2229,179.7071,182.3247
2017-08-03,182.8308,185.6881,181.2995,184.1458
2017-08-04,184.6761,188.1522,180.6587,184.1243
2017-08-07,184.2854,184.3813,183.3499,183.4454
2017-08-08,184.2701,185.5528,180.6030,181.8690
2017-08-09,182.3355,185.3617,178.2611,181.2697
2017-08-10,181.7490,183.5533,180.6155,182.4157
2017-08-11,181.4986,186.0691,177.8450,182.3974
2017-08-14,182.5553,185.2609,181.0018,183.6977
2017-08-15,184.1602,185.9521,183.4168,185.2045
2017-08-16,186.1583,186.4725,186.1521,186.4663
2017-08-17,186.9122,187.6398,184.4045,185.1251
2017-08-18,184.8337,188.6575,184.5338,188.3519
2017-08-21,186.7443,190.2503,186.1521,189.6489
2017-08-22,189.6852,190.9032,189.5146,190.7317
2017-08-23,190.6556,191.2631,190.2748,190.8818
2017-08-24,189.7226,191.0922,189.2030,190.5703
2017-08-25,190.4845,191.0527,189.0544,189.6199
2017-08-28,189.8790,191.6301,185.0360,186.7583
2017-08-29,188.1380,189.2742,184.7270,185.8494
2017-08-30,184.2818,187.4936,183.2141,186.4135
2017-08-31,187.1098,189.3842,185.3709,187.6404
2017-09-01,186.0652,193.2012,184.8596,191.9574
2017-09-04,189.0631,190.1164,188.5756,189.6275
2017-09-05,190.6362,191.5756,188.3946,189.3275
2017-09-06,190.4166,192.4423,184.6347,186.6201
2017-09-07,187.3530,189.9333,183.1665,185.7243
2017-09-08,185.4184,189.2333,184.2744,188.0729
2017-09-11,185.6821,187.2691,182.2134,183.7841
2017-09-12,182.9928,183.8688,180.8177,181.6875
2017-09-13,182.0401,184.5750,181.2257,183.7530
2017-09-14,184.6041,185.9166,184.5300,185.8420
2017-09-15,187.3921,187.4011,187.1082,187.1172
2017-09-18,186.2627,187.7906,186.0376,187.5639
2017-09-19,186.8740,189.0369,185.2953,187.4534
2017-09-20,186.4432,188.9092,186.1825,188.6454
2017-09-21,187.6743,187.7089,187.5634,187.5979
2017-09-22,187.9886,190.9098,184.1970,187.1045
2017-09-25,187.0012,188.4548,185.5720,187.0254
2017-09-26,186.7088,191.0118,185.8194,190.1062
2017-09-27,190.8095,192.5097,185.5455,187.2136
2017-09-28,185.6954,190.6065,184.6133,189.5023
2017-09-29,189.2770,190.6904,183.3429,184.7223
2017-10-02,185.4904,188.8656,185.4377,188.8120
2017-10-03,189.5337,190.1469,185.7897,186.3927
2017-10-04,185.6686,188.4035,184.9479,187.6749
2017-10-05,188.3575,189.8624,185.4270,186.9204
2017-10-06,186.9358,189.1590,186.4359,188.6545
2017-10-09,188.5490,190.8124,187.3555,189.6121
2017-10-10,189.4393,193.9978,187.2485,191.7799
2017-10-11,193.4084,194.2363,190.3616,191.1799
2017-10-12,190.8871,192.7041,189.6736,191.4867
2017-10-13,191.4234,192.8728,190.9749,192.4219
2017-10-16,192.0496,193.7728,189.2096,190.9227
2017-10-17,192.2249,193.6201,188.7768,190.1570
2017-10-18,189.5751,197.4223,186.8459,194.6205
2017-10-19,195.0981,195.2324,192.1119,192.2442
2017-10-20,192.7448,194.0735,191.4634,192.7918
2017-10-23,194.1341,198.8936,191.3412,196.0729
2017-10-24,195.6590,199.2189,194.0569,197.6009
2017-10-25,197.3021,201.0742,196.8421,200.6065
2017-10-26,201.0176,202.0595,193.9535,194.9641
2017-10-27,195.9701,196.4071,195.3998,195.8366
2017-10-30,196.1843,197.8795,192.6200,194.2989
2017-10-31,195.0126,203.4174,193.1509,201.4938
2017-11-01,201.4674,201.5615,200.5295,200.6231
2017-11-02,199.4327,202.4655,199.2033,202.2328
2017-11-03,203.2382,209.5274,201.0047,207.2498
2017-11-06,207.4038,208.4473,204.4263,205.4600
2017-11-07,206.4378,217.5230,199.5857,210.5349
2017-11-08,210.9277,211.4678,210.1437,210.6832
2017-11-09,211.4185,211.4490,211.1431,211.1735
2017-11-10,210.3867,211.0612,210.2973,210.9715
2017-11-13,210.4046,212.2041,206.9561,208.7414
2017-11-14,208.7937,215.7178,200.4519,207.3273
2017-11-15,207.2610,210.4950,203.1840,206.4046
2017-11-16,204.9081,210.8974,204.0290,209.9965
2017-11-17,209.0865,209.8612,207.7834,208.5561
2017-11-20,208.2925,211.4394,207.6583,210.7976
2017-11-21,210.0152,220.9297,205.1259,215.9034
2017-11-22,216.3964,219.2487,213.0828,215.9289
2017-11-23,216.6652,221.1073,216.1033,220.5354
2017-11-24,222.0722,222.3962,217.5643,217.8822
2017-11-27,217.2797,227.6993,213.1908,223.4935
2017-11-28,224.4036,227.7382,222.7434,226.0656
2017-11-29,227.1597,229.1611,226.4307,228.4280
2017-11-30,228.1187,231.5481,223.1362,226.5419
2017-12-01,226.6761,229.3476,219.2461,221.8608
2017-12-04,221.1877,223.4607,220.0773,222.3445
2017-12-05,221.8010,224.1425,219.6214,221.9613
2017-12-06,224.3889,225.6288,219.0967,220.3141
2017-12-07,218.6424,219.0582,216.2355,216.6475
2017-12-08,217.9599,218.4301,215.7801,216.2466
2017-12-11,216.7211,219.1493,213.5871,216.0074
2017-12-12,216.2854,221.0128,214.4917,219.1950
2017-12-13,217.1123,217.1309,216.5328,216.5513
2017-12-14,216.0988,222.0451,214.1839,220.0948
2017-12-15,220.1593,227.8365,214.9752,222.5951
2017-12-18,224.1226,224.8893,216.6170,217.3606
2017-12-19,217.8125,224.0182,215.2457,221.4090
2017-12-20,220.3883,229.9813,219.2129,228.7613
2017-12-21,229.0108,233.8355,225.7908,230.5932
2017-12-22,230.5176,230.8148,225.6349,225.9262
2017-12-25,226.0424,228.4953,225.6752,228.1247
2017-12-26,226.8954,233.9506,224.4010,231.4066
2017-12-27,229.8705,233.3751,225.1216,228.6070
2017-12-28,228.0410,234.2067,216.7991,222.8237
2017-12-29,223.6506,224.7824,218.2125,219.3224
2018-01-01,220.6932,221.4504,217.8287,218.5787
2018-01-02,219.1888,219.1972,215.4428,215.4510
2018-01-03,214.4755,220.2965,214.0734,219.8843
2018-01-04,219.3775,229.0127,216.9122,226.4678
2018-01-05,225.9345,228.1515,220.7094,222.8966
2018-01-08,222.2294,224.5709,220.9895,223.3249
2018-01-09,223.4433,226.4979,218.7201,221.7515
2018-01-10,222.8438,226.7477,220.9143,224.8013
2018-01-11,224.8717,227.0188,221.7703,223.9082
2018-01-12,223.7691,226.7264,222.4359,225.3836
2018-01-15,224.2581,227.4116,222.4676,225.6103
2018-01-16,226.6403,227.4570,224.5866,225.3988
2018-01-17,225.8788,230.8418,225.5845,230.5415
2018-01-18,229.6004,231.3937,224.4704,226.2374
2018-01-19,227.6781,228.6619,224.4275,225.4015
2018-01-22,226.1113,233.4249,220.8107,228.0782
2018-01-23,229.9732,230.2915,226.0061,226.3193
2018-01-24,227.8997,228.8990,226.3961,227.3932
2018-01-25,226.5354,229.1363,225.8830,228.4783
2018-01-26,228.4080,230.8981,226.1598,228.6476
2018-01-29,228.5453,229.8868,226.4679,227.8052
2018-01-30,229.9355,239.6149,225.0496,234.6292
2018-01-31,234.5857,237.3965,230.9103,233.7107
2018-02-01,234.1644,237.2359,231.1395,234.2105
2018-02-02,234.6401,236.2780,234.4546,236.0914
2018-02-05,237.6713,246.1143,236.0919,244.4896
2018-02-06,243.5631,247.3814,235.3743,239.1230
2018-02-07,241.5401,246.4051,240.1556,245.0008
2018-02-08,244.1288,244.9863,243.8016,244.6584
2018-02-09,245.5492,245.6938,241.0266,241.1687
2018-02-12,242.9723,244.3598,240.7377,242.1203
2018-02-13,240.6886,244.5280,239.5411,243.3677
2018-02-14,244.2496,244.8352,241.5779,242.1585
2018-02-15,241.5426,250.1488,239.1404,247.6855
2018-02-16,248.5756,251.2924,243.1734,245.8605
2018-02-19,247.0626,252.1961,246.5301,251.6537
2018-02-20,252.9293,253.9551,251.6659,252.6907
2018-02-21,252.5799,253.6521,248.2675,249.3259
2018-02-22,250.2694,253.2069,249.6960,252.6281
2018-02-23,251.2924,255.7692,250.1839,254.6460
2018-02-26,255.3180,257.4917,251.0733,253.2293
2018-02-27,252.7522,254.4705,252.6705,254.3882
2018-02-28,253.5559,258.0166,252.8262,257.2762
2018-03-01,258.3069,259.2088,256.0926,256.9898
2018-03-02,255.0132,263.3113,251.1603,259.3922
2018-03-05,257.5438,259.8307,253.7836,256.0573
2018-03-06,257.4876,258.2129,256.3925,257.1168
2018-03-07,258.2948,258.9805,255.4082,256.0881
2018-03-08,254.0914,258.1042,250.5546,254.5609
2018-03-09,255.1028,259.5146,245.6594,249.9827
2018-03-12,248.1018,251.8680,246.9655,250.7197
2018-03-13,249.7708,257.0995,247.4011,254.6832
2018-03-14,255.6241,258.7298,251.9719,255.0709
2018-03-15,252.7682,254.6341,250.6691,252.5332
2018-03-16,253.2123,255.2085,244.0068,245.9458
2018-03-19,247.2729,248.7002,245.0698,246.4926
2018-03-20,245.1462,248.7702,240.2539,243.8589
2018-03-21,243.1381,243.7447,241.2515,241.8549
2018-03-22,242.8088,245.4915,241.1756,243.8512
2018-03-23,244.8944,250.6014,241.6749,247.3497
2018-03-26,246.7118,248.9730,242.5705,244.8143
2018-03-27,245.6017,251.9532,241.1937,247.5110
2018-03-28,245.4186,250.6391,243.4454,248.6399
2018-03-29,249.0958,251.0664,249.0012,250.9711
2018-03-30,251.4285,252.3905,247.7512,248.7027
2018-04-02,247.1541,249.4194,244.6133,246.8760
2018-04-03,247.1927,248.3925,241.9461,243.1262
2018-04-04,245.5906,247.4370,241.7867,243.6183
2018-04-05,243.3952,252.2680,239.6127,248.4075
2018-04-06,246.9114,253.9279,246.3626,253.3647
2018-04-09,253.1487,258.4631,244.1985,249.4349
2018-04-10,250.0174,259.0730,246.7254,255.7062
2018-04-11,255.1775,256.4829,253.6701,254.9744
2018-04-12,256.4788,258.7670,251.5152,253.7794
2018-04-13,257.1958,259.0077,252.8752,254.6693
2018-04-16,254.2976,257.2577,252.4902,255.4422
2018-04-17,255.2679,255.3532,254.4016,254.4866
2018-04-18,252.6271,256.2630,244.5071,248.0776
2018-04-19,247.6414,257.3208,238.9536,248.5994
2018-04-20,249.1666,250.3377,246.4746,247.6385
2018-04-23,248.6857,248.6918,248.6541,248.6602
2018-04-24,249.3377,250.5180,243.5979,244.7565
2018-04-25,245.2701,247.7127,237.2528,239.6393
2018-04-26,238.5239,242.4621,237.9842,241.9147
2018-04-27,243.0246,248.0241,241.3637,246.3406
2018-04-30,245.2623,246.9170,241.3880,243.0276
2018-05-01,240.1960,242.8943,239.6964,242.3901
2018-05-02,241.2124,244.4916,237.6582,240.9336
2018-05-03,242.1009,243.2782,234.5823,235.7287
2018-05-04,236.1195,236.2455,232.2734,232.3974
2018-05-07,232.4718,239.6788,231.6412,238.8255
2018-05-08,239.6532,242.4737,234.5155,237.3084
2018-05-09,236.5416,237.1464,234.8684,235.4704
2018-05-10,235.0477,238.5867,231.7483,235.2839
2018-05-11,237.2449,237.5834,235.3913,235.7276
2018-05-14,235.9849,240.0136,229.0427,233.0207
2018-05-15,233.7420,235.2152,231.2354,232.7020
2018-05-16,231.6544,237.4347,231.1208,236.8890
2018-05-17,239.0481,243.7288,229.1678,233.7447
2018-05-18,233.2382,233.4855,228.8122,229.0551
2018-05-21,227.6388,232.3054,227.2580,231.9176
2018-05-22,230.8450,238.9005,225.2104,233.2082
2018-05-23,230.7974,236.4376,225.9966,231.6197
2018-05-24,233.5553,233.8861,232.4461,232.7758
2018-05-25,231.6758,233.6155,228.7105,230.6415
2018-05-28,231.1933,234.9198,229.2515,232.9631
2018-05-29,233.2071,236.9310,231.3818,235.0911
2018-05-30,236.0217,239.0151,227.3906,230.3116
2018-05-31,228.3229,232.9300,226.6649,231.2507
2018-06-01,230.7861,235.6165,227.9728,232.7789
2018-06-04,231.8228,233.4666,226.5192,228.1369
2018-06-05,228.1570,234.1059,226.6066,232.5258
2018-06-06,232.4894,232.7080,229.9505,230.1669
2018-06-07,229.4389,232.7813,227.9960,231.3265
2018-06-08,231.7078,233.5994,227.0081,228.8766
2018-06-11,230.4201,234.8678,227.4928,231.9215
2018-06-12,231.3911,235.4480,222.7966,226.7724
2018-06-13,228.2906,230.1478,221.7716,223.5905
2018-06-14,223.0349,224.4223,221.1683,222.5527
2018-06-15,223.1568,226.3793,220.4060,223.6228
2018-06-18,224.5884,226.5203,223.9548,225.8831
2018-06-19,227.3740,232.0156,218.1151,222.6605
2018-06-20,223.4321,228.8501,220.6981,226.0837
2018-06-21,224.8066,231.3513,223.8370,230.3577
2018-06-22,229.6541,232.5356,225.1756,228.0367
2018-06-25,227.0256,228.4088,226.0094,227.3910
2018-06-26,226.6965,227.3696,221.1422,221.8007
2018-06-27,221.0285,225.5385,220.5303,225.0313
2018-06-28,227.3400,227.4940,226.8952,227.0490
2018-06-29,228.3423,234.1362,224.4419,230.2040
2018-07-02,231.6243,237.6248,228.5532,234.5154
2018-07-03,233.1208,236.5325,233.0632,236.4741
2018-07-04,236.8612,246.6821,234.5584,244.3070
2018-07-05,245.8599,247.5210,240.0837,241.7167
2018-07-06,242.3014,243.0932,238.0219,238.8023
2018-07-09,240.2637,242.8986,237.2975,239.9287
2018-07-10,240.4578,240.9067,237.8094,238.2542
2018-07-11,239.0786,244.7897,238.5643,244.2643
2018-07-12,242.8327,243.1334,242.3045,242.6049
2018-07-13,241.9807,243.7542,239.3786,241.1459
2018-07-16,239.6605,246.8468,238.9296,246.0963
2018-07-17,243.9580,245.3124,242.4539,243.8075
2018-07-18,245.6607,247.7236,242.0147,244.0642
2018-07-19,242.2722,243.7466,241.6925,243.1647
2018-07-20,242.8083,246.5753,241.1642,244.9169
2018-07-23,245.1087,246.5122,244.7778,246.1799
2018-07-24,245.1722,249.2167,241.0212,245.0639
2018-07-25,246.4333,247.2041,243.5904,244.3548
2018-07-26,243.3194,245.7291,238.9297,241.3195
2018-07-27,241.1318,248.2487,236.4538,243.5243
2018-07-30,242.3423,244.7435,238.9823,241.3739
2018-07-31,242.6478,242.9353,240.2715,240.5566
2018-08-01,239.9502,245.8885,239.4215,245.3479
2018-08-02,245.2879,246.5905,240.2268,241.5093
2018-08-03,241.3140,243.4734,237.7237,239.8702
2018-08-06,240.8646,243.9195,237.1755,240.2222
2018-08-07,240.6911,242.0348,238.7935,240.1341
2018-08-08,240.6248,241.1551,236.9617,237.4851
2018-08-09,238.9375,239.6937,238.2590,239.0151
2018-08-10,238.9557,242.2654,238.7248,242.0315
2018-08-13,240.3805,243.1088,240.0521,242.7771
2018-08-14,241.5523,246.8024,236.1865,241.4340
2018-08-15,241.5247,246.0581,241.0914,245.6174
2018-08-16,244.5653,247.7227,238.7018,241.8238
2018-08-17,245.2233,246.0393,241.5919,242.3985
2018-08-20,242.7287,244.4813,241.4414,243.1915
2018-08-21,242.0742,249.3153,240.5490,247.7543
2018-08-22,246.6341,249.5090,241.7719,244.6233
2018-08-23,244.3431,244.6628,244.1547,244.4743
2018-08-24,242.8951,254.8465,239.6084,251.4441
2018-08-27,251.9468,253.7511,244.2143,245.9758
2018-08-28,243.8804,252.6319,241.6491,250.3415
2018-08-29,249.9274,251.7910,248.6447,250.5054
2018-08-30,252.7030,255.3291,246.5917,249.1812
2018-08-31,249.7962,251.4596,247.3144,248.9723
2018-09-03,249.0739,257.6134,247.2131,255.7031
2018-09-04,253.2679,261.8983,251.7219,260.3093
2018-09-05,260.0497,264.2015,255.3124,259.4547
2018-09-06,259.3076,266.5713,255.7135,262.9270
2018-09-07,263.7992,265.2077,263.0022,264.4088
2018-09-10,265.5837,267.9538,260.6289,262.9757
2018-09-11,263.6350,268.4759,261.4753,266.2945
2018-09-12,266.3513,268.2985,258.9243,260.8312
2018-09-13,260.5049,263.1832,257.2357,259.9079
2018-09-14,260.1743,268.0120,255.6312,263.4124
2018-09-17,262.5458,266.2429,261.8135,265.5025
2018-09-18,267.1605,267.6714,266.2287,266.7388
2018-09-19,268.7398,272.2397,264.5633,268.0543
2018-09-20,267.1818,271.2135,256.9720,260.9090
2018-09-21,260.9338,265.2589,257.0894,261.4075
2018-09-24,258.8947,266.4656,255.9870,263.5062
2018-09-25,263.2285,263.5051,263.0467,263.3232
2018-09-26,263.2135,265.9197,262.2764,264.9763
2018-09-27,266.1266,267.7211,258.9258,260.4866
2018-09-28,258.9945,260.8557,257.5628,259.4216
2018-10-01,258.7138,260.7028,257.0633,259.0502
2018-10-02,259.9540,265.7132,259.7138,265.4679
2018-10-03,265.7591,269.6671,259.3222,263.1924
2018-10-04,262.0813,266.2229,257.9104,262.0516
2018-10-05,265.7086,266.4607,258.1823,258.9152
2018-10-08,259.2805,266.4593,254.1035,261.2432
2018-10-09,260.5289,262.9800,258.8377,261.2839
2018-10-10,261.0689,264.2659,259.4113,262.5985
2018-10-11,261.7721,270.7428,256.8096,265.7057
2018-10-12,266.5539,267.2590,263.0753,263.7731
2018-10-15,262.8694,263.0190,262.0278,262.1771
2018-10-16,264.0765,270.3270,252.9977,259.1312
2018-10-17,259.3927,262.5290,257.1315,260.2603
2018-10-18,259.4043,270.4660,257.4001,268.3923
2018-10-19,267.9166,269.8892,267.2468,269.2162
2018-10-22,271.8543,274.9030,267.0894,270.1186
2018-10-23,271.9576,276.4050,270.7467,275.1798
2018-10-24,276.1551,283.4984,268.5746,275.9114
2018-10-25,276.1445,278.6579,271.1352,273.6257
2018-10-26,275.1257,280.8826,272.3357,278.0629
2018-10-29,279.8035,282.0566,271.6031,273.8079
2018-10-30,275.2554,280.8065,265.8137,271.2847
2018-10-31,272.1041,272.2499,268.6736,268.8176
2018-11-01,267.9074,272.7524,267.7020,272.5434
2018-11-02,272.5849,279.7383,269.6270,276.7353
2018-11-05,276.8249,280.7197,272.9705,276.8647
2018-11-06,279.0721,279.3435,276.5981,276.8673
2018-11-07,275.0557,275.8293,273.3089,274.0797
2018-11-08,274.2632,277.7376,267.7114,271.1462
2018-11-09,272.5677,273.4058,269.3251,270.1557
2018-11-12,270.7591,272.7387,269.6482,271.6242
2018-11-13,271.8418,273.8097,268.9194,270.8804
2018-11-14,275.1705,276.2768,272.5046,273.6046
2018-11-15,273.6470,276.2005,267.3585,269.8768
2018-11-16,268.9140,276.0958,266.1099,273.2465
2018-11-19,274.3675,280.7996,262.0204,268.3105
2018-11-20,266.3739,274.6968,262.9920,271.2530
2018-11-21,273.4087,276.2686,268.6094,271.4487
2018-11-22,273.5876,273.6494,268.0176,268.0781
2018-11-23,269.3878,272.7990,267.4528,270.8535
2018-11-26,268.9999,275.7473,266.1477,272.8543
2018-11-27,273.1604,274.0419,272.0612,272.9420
2018-11-28,274.9539,275.6312,274.3684,275.0456
2018-11-29,274.5868,278.4476,273.5466,277.3967
2018-11-30,278.0497,279.2665,277.2213,278.4370
2018-12-03,275.7377,282.7760,273.5040,280.5037
2018-12-04,281.4441,281.7641,277.2500,277.5656
2018-12-05,279.6909,284.6012,272.0782,276.9402
2018-12-06,275.8210,276.6520,275.2579,276.0884
2018-12-07,275.8455,276.1751,269.8045,270.1273
2018-12-10,271.2670,276.2563,267.3601,272.3340
2018-12-11,273.9250,275.1234,267.3066,268.4813
2018-12-12,268.5281,275.3577,266.2110,273.0020
2018-12-13,274.7487,276.3373,269.5727,271.1404
2018-12-14,270.7698,277.4149,266.3220,272.9316
2018-12-17,272.8026,278.4563,268.6213,274.2528
2018-12-18,273.9759,276.8730,272.9614,275.8515
2018-12-19,273.6699,275.4559,273.4001,275.1847
2018-12-20,273.8997,283.9998,271.8168,281.8564
2018-12-21,281.4676,286.8219,279.0318,284.3610
2018-12-24,284.1033,286.7489,281.3320,283.9764
2018-12-25,282.0290,284.1832,279.9825,282.1359
2018-12-26,284.2284,284.8116,281.0914,281.6693
2018-12-27,280.0677,286.8058,278.2549,284.9614
2018-12-28,284.6907,298.2185,279.7780,293.1596
2018-12-31,293.1503,293.9144,289.5653,290.3220
2019-01-01,293.3325,296.5704,289.2858,292.5146
2019-01-02,296.2276,302.0306,290.3381,296.1394
2019-01-03,295.9892,299.0129,292.2714,295.2879
2019-01-04,295.9825,299.2903,294.1102,297.4089
2019-01-07,295.4542,297.4389,291.8972,293.8712
2019-01-08,294.1673,294.8531,291.1619,291.8422
2019-01-09,290.7975,293.4432,289.7079,292.3477
2019-01-10,292.7556,294.3136,290.5848,292.1396
2019-01-11,290.8491,301.9767,289.1273,300.1997
2019-01-14,300.3557,308.5954,300.1818,308.4167
2019-01-15,309.6767,314.0430,304.6550,309.0120
2019-01-16,306.9164,316.1933,302.9238,312.1329
2019-01-17,311.9653,313.4776,306.4232,307.9158
2019-01-18,311.3717,311.9989,301.4806,302.0892
2019-01-21,301.9451,306.4503,301.5565,306.0565
2019-01-22,308.3267,308.3964,306.4714,306.5407
2019-01-23,307.6042,312.0760,299.4862,303.9041
2019-01-24,302.0290,308.9483,299.6437,306.5274
2019-01-25,305.6675,307.7568,299.9220,301.9861
2019-01-28,302.3613,305.1755,297.5249,300.3201
2019-01-29,299.6264,306.2549,294.5465,301.1491
2019-01-30,301.7094,304.2858,296.5317,299.0857
2019-01-31,299.3212,301.5637,296.8622,299.1030
2019-02-01,297.6626,304.2283,293.2054,299.7400
2019-02-04,298.4109,302.5731,294.0084,298.1672
2019-02-05,298.2090,301.4934,298.1885,301.4726
2019-02-06,304.1921,304.2976,299.6580,299.7619
2019-02-07,300.5765,308.1017,299.4969,306.9990
2019-02-08,307.5966,307.8298,307.1716,307.4046
2019-02-11,307.5596,314.6492,304.9784,312.0306
2019-02-12,314.6028,316.9556,309.2217,311.5518
2019-02-13,312.3121,314.7889,304.2612,306.6934
2019-02-14,304.7333,305.3161,303.5437,304.1254
2019-02-15,306.3848,309.1998,300.5624,303.3495
2019-02-18,305.2975,306.2853,296.6422,297.6052
2019-02-19,298.3311,301.4896,294.0069,297.1530
2019-02-20,296.6673,303.2629,292.2376,298.8013
2019-02-21,299.7938,307.7332,299.0362,306.9576
2019-02-22,307.5829,316.4001,302.7696,311.5251
2019-02-25,308.8688,320.0977,305.7601,316.9081
2019-02-26,316.3385,319.8464,313.8706,317.3705
2019-02-27,317.8032,319.3050,308.1961,309.6594
2019-02-28,311.3149,313.0413,304.8010,306.5007
2019-03-01,304.3731,304.7617,300.6967,301.0811
2019-03-04,300.3338,303.3627,298.9492,301.9706
2019-03-05,301.9233,308.3370,300.2255,306.6129
2019-03-06,307.3616,307.7254,300.4791,300.8352
2019-03-07,298.7816,308.2878,297.2287,306.6937
2019-03-08,306.8444,307.5777,300.6852,301.4054
2019-03-11,302.3147,306.2269,298.0665,301.9743
2019-03-12,301.6332,312.5751,297.9691,308.8236
2019-03-13,307.5804,322.1010,303.1322,317.5092
2019-03-14,318.8738,323.9244,313.1876,318.2280
2019-03-15,320.2761,322.4970,316.9512,319.1643
2019-03-18,320.3423,325.6819,311.0519,316.3246
2019-03-19,316.5948,316.6701,314.7370,314.8119
2019-03-20,313.2878,321.8783,309.2452,317.7778
2019-03-21,319.2415,321.2657,316.7077,318.7286
2019-03-22,320.0424,323.1049,315.3234,318.3699
2019-03-25,316.6157,316.9374,316.3790,316.7007
2019-03-26,315.1319,322.0163,313.2407,320.0953
2019-03-27,320.1102,325.6928,315.8770,321.4420
2019-03-28,322.2218,330.0087,319.5665,327.3114
2019-03-29,327.1224,333.5460,318.4862,324.8656
2019-04-01,324.5043,326.8331,322.8014,325.1269
2019-04-02,324.4203,328.8722,319.5218,323.9675
2019-04-03,322.0687,322.1858,317.6362,317.7517
2019-04-04,318.5911,322.5329,315.1655,319.1018
2019-04-05,317.7229,317.7817,315.7864,315.8449
2019-04-08,315.9106,322.9649,303.2535,310.1798
2019-04-09,310.2611,312.3058,308.9956,311.0372
2019-04-10,309.9829,318.5487,306.2702,314.7785
2019-04-11,313.3405,316.0511,310.1516,312.8580
2019-04-12,313.2440,316.3622,305.1959,308.2645
2019-04-15,308.9497,312.8610,300.5075,304.3608
2019-04-16,304.0998,304.1467,299.0747,299.1209
2019-04-17,295.8664,312.6963,288.6827,305.2840
2019-04-18,305.0175,310.3321,304.0957,309.3970
2019-04-19,309.0383,310.8996,304.6549,306.5010
2019-04-22,305.1246,307.6592,304.3881,306.9184
2019-04-23,308.3691,309.7078,305.3076,306.6388
2019-04-24,306.3747,314.8310,302.0657,310.4645
2019-04-25,310.0246,313.2569,305.9506,309.1741
2019-04-26,308.2854,313.1253,303.7421,308.5777
2019-04-29,311.2270,313.2636,309.6924,311.7266
2019-04-30,310.2308,311.5100,309.1386,310.4171
2019-05-01,310.2199,313.5903,304.5427,307.8878
2019-05-02,306.4625,309.8500,306.2078,309.5927
2019-05-03,310.3132,314.9447,305.8974,310.5258
2019-05-06,306.2175,308.6783,306.0280,308.4874
2019-05-07,308.6015,313.9590,308.1080,313.4577
2019-05-08,312.2418,322.1049,308.4532,318.2434
2019-05-09,318.4156,322.4646,312.1150,316.1350
2019-05-10,320.3152,322.5138,308.6081,310.7410
2019-05-13,313.0870,314.6864,310.6117,312.2065
2019-05-14,311.4978,313.0651,305.6470,307.1926
2019-05-15,307.6453,310.7614,307.3857,310.4993
2019-05-16,311.3278,318.2387,303.3359,310.2223
2019-05-17,311.3122,311.4478,309.2749,309.4097
2019-05-20,310.8004,317.8298,309.5124,316.5181
2019-05-21,315.1726,322.6288,312.1695,319.5837
2019-05-22,322.5224,324.6906,315.2802,317.4141
2019-05-23,316.9392,323.5681,314.5626,321.1598
2019-05-24,320.0942,326.2367,316.6951,322.8087
2019-05-27,323.0079,330.4976,318.0433,325.4948
2019-05-28,323.8468,324.3090,321.6297,322.0894
2019-05-29,325.8581,327.1861,322.7266,324.0471
2019-05-30,322.0165,329.3211,317.8800,325.1445
2019-05-31,327.9786,334.9885,326.7027,333.6905
2019-06-03,331.5067,332.3920,327.8497,328.7276
2019-06-04,329.3921,334.6680,325.3439,330.6050
2019-06-05,330.8828,333.0160,323.2795,325.3772
2019-06-06,328.3051,328.6240,322.5981,322.9118
2019-06-07,323.0627,329.7714,322.8024,329.5059
2019-06-10,328.7258,340.5842,327.2552,339.0672
2019-06-11,341.7597,346.2939,334.8593,339.3617
2019-06-12,338.4234,358.4049,329.3054,349.0019
2019-06-13,353.2825,359.5039,342.1683,348.3020
2019-06-14,349.5027,350.6139,345.4644,346.5662
2019-06-17,344.7999,353.8091,341.3338,350.2878
2019-06-18,353.3520,358.0062,345.1954,349.8028
2019-06-19,344.7718,350.6482,344.2169,350.0847
2019-06-20,349.6176,353.7430,344.2203,348.3305
2019-06-21,349.8207,350.6341,337.9101,338.6977
2019-06-24,338.4838,344.9266,335.3958,341.8082
2019-06-25,343.9875,355.1662,335.2360,346.3545
2019-06-26,345.0366,349.6280,344.1806,348.7628
2019-06-27,349.6513,353.6271,345.4030,349.3757
2019-06-28,352.7682,357.2305,349.2955,353.7481
2019-07-01,354.8026,355.1115,346.5162,346.8181
2019-07-02,350.0222,359.7991,344.5929,354.3033
2019-07-03,350.8678,362.7088,349.2694,361.0639
2019-07-04,360.2730,366.3408,354.8316,360.8901
2019-07-05,359.8428,368.7797,353.8639,362.7524
2019-07-08,363.5855,368.0019,355.6818,360.0553
2019-07-09,362.1759,365.2469,353.2758,356.2969
2019-07-10,356.0323,366.7699,355.3422,366.0604
2019-07-11,365.2728,365.9969,364.4299,365.1538
2019-07-12,367.2429,368.5500,364.3525,365.6540
2019-07-15,365.5386,366.6272,357.8752,358.9442
2019-07-16,358.7719,362.4227,357.2105,360.8521
2019-07-17,358.7249,359.3622,355.3737,356.0062
2019-07-18,351.1486,364.3890,348.3733,361.5317
2019-07-19,358.2879,364.7381,354.7057,361.1275
2019-07-22,359.8767,368.1425,357.9897,366.2222
2019-07-23,368.1543,375.3837,360.6052,367.8282
2019-07-24,367.6329,372.9248,364.4976,369.7713
2019-07-25,367.2436,380.0017,364.5936,377.2793
2019-07-26,376.4386,382.1878,366.5039,372.1881
2019-07-29,373.9439,376.4090,367.8450,370.2860
2019-07-30,371.4916,376.1435,367.4464,372.0918
2019-07-31,367.8495,371.4024,366.8283,370.3741
2019-08-01,373.7437,374.1550,363.5595,363.9601
2019-08-02,361.7844,371.7092,357.1023,366.9601
2019-08-05,366.9679,369.0689,364.6989,366.7989
2019-08-06,370.0553,371.9500,362.2784,364.1429
2019-08-07,361.7235,369.6801,360.5922,368.5274
2019-08-08,370.4977,375.1741,360.4216,365.0289
2019-08-09,366.6666,372.3545,359.9208,365.5920
2019-08-12,363.0626,363.9947,357.0261,357.9451
2019-08-13,360.7421,366.5899,358.9769,364.8049
2019-08-14,361.6983,366.2333,358.6018,363.1246
2019-08-15,361.8371,366.5789,361.6858,366.4258
2019-08-16,364.5935,370.6691,362.3771,368.4293
2019-08-19,369.5890,376.0227,365.8516,372.2583
2019-08-20,370.6787,374.5510,363.9958,367.8385
2019-08-21,370.1914,372.5331,369.9992,372.3398
2019-08-22,373.1827,376.6436,366.3731,369.8027
2019-08-23,371.7699,375.5276,362.9748,366.6811
2019-08-26,368.8936,370.4936,363.0856,364.6673
2019-08-27,363.9984,370.0205,352.6465,358.5790
2019-08-28,360.5270,371.4998,357.0859,367.9876
2019-08-29,368.1592,372.6777,366.4817,370.9873
2019-08-30,373.3233,378.6781,369.2890,374.6297
2019-09-02,373.7594,374.6609,369.9781,370.8727
2019-09-03,371.5310,380.7751,365.0821,374.2785
2019-09-04,375.7218,384.7260,366.7561,375.7594
2019-09-05,373.5817,385.6369,371.3856,383.3832
2019-09-06,384.2423,386.8466,376.6029,379.1729
2019-09-09,377.5540,387.1510,376.8445,386.4248
2019-09-10,385.7227,390.6476,381.3886,386.3070
2019-09-11,386.3614,386.9082,383.9586,384.5027
2019-09-12,381.1271,383.4261,379.5548,381.8508
2019-09-13,381.2164,388.7317,380.3455,387.8457
2019-09-16,386.4749,395.6184,383.2071,392.3013
2019-09-17,392.2071,395.3718,386.3393,389.4820
2019-09-18,391.1834,391.3113,390.7300,390.8578
2019-09-19,394.3820,401.2643,389.1384,395.9992
2019-09-20,399.2267,401.4153,392.0464,394.2075
2019-09-23,393.1743,398.7522,387.1585,392.7301
2019-09-24,395.4708,400.2158,388.6753,393.3954
2019-09-25,391.8420,399.4849,377.0218,384.5219
2019-09-26,382.1819,403.4063,376.2458,397.2363
2019-09-27,400.4894,401.3387,394.5745,395.4130
2019-09-30,393.9432,399.9752,393.8850,399.9161
2019-10-01,401.7732,410.5442,400.6860,409.4363
2019-10-02,409.0938,425.5664,398.2314,414.5590
2019-10-03,413.3855,419.9599,402.4213,408.9248
2019-10-04,410.1084,419.3156,404.4682,413.6270
2019-10-07,416.3534,416.5489,409.3327,409.5249
2019-10-08,406.9706,407.3624,406.3796,406.7713
2019-10-09,405.1657,408.8094,399.8032,403.4312
2019-10-10,403.5558,416.8751,400.7295,413.9758
2019-10-11,411.1951,417.3003,404.3082,410.4017
2019-10-14,407.5853,418.7576,399.9837,411.0906
2019-10-15,412.1203,416.2606,400.2478,404.3097
2019-10-16,406.6777,408.6795,400.3273,402.3076
2019-10-17,400.9584,403.5190,397.0826,399.6347
2019-10-18,401.3935,408.0256,398.5328,405.1382
2019-10-21,404.8952,405.3816,403.0153,403.4999
2019-10-22,403.2751,404.7228,397.3852,398.8169
2019-10-23,398.7960,406.1355,393.9206,401.2304
2019-10-24,399.3590,404.8042,386.6525,391.9973
2019-10-25,393.0069,400.7239,389.6953,397.3755
2019-10-28,395.5892,401.4974,394.8491,400.7476
2019-10-29,399.8871,404.9881,397.7044,402.7897
2019-10-30,400.3300,401.8888,397.9901,399.5459
2019-10-31,402.9098,411.6504,395.2223,403.9432
2019-11-01,406.3764,406.7834,404.7981,405.2039
2019-11-04,407.9071,409.1223,403.3932,404.5986
2019-11-05,407.2374,412.9870,402.3449,408.0844
2019-11-06,405.6787,410.1086,403.8923,408.3106
2019-11-07,406.9899,413.1472,400.4331,406.5842
2019-11-08,411.5337,420.1916,400.8304,409.4444
2019-11-11,409.2550,415.4569,401.6461,407.8263
2019-11-12,410.7916,416.1923,396.4068,401.6878
2019-11-13,401.0151,402.5466,399.6916,401.2224
2019-11-14,405.8239,409.1925,382.7843,385.9882
2019-11-15,382.5297,389.6132,379.7389,386.7912
2019-11-18,386.4187,388.4678,380.4151,382.4431
2019-11-19,381.6009,383.6045,378.4983,380.4961
2019-11-20,378.7305,380.7713,375.7410,377.7767
2019-11-21,378.9057,392.6270,374.8542,388.4732
2019-11-22,385.9120,394.9452,378.1347,387.1432
2019-11-25,387.2377,390.3693,374.8985,377.9551
2019-11-26,377.0776,377.8588,373.0275,373.8019
2019-11-27,375.6739,375.9453,371.8984,372.1673
2019-11-28,371.7584,375.6612,361.5733,365.4095
2019-11-29,366.5458,366.8094,364.2327,364.4948
2019-12-02,361.1216,363.3654,359.5157,361.7568
2019-12-03,363.4256,366.1093,352.5953,355.2184
2019-12-04,353.5908,363.7248,347.1945,357.2621
2019-12-05,356.4140,364.9598,351.0240,359.5228
2019-12-06,358.6190,365.9757,348.2159,355.5088
2019-12-09,353.2745,357.3690,349.5683,353.6588
2019-12-10,352.2306,354.3504,351.9927,354.1112
2019-12-11,355.5717,357.0985,355.5503,357.0770
2019-12-12,357.6911,363.7271,357.3303,363.3606
2019-12-13,365.5974,372.4609,358.8980,365.7585
2019-12-16,366.4451,370.9675,363.3898,367.9001
2019-12-17,363.3285,372.9101,361.5167,371.0598
2019-12-18,370.2054,375.6913,360.4779,365.8999
2019-12-19,368.2787,368.5568,366.4110,366.6879
2019-12-20,366.3927,371.8762,365.3969,370.8682
2019-12-23,371.7320,387.3317,363.8034,379.2429
2019-12-24,383.1974,386.9979,368.9775,372.6737
2019-12-25,372.4863,381.3822,368.3349,377.1786
2019-12-26,377.3514,389.3052,368.9540,380.8303
2019-12-27,381.3990,381.5343,380.5382,380.6732
2019-12-30,381.7474,382.2737,377.6620,378.1832
2019-12-31,381.7309,389.1648,362.7559,369.9605
2020-01-01,370.2497,372.2493,364.8492,366.8303
2020-01-02,367.2963,369.6486,355.6748,357.9674
2020-01-03,356.2523,357.5733,355.2328,356.5530
2020-01-06,356.0330,363.5520,347.0691,354.5569
2020-01-07,351.5496,354.1982,348.8848,351.5333
2020-01-08,351.2550,352.9757,342.8602,344.5480
2020-01-09,345.3856,348.5067,337.7485,340.8284
2020-01-10,339.7278,346.8044,336.5606,343.6011
2020-01-13,343.8296,349.0006,339.3298,344.4921
2020-01-14,344.4944,347.3367,343.6598,346.4972
2020-01-15,345.9470,352.7268,342.4034,349.1504
2020-01-16,349.2649,350.1478,342.1449,343.0120
2020-01-17,346.4666,350.1269,342.3287,345.9838
2020-01-20,343.4350,354.6443,339.6611,350.7895
2020-01-21,352.9476,355.4317,350.3152,352.7982
2020-01-22,351.1159,358.8228,349.2638,356.9400
2020-01-23,352.0191,354.2033,350.5283,352.7096
2020-01-24,356.0977,357.9568,351.2139,353.0571
2020-01-27,351.3143,360.4590,347.6458,356.7340
2020-01-28,356.2310,357.8739,355.0025,356.6440
2020-01-29,356.6430,358.4026,346.3754,348.0928
2020-01-30,351.3638,354.7318,340.6202,343.9168
2020-01-31,344.1264,347.7184,338.7451,342.3181
2020-02-03,340.8537,342.5690,337.0463,338.7510
2020-02-04,341.9314,347.4822,340.8355,346.3722
2020-02-05,348.2687,349.6918,346.9369,348.3597
2020-02-06,347.9072,353.1374,347.1690,352.3896
2020-02-07,349.8631,358.2688,348.5335,356.9124
2020-02-10,355.2823,362.1959,352.4406,359.3219
2020-02-11,357.7951,359.8875,356.0145,358.1053
2020-02-12,356.3275,360.2717,349.8748,353.7910
2020-02-13,351.7335,354.7015,348.4711,351.4365
2020-02-14,350.2505,351.1025,347.9966,348.8452
2020-02-17,345.9436,352.7917,343.6464,350.4645
2020-02-18,352.4337,355.7423,350.1862,353.4881
2020-02-19,356.1318,363.1559,346.9062,353.8860
2020-02-20,354.5507,355.2956,349.4783,350.2140
2020-02-21,348.7057,361.8104,346.3126,359.3443
2020-02-24,357.8249,373.2129,355.4005,370.7012
2020-02-25,371.3770,372.6724,370.5621,371.8565
2020-02-26,374.7354,375.5398,374.4710,375.2750
2020-02-27,373.5070,374.3205,372.8270,373.6403
2020-02-28,372.1490,388.4823,367.8437,384.0394
2020-03-02,385.7113,386.5826,381.8797,382.7443
2020-03-03,383.8270,384.3090,375.5523,376.0245
2020-03-04,377.8514,381.2826,372.8352,376.2519
2020-03-05,378.2753,385.1196,371.0994,377.9376
2020-03-06,379.6048,392.3320,375.9433,388.5839
2020-03-09,390.2565,393.3888,385.4340,388.5526
2020-03-10,392.4533,396.6101,389.8903,394.0366
2020-03-11,391.7834,414.2246,380.6112,402.7400
2020-03-12,403.7537,404.2961,402.8783,403.4203
2020-03-13,404.2484,407.3329,400.3498,403.4280
2020-03-16,403.6704,409.5212,399.9298,405.7612
2020-03-17,406.1288,408.5665,400.3336,402.7510
2020-03-18,403.5858,410.1754,395.5350,402.1004
2020-03-19,401.6854,406.6200,400.0782,404.9996
2020-03-20,403.7587,418.2093,401.8279,416.2189
2020-03-23,413.7638,416.1053,410.5908,412.9276
2020-03-24,414.2231,417.1711,406.1337,409.0448
2020-03-25,409.7364,423.5617,402.4467,416.1578
2020-03-26,416.9205,421.6222,405.8304,410.4591
2020-03-27,412.1419,418.9882,401.9818,408.7721
2020-03-30,412.6345,422.8455,388.4808,398.3380
2020-03-31,400.8510,406.8726,384.8555,390.7251
2020-04-01,391.8338,400.5029,390.3065,398.9479
2020-04-02,401.6513,408.0965,389.9031,396.2618
2020-04-03,395.4674,399.5622,386.2074,390.2482
2020-04-06,390.3429,396.5011,377.0896,383.1341
2020-04-07,382.4076,394.6119,377.2360,389.3465
2020-04-08,390.9538,395.3819,388.0137,392.4306
2020-04-09,392.7403,397.5195,390.4888,395.2536
2020-04-10,395.6331,399.2062,389.4941,393.0438
2020-04-13,394.0317,399.1123,388.2369,393.3082
2020-04-14,393.5626,396.8966,390.6764,394.0071
2020-04-15,396.4297,399.1230,393.7418,396.4350
2020-04-16,397.8591,404.5954,397.5703,404.3020
2020-04-17,404.7185,407.2106,402.0087,404.4994
2020-04-20,402.7974,419.8952,392.9523,409.8771
2020-04-21,411.4339,425.6644,405.1042,419.2150
2020-04-22,415.5381,423.7181,413.6714,421.8232
2020-04-23,422.3229,424.0511,419.9180,421.6434
2020-04-24,424.0118,428.7044,422.0335,426.7135
2020-04-27,426.6923,432.3351,424.2454,429.8700
2020-04-28,428.8572,429.6281,428.5356,429.3062
2020-04-29,430.2957,435.1692,428.4289,433.2894
2020-04-30,430.6955,438.0328,429.1047,436.4209
2020-05-01,435.2407,439.5007,425.8580,430.0673
2020-05-04,429.0752,443.5967,428.2244,442.7188
2020-05-05,446.7730,451.9811,446.1812,451.3832
2020-05-06,454.8427,455.1560,439.0674,439.3701
2020-05-07,437.5630,449.9590,435.2157,447.5581
2020-05-08,447.3091,455.3288,445.4373,453.4314
2020-05-11,453.1514,458.5951,446.3416,451.7688
2020-05-12,449.8418,463.5550,446.2751,459.9085
2020-05-13,461.3019,475.5805,454.9804,469.1515
2020-05-14,472.3528,482.2113,459.3543,469.1459
2020-05-15,471.4133,475.1354,460.1075,463.7693
2020-05-18,463.0968,468.8467,454.4119,460.1249
2020-05-19,465.7582,474.8360,444.8867,453.7301
2020-05-20,453.8135,463.4021,443.6161,453.1916
2020-05-21,451.6402,463.5837,447.6789,459.5530
2020-05-22,460.7213,467.4127,446.9780,453.5655
2020-05-25,450.6325,468.3543,449.7082,467.3957
2020-05-26,463.5206,469.3859,458.6958,464.5504
2020-05-27,468.8741,469.3946,462.3196,462.8334
2020-05-28,460.7842,471.0261,455.7559,465.9414
2020-05-29,469.1611,474.6562,466.1999,471.6791
2020-06-01,467.7892,472.2668,458.4731,462.9040
2020-06-02,464.3516,472.4944,459.8072,467.9151
2020-06-03,469.5407,476.2391,466.4275,473.1022
2020-06-04,471.1978,475.7597,467.8398,472.3932
2020-06-05,470.3088,475.2711,469.6181,474.5742
2020-06-08,478.2424,481.8803,465.4055,468.9729
2020-06-09,471.6915,473.6247,456.1945,458.0720
2020-06-10,459.6069,464.2738,449.5145,454.1257
2020-06-11,452.0895,459.1345,451.1524,458.1848
2020-06-12,453.2945,459.4001,449.8733,455.9589
2020-06-15,459.7495,467.1578,456.3508,463.7296
2020-06-16,465.1153,476.2737,461.4573,472.5571
2020-06-17,479.7821,480.6740,476.4959,477.3834
2020-06-18,478.5600,484.9213,470.0754,476.4081
2020-06-19,477.3286,484.6901,466.3347,473.6393
2020-06-22,473.0112,474.4230,467.2916,468.6906
2020-06-23,469.5863,474.4028,467.1386,471.9428
2020-06-24,471.8786,479.4430,464.1340,471.6954
2020-06-25,474.8154,479.0402,469.1747,473.3867
2020-06-26,474.5513,483.7577,466.8131,475.9959
2020-06-29,473.9774,479.4965,469.7737,475.2811
2020-06-30,476.0860,477.8553,474.8999,476.6677
2020-07-01,478.3246,481.6291,467.8361,471.0907
2020-07-02,469.8743,475.4310,469.0088,474.5567
2020-07-03,478.4079,481.1389,464.8937,467.5628
2020-07-06,471.3345,479.3500,470.0721,478.0695
2020-07-07,474.6106,498.0712,468.4643,491.7035
2020-07-08,493.1604,510.9699,488.5731,506.2608
2020-07-09,510.6117,516.7874,504.6380,510.8114
2020-07-10,513.1507,513.4491,507.9112,508.2067
2020-07-13,508.8608,510.2248,499.3654,500.7076
2020-07-14,498.0540,511.3437,489.1361,502.3489
2020-07-15,502.8299,510.6404,492.3442,500.1125
2020-07-16,497.2676,511.1351,490.7169,504.4893
2020-07-17,502.0143,519.0564,500.4984,517.4938
2020-07-20,516.9918,527.3668,512.3601,522.6841
2020-07-21,517.8381,531.7210,516.6229,530.4761
2020-07-22,531.9173,541.3718,528.0343,537.4485
2020-07-23,534.0633,541.9550,531.2156,539.0806
2020-07-24,534.1419,538.3253,518.5564,522.6499
2020-07-27,525.6178,528.5706,519.0651,521.9976
2020-07-28,523.6652,529.6224,507.9558,513.8007
2020-07-29,516.2207,523.0224,496.9675,503.6030
2020-07-30,506.1219,506.8361,495.5410,496.2412
2020-07-31,498.0798,507.4612,494.8280,504.1696
2020-08-03,502.0502,505.9887,494.2320,498.1398
2020-08-04,497.6429,504.0657,490.4811,496.8943
2020-08-05,495.8948,509.8221,492.8387,506.6995
2020-08-06,501.9118,509.8989,499.4958,507.4562
2020-08-07,506.3524,519.6728,500.8103,514.0465
2020-08-10,513.3507,524.5935,504.2572,515.4626
2020-08-11,515.3801,524.5803,506.4226,515.6186
2020-08-12,518.3264,519.9933,508.4604,510.1008
2020-08-13,510.3984,514.6353,498.0775,502.2468
2020-08-14,503.0036,506.9260,483.6218,487.4228
2020-08-17,483.4845,493.1421,479.2701,488.8807
2020-08-18,490.2109,498.4619,475.1495,483.2840
2020-08-19,484.3540,501.2923,480.5735,497.4099
2020-08-20,496.0177,500.6599,488.5141,493.1292
2020-08-21,487.0213,489.2257,486.1841,488.3861
2020-08-24,491.5685,499.0758,477.2948,484.6971
2020-08-25,484.3870,491.1983,475.6319,482.4155
2020-08-26,481.1294,490.7297,480.0500,489.6313
2020-08-27,488.2485,507.7001,477.7856,497.0486
2020-08-28,495.3754,503.2710,483.3751,491.2042
2020-08-31,490.9525,495.6143,487.3757,492.0297
2020-09-01,497.7383,506.5991,483.8680,492.6379
2020-09-02,489.6257,508.4657,479.1513,497.8161
2020-09-03,495.5001,498.7399,495.0177,498.2548
2020-09-04,498.2921,501.5930,494.6821,497.9809
2020-09-07,494.0747,501.0817,487.6343,494.6339
2020-09-08,494.6129,494.7266,492.0368,492.1500
2020-09-09,492.8110,498.4570,483.8789,489.4868
2020-09-10,491.2257,492.0816,486.6139,487.4632
2020-09-11,490.0136,492.2110,485.7649,487.9531
2020-09-14,486.3265,493.7110,486.3044,493.6887
2020-09-15,493.3346,493.6839,478.5100,478.8490
2020-09-16,475.2115,478.8020,472.5272,476.1126
2020-09-17,475.9997,485.1939,459.2442,468.2895
2020-09-18,469.1768,472.6695,466.4650,469.9532
2020-09-21,473.6082,481.7984,462.4148,470.5522
2020-09-22,470.5854,474.7425,465.9319,470.0846
2020-09-23,469.9921,472.0369,464.6869,466.7174
2020-09-24,464.6486,472.2094,464.4789,472.0370
2020-09-25,473.6114,473.8003,462.7188,462.9034
2020-09-28,462.6719,465.3556,448.3284,450.9441
2020-09-29,449.4104,458.5067,448.3825,457.4604
2020-09-30,456.2721,462.6821,445.1930,451.5364
2020-10-01,452.3837,455.3538,450.6986,453.6639
2020-10-02,451.9587,456.3026,443.6010,447.9060
2020-10-05,449.1100,453.4229,445.2047,449.5140
2020-10-06,448.7898,454.7625,437.5929,443.4952
2020-10-07,445.9956,447.5510,444.2623,445.8170
2020-10-08,443.5019,445.5905,441.7471,443.8343
2020-10-09,444.6652,448.9060,429.4453,433.5803
2020-10-12,434.8132,445.8369,426.4697,437.4429
2020-10-13,437.6100,438.0578,434.7485,435.1938
2020-10-14,434.7801,440.3257,431.6453,437.1736
2020-10-15,437.3740,450.8800,429.3908,442.7978
2020-10-16,444.1461,447.0649,436.0124,438.8967
2020-10-19,437.8876,447.5592,435.4910,445.1229
2020-10-20,447.4722,451.4543,444.1130,448.0905
2020-10-21,448.5713,452.2984,445.0512,448.7766
2020-10-22,447.0032,455.7499,434.7160,443.3920
2020-10-23,443.7474,445.4381,439.1449,440.8246
2020-10-26,442.9927,445.1029,435.6452,437.7303
2020-10-27,440.0864,449.4871,436.8398,446.1954
2020-10-28,446.3795,447.9354,435.8350,437.3595
2020-10-29,437.8569,450.9513,431.0767,444.0749
2020-10-30,444.0062,447.8397,439.5783,443.4065
2020-11-02,444.1593,449.0300,442.7816,447.6414
2020-11-03,448.5886,449.7749,443.4942,444.6700
2020-11-04,447.8267,451.8779,439.1330,443.1417
2020-11-05,443.9511,448.9986,442.0732,447.1073
2020-11-06,448.7797,448.9402,445.1940,445.3532
2020-11-09,446.5776,452.8529,438.1994,444.4447
2020-11-10,447.8204,447.9377,441.3264,441.4421
2020-11-11,444.7506,450.5941,440.5168,446.3452
2020-11-12,446.8247,453.1996,436.8154,443.1377
2020-11-13,443.4905,449.9671,433.0730,439.4912
2020-11-16,442.8379,461.6711,438.3617,457.0512
2020-11-17,456.0256,459.6035,453.4739,457.0461
2020-11-18,457.5690,459.5903,449.4398,451.4339
2020-11-19,449.6515,458.1640,449.3223,457.8288
2020-11-20,459.8097,474.8510,445.3548,460.3783
2020-11-23,459.7393,463.3995,452.9776,456.6129
2020-11-24,456.1759,461.8719,450.8959,456.5871
2020-11-25,460.1667,465.3357,450.9395,456.0623
2020-11-26,458.3939,466.2915,452.3804,460.2536
2020-11-27,459.8388,464.8118,457.9671,462.9274
2020-11-30,467.0709,476.4091,459.1123,468.4274
2020-12-01,468.9665,470.9762,457.2160,459.1838
2020-12-02,460.1974,473.6151,453.8587,467.1802
2020-12-03,469.0547,472.1360,456.0941,459.1102
2020-12-04,461.1341,462.6669,454.3224,455.8376
2020-12-07,456.1640,470.9521,449.4054,464.0764
2020-12-08,462.0698,469.2944,461.7818,469.0022
2020-12-09,469.7398,481.3036,463.7539,475.2475
2020-12-10,475.8399,485.5114,468.8420,478.4748
2020-12-11,476.0870,490.5591,474.3597,488.7857
2020-12-14,488.9138,492.2383,475.4959,478.7513
2020-12-15,478.0981,481.6553,472.4977,476.0396
2020-12-16,483.8253,489.0323,475.1904,480.3602
2020-12-17,476.9314,490.5381,476.5986,490.1961
2020-12-18,492.0073,497.6473,482.5015,488.0966
2020-12-21,486.7745,491.4571,475.5514,480.1705
2020-12-22,481.7472,484.9290,480.2133,483.3899
2020-12-23,481.8597,486.9993,480.8734,486.0045
2020-12-24,481.6768,483.6364,478.0693,480.0222
2020-12-25,481.0512,484.2265,470.1053,473.2289
2020-12-28,477.1655,484.4853,477.0323,484.3501
2020-12-29,482.7946,486.2943,466.2047,469.6089
2020-12-30,469.5003,475.8951,465.2068,471.5826
2020-12-31,472.3718,477.5883,459.3735,464.5031
2021-01-01,466.0165,472.8477,461.7690,468.5770
2021-01-04,470.1433,474.7981,465.1033,469.7542
2021-01-05,469.8480,471.3159,469.0743,470.5411
2021-01-06,468.1874,483.7502,463.6170,479.0735
2021-01-07,478.0756,486.2212,472.3410,480.4580
2021-01-08,477.4559,489.7873,471.3724,483.6252
2021-01-11,480.6308,505.3292,471.7816,496.1935
2021-01-12,496.1844,505.1589,492.1351,501.0697
2021-01-13,503.7872,506.4614,503.6215,506.2948
2021-01-14,503.7008,511.0408,494.0463,501.3520
2021-01-15,501.7226,505.0265,497.3522,500.6491
2021-01-18,499.7457,506.6680,499.0006,505.9137
2021-01-19,504.1410,508.3491,500.6502,504.8534
2021-01-20,500.4633,514.1003,499.3616,512.9710
2021-01-21,513.3641,523.0199,511.9916,521.6252
2021-01-22,525.9844,530.1786,517.3387,521.4972
2021-01-25,521.5750,532.2739,516.7996,527.4448
2021-01-26,526.0432,543.1754,522.5604,539.6028
2021-01-27,540.8319,542.1308,533.6909,534.9757
2021-01-28,530.7344,531.9501,524.1273,525.3306
2021-01-29,526.9103,544.2026,513.5130,530.7088
2021-02-01,530.2209,534.4179,519.1300,523.2720
2021-02-02,521.3121,526.0617,511.9269,516.6339
2021-02-03,516.8546,522.7032,511.4970,517.3405
2021-02-04,515.7434,516.5211,504.6588,505.4209
2021-02-05,506.7288,521.9379,503.7379,518.8753
2021-02-08,523.1831,531.2309,504.5527,512.4352
2021-02-09,514.7754,519.0344,507.4874,511.7212
2021-02-10,514.9012,527.8850,507.0250,519.9319
2021-02-11,520.9069,528.7209,516.1930,523.9792
2021-02-12,519.2822,531.6033,517.6515,529.9391
2021-02-15,528.6432,541.7271,528.5349,541.6162
2021-02-16,542.6189,548.9693,532.7153,539.0236
2021-02-17,537.2136,539.1215,525.1658,527.0375
2021-02-18,529.2691,535.2870,520.4201,526.4055
2021-02-19,523.9979,526.5680,515.8888,518.4316
2021-02-22,522.8697,527.9056,515.8351,520.8516
2021-02-23,520.1748,532.1132,515.5063,527.3800
2021-02-24,525.2043,531.4575,522.3109,528.5457
2021-02-25,527.2799,536.9598,525.6373,535.2922
2021-02-26,533.9680,553.0327,522.6944,541.5981
2021-03-01,545.5496,554.0705,544.1691,552.6721
2021-03-02,552.2649,555.4898,549.8038,553.0253
2021-03-03,550.7214,560.5453,547.3156,557.1001
2021-03-04,557.4290,565.1565,556.4967,564.2129
2021-03-05,564.1917,570.6962,548.3291,554.7244
2021-03-08,552.9803,566.8755,550.1489,563.9877
2021-03-09,561.9482,566.6886,551.0711,555.7594
2021-03-10,554.9102,562.9683,551.5368,559.5666
2021-03-11,557.5516,564.5609,553.4839,560.4719
2021-03-12,562.6139,567.3200,557.1003,561.7996
2021-03-15,559.6369,561.7780,552.1059,554.2263
2021-03-16,546.8175,573.5304,531.1233,557.5288
2021-03-17,560.7360,566.6206,556.6395,562.5111
2021-03-18,562.8320,563.5320,558.5991,559.2948
2021-03-19,559.3545,561.9665,556.5071,559.1180
2021-03-22,559.9160,568.5615,555.0620,563.6748
2021-03-23,564.4488,570.2227,560.7253,566.4857
2021-03-24,564.0977,564.5377,551.7331,552.1637
2021-03-25,552.3413,558.6196,541.0313,547.2517
2021-03-26,545.0107,550.3640,543.7428,549.0866
2021-03-29,551.3234,552.7618,549.3780,550.8151
2021-03-30,552.2095,552.4247,545.8112,546.0239
2021-03-31,543.1575,547.8855,541.7121,546.4315
2021-04-01,545.9689,548.4927,543.3026,545.8258
2021-04-02,543.0456,548.9447,541.9763,547.8660
2021-04-05,548.4060,554.0177,538.3056,543.8709
2021-04-06,548.2256,549.0067,541.2883,542.0606
2021-04-07,537.4694,549.8826,532.4130,544.7576
2021-04-08,541.2896,549.2551,540.1356,548.0866
2021-04-09,549.4432,554.7830,541.3680,546.6809
2021-04-12,544.1283,568.4164,538.8576,562.9633
2021-04-13,562.4953,571.6148,545.3958,554.3837
2021-04-14,550.4488,563.2268,544.9643,557.6704
2021-04-15,559.6896,567.0523,538.7534,545.9351
2021-04-16,548.7866,554.6307,546.7455,552.5754
2021-04-19,547.7233,548.5838,541.7237,542.5761
2021-04-20,542.6970,545.6201,538.3042,541.2194
2021-04-21,546.4485,549.0942,538.9455,541.5675
2021-04-22,542.8632,543.2335,538.5413,538.9089
2021-04-23,536.7653,558.1723,534.2860,555.6060
2021-04-26,555.5969,559.2580,542.8717,546.4727
2021-04-27,547.4803,560.0783,540.4615,552.9889
2021-04-28,555.8947,564.6262,535.5669,544.1132
2021-04-29,540.6590,544.0147,524.7966,528.0743
2021-04-30,530.5596,538.8621,511.9185,520.0566
2021-05-03,520.6121,533.0550,504.8627,517.2247
2021-05-04,516.7766,517.8550,513.1443,514.2174
2021-05-05,513.1405,532.5895,503.4609,522.7290
2021-05-06,523.2003,533.6854,522.1311,532.5969
2021-05-07,533.5260,547.1884,528.2074,541.7875
2021-05-10,537.1515,552.6634,527.7342,543.1411
2021-05-11,544.2455,560.2855,534.0303,549.9630
2021-05-12,549.3238,549.8645,545.2915,545.8289
2021-05-13,547.8231,558.5658,533.5973,544.2703
2021-05-14,544.3641,553.0123,539.1111,547.7268
2021-05-17,545.8999,554.2255,533.0364,541.2917
2021-05-18,543.4072,553.7072,524.4115,534.5435
2021-05-19,533.1395,540.4277,528.2124,535.4790
2021-05-20,537.3942,561.2282,527.5990,551.1817
2021-05-21,546.3192,551.2515,541.8563,546.7849
2021-05-24,551.3041,551.4206,546.2480,546.3634
2021-05-25,546.0515,555.1275,528.8880,537.8272
2021-05-26,540.9574,550.9545,534.0779,544.0359
2021-05-27,547.9917,550.6885,522.7587,525.3439
2021-05-28,525.3448,535.1696,518.9858,528.7691
2021-05-31,525.3826,530.0527,525.1581,529.8263
2021-06-01,531.4028,549.5961,526.8368,544.9140
2021-06-02,542.7844,543.8587,535.3571,536.4189
2021-06-03,534.3950,545.7224,533.1840,544.4885
2021-06-04,547.2618,551.7619,539.5590,544.0326
2021-06-07,545.7255,550.3277,538.0341,542.6100
2021-06-08,545.9008,549.9362,540.5404,544.5659
2021-06-09,546.4713,555.8642,531.4520,540.7465
2021-06-10,536.1393,542.4606,533.0602,539.3629
2021-06-11,540.7612,541.6503,537.9341,538.8200
2021-06-14,540.6807,548.6307,534.5198,542.4496
2021-06-15,545.7173,553.2578,536.6416,544.1606
2021-06-16,544.3640,547.0724,543.2618,545.9669
2021-06-17,543.2115,544.5055,537.3404,538.6235
2021-06-18,539.1783,546.7084,536.1667,543.6717
2021-06-21,549.9735,559.9267,547.5121,557.4320
2021-06-22,556.9366,580.4659,548.0732,571.3727
2021-06-23,570.9024,573.2728,567.3177,569.6830
2021-06-24,565.9160,571.9039,557.3514,563.3117
2021-06-25,562.1051,563.3115,555.0081,556.2019
2021-06-28,555.7851,566.7484,545.1187,556.0763
2021-06-29,559.2396,563.3915,548.6569,552.7608
2021-06-30,553.6856,555.7427,549.9706,552.0215
2021-07-01,555.4899,558.6575,552.2959,555.4633
2021-07-02,557.7341,563.5673,555.6515,561.4707
2021-07-05,564.4533,570.0389,556.1687,561.7272
2021-07-06,562.5661,563.6153,552.6972,553.7298
2021-07-07,549.3785,564.0580,545.5838,560.1887
2021-07-08,561.2847,564.5972,551.8146,555.0905
2021-07-09,554.1150,559.1971,545.7158,550.7672
2021-07-12,557.5256,564.6949,543.0050,550.0785
2021-07-13,548.7661,551.9043,538.5935,541.6912
2021-07-14,537.0090,537.6160,531.7091,532.3108
2021-07-15,535.8873,545.7195,528.0825,537.8857
2021-07-16,536.3947,536.4872,536.0765,536.1689
2021-07-19,535.5581,535.6246,522.1958,522.2606
2021-07-20,524.6335,525.4848,505.3113,506.1325
2021-07-21,506.0013,521.9256,500.9456,516.7624
2021-07-22,516.1304,521.3243,503.6720,508.7920
2021-07-23,504.4223,521.0638,502.3877,518.9705
2021-07-26,522.2942,529.7193,512.2074,519.5942
2021-07-27,520.8642,523.7347,504.3938,507.1889
2021-07-28,504.8657,513.3843,498.4470,506.9392
2021-07-29,507.5945,509.9202,499.3543,501.6527
2021-07-30,503.1606,507.2538,495.7907,499.8570
2021-08-02,502.4174,506.3188,498.9827,502.8809
2021-08-03,506.5802,514.5740,498.8515,506.8413
2021-08-04,503.3063,508.8329,499.4945,505.0082
2021-08-05,503.8178,511.4308,491.1025,498.6373
2021-08-06,494.9564,507.2382,494.6359,506.9099
2021-08-09,504.3988,515.9449,501.2213,512.7150
2021-08-10,511.4655,525.6737,502.3119,516.4312
2021-08-11,520.4102,526.1297,519.5845,525.2962
2021-08-12,524.2766,533.4287,514.3348,523.4728
2021-08-13,522.2621,527.5500,514.2928,519.5533
2021-08-16,520.6772,533.8401,512.2972,525.3843
2021-08-17,530.1724,531.0475,529.0570,529.9316
2021-08-18,534.5542,537.2800,528.4811,531.1897
2021-08-19,529.7596,536.8036,523.5061,530.5408
2021-08-20,530.0090,531.8531,526.9532,528.7930
2021-08-23,534.9718,540.7881,532.1145,537.9151
2021-08-24,539.7177,547.3514,529.2432,536.8361
2021-08-25,535.0399,548.6276,528.2039,541.7064
2021-08-26,542.8912,555.7145,535.8060,548.5553
2021-08-27,542.7833,548.4532,541.0267,546.6840
2021-08-30,545.8037,549.1046,544.3109,547.6070
2021-08-31,546.2377,554.0582,544.3864,552.1868
2021-09-01,554.8892,570.8379,532.4860,548.2437
2021-09-02,551.6036,556.8050,541.4120,546.5659
2021-09-03,544.4593,557.0121,533.2504,545.7761
2021-09-06,546.7164,548.9108,541.7260,543.9091
2021-09-07,549.2532,554.2507,539.0590,544.0088
2021-09-08,544.8994,550.1930,535.5385,540.7922
2021-09-09,535.2008,549.6075,524.9185,539.2474
2021-09-10,541.3570,548.0791,526.8995,533.5243
2021-09-13,530.7727,538.2218,529.6549,537.0907
2021-09-14,540.2849,541.6416,528.6555,529.9862
2021-09-15,528.1761,528.4648,514.9265,515.2082
2021-09-16,510.6094,513.1184,506.2088,508.7085
2021-09-17,510.4629,516.7614,510.1289,516.4236
2021-09-20,517.5015,528.7803,511.5393,522.7575
2021-09-21,520.1320,523.7519,508.5214,512.0853
2021-09-22,511.2787,521.3266,511.0769,521.1209
2021-09-23,519.2154,539.8740,518.1937,538.8138
2021-09-24,542.0161,548.7101,539.5387,546.2135
2021-09-27,545.8323,553.9484,544.3191,552.4169
2021-09-28,554.3202,563.7447,550.3116,559.6972
2021-09-29,562.7986,567.3921,556.9686,561.5519
2021-09-30,560.5051,561.5730,547.7871,548.8328
2021-10-01,549.2769,550.3026,546.8205,547.8435
2021-10-04,548.8765,557.4719,545.2176,553.7804
2021-10-05,552.3342,557.8993,551.4078,556.9652
2021-10-06,552.6984,571.3907,544.5878,563.1271
2021-10-07,567.3591,585.7416,555.8515,574.0974
2021-10-08,569.2312,580.0622,568.1240,578.9361
2021-10-11,579.3497,584.3056,574.6199,579.5741
2021-10-12,581.0721,592.9850,567.5342,579.4131
2021-10-13,578.2618,579.4624,571.5221,572.7113
2021-10-14,570.9469,572.0379,570.0555,571.1461
2021-10-15,571.3145,578.7357,564.8804,572.2906
2021-10-18,570.7375,585.8564,561.0974,576.1253
2021-10-19,578.4226,606.8549,566.0637,594.1597
2021-10-20,594.0912,597.7312,590.5375,594.1769
2021-10-21,590.1841,596.2420,574.6094,580.5687
2021-10-22,582.8673,586.6529,580.9599,584.7393
2021-10-25,587.0455,589.4041,578.6854,581.0198
2021-10-26,577.9150,582.9528,570.7019,575.7205
2021-10-27,576.6048,580.4508,555.9998,559.7333
2021-10-28,551.8985,569.0288,544.4541,561.4555
2021-10-29,562.1475,565.8338,548.8815,552.5046
2021-11-01,549.7219,565.1341,547.7529,563.1170
2021-11-02,559.7225,560.6541,556.1599,557.0871
2021-11-03,560.3901,570.5662,547.7094,557.8392
2021-11-04,559.0737,561.0110,555.7842,557.7167
2021-11-05,555.6198,555.6516,548.7442,548.7756
2021-11-08,549.2816,551.1332,548.6765,550.5268
2021-11-09,550.5784,567.3525,542.1571,558.8054
2021-11-10,561.4031,573.2503,558.2269,570.0253
2021-11-11,569.5199,573.1665,555.6073,559.1878
2021-11-12,560.4097,567.4748,552.8462,559.9048
2021-11-15,561.3576,568.7287,558.3779,565.7258
2021-11-16,565.8958,575.2163,561.8288,571.1118
2021-11-17,573.4565,579.2960,553.3554,559.0482
2021-11-18,560.7516,561.0051,559.0566,559.3093
2021-11-19,558.9627,566.9758,544.6138,552.5348
2021-11-22,556.6430,558.7673,548.9605,551.0634
2021-11-23,553.5046,562.5219,535.7110,544.5829
2021-11-24,540.1357,546.9555,532.9590,539.7743
2021-11-25,537.4958,539.0035,529.4975,530.9869
2021-11-26,529.7810,538.1856,522.7945,531.1806
2021-11-29,527.5990,538.0226,515.4051,525.7929
2021-11-30,526.8326,530.2776,526.7814,530.2262
2021-12-01,531.8106,545.9392,523.2774,537.3177
2021-12-02,537.7835,541.1957,537.2794,540.6889
2021-12-03,541.2655,541.9619,538.5995,539.2934
2021-12-06,538.0755,546.7856,527.7088,536.3918
2021-12-07,540.2372,544.6859,522.5859,526.9250
2021-12-08,524.6317,531.3398,522.0370,528.7248
2021-12-09,532.3590,541.1086,512.3804,520.9423
2021-12-10,523.2474,523.5204,522.0904,522.3629
2021-12-13,522.7459,526.3982,516.1428,519.7744
2021-12-14,520.1884,522.0766,500.0635,501.8853
2021-12-15,499.9871,518.2176,495.2549,513.3589
2021-12-16,519.4171,524.2822,511.0573,515.8894
2021-12-17,513.5960,523.1693,498.5513,508.0207
2021-12-20,507.8189,515.1209,504.3659,511.6419
2021-12-21,507.9970,521.6774,501.4264,515.0160
2021-12-22,510.0770,525.4200,503.0925,518.3226
2021-12-23,514.8956,533.7227,507.3518,526.0159
2021-12-24,522.2988,536.5261,520.5657,534.7516
2021-12-27,536.3456,545.7851,534.4995,543.9130
2021-12-28,541.3793,548.5603,538.8090,545.9683
2021-12-29,549.5117,553.2520,531.5077,535.1503
2021-12-30,532.1093,563.0356,525.3843,556.0086
2021-12-31,554.4456,568.7403,541.0225,555.2966
2022-01-03,553.2800,555.2596,546.0357,547.9964
2022-01-04,551.6669,552.1362,530.9003,531.3523
2022-01-05,531.3558,536.0055,530.5586,535.2026
2022-01-06,534.9267,536.8281,523.8222,525.6908
2022-01-07,532.0701,543.4867,514.2258,525.5015
2022-01-10,526.3140,532.6009,516.1258,522.3655
2022-01-11,522.3126,531.0336,511.7890,520.4794
2022-01-12,521.8573,530.4579,513.7387,522.3319
2022-01-13,521.8168,523.6828,518.5461,520.4071
2022-01-14,520.6154,526.9938,519.7856,526.1551
2022-01-17,526.6184,531.0951,523.2531,527.7228
2022-01-18,528.4014,537.4487,525.5241,534.5380
2022-01-19,537.7065,551.8880,531.1668,545.2565
2022-01-20,542.2165,550.2278,541.6066,549.6096
2022-01-21,549.4541,553.4032,540.8832,544.7989
2022-01-24,544.5343,553.5959,532.8987,541.9168
2022-01-25,539.7775,539.9586,530.6899,530.8680
2022-01-26,528.5531,529.4798,519.4099,520.3222
2022-01-27,520.7805,527.4920,517.2327,523.9228
2022-01-28,528.3217,539.7447,516.1850,527.5922
2022-01-31,528.3974,543.0202,524.7957,539.3439
2022-02-01,542.8538,551.0955,536.3078,544.5293
2022-02-02,543.2581,547.5083,540.5113,544.7540
2022-02-03,539.5306,550.5427,532.5496,543.5102
2022-02-04,541.6621,551.7299,537.9194,547.9439
2022-02-07,549.4071,561.9030,535.7275,548.1958
2022-02-08,548.1060,548.3762,544.9374,545.2061
2022-02-09,544.0042,558.6813,539.3337,553.9256
2022-02-10,551.5316,561.2498,542.4924,552.1996
2022-02-11,551.5775,554.9579,543.0067,546.3551
2022-02-14,546.6139,551.4083,539.9539,544.7317
2022-02-15,541.9748,548.5126,526.2983,532.7245
2022-02-16,533.1858,538.5411,523.3526,528.6624
2022-02-17,530.0269,537.2854,517.2593,524.4414
2022-02-18,524.5694,532.6965,518.4459,526.5500
2022-02-21,529.7804,530.2804,526.0482,526.5451
2022-02-22,528.5070,528.5226,521.1546,521.1700
2022-02-23,522.9477,529.8442,519.9821,526.8564
2022-02-24,524.2718,528.3721,514.2837,518.3377
2022-02-25,519.5497,520.5335,516.9657,517.9465
2022-02-28,518.0251,520.8918,511.9636,514.8125
2022-03-01,518.1591,524.2184,517.7451,523.7999
2022-03-02,522.9202,525.2097,514.9554,517.2200
2022-03-03,514.5103,515.2836,512.9279,513.7000
2022-03-04,509.0832,509.7691,505.2916,505.9734
2022-03-07,504.1879,512.2010,499.7467,507.7287
2022-03-08,509.3276,518.6250,484.9515,493.9686
2022-03-09,493.2735,495.1945,489.5699,491.4840
2022-03-10,489.3476,493.6968,486.6155,490.9556
2022-03-11,494.9570,501.3289,487.7099,494.0704
2022-03-14,490.5917,509.5449,484.7853,503.5848
2022-03-15,507.1448,512.6376,502.7668,508.2500
2022-03-16,503.0162,506.5153,499.1684,502.6650
2022-03-17,502.3106,504.1656,486.2486,488.0510
2022-03-18,486.2883,487.1960,482.0484,482.9498
2022-03-21,478.9864,499.0295,478.0884,498.0956
2022-03-22,499.0752,506.6399,484.7799,492.2410
2022-03-23,492.5836,494.1185,488.4599,489.9868
2022-03-24,488.9412,492.8741,484.3411,488.2686
2022-03-25,491.8358,492.4435,484.9139,485.5138
2022-03-28,481.8710,499.8299,480.6390,498.5552
2022-03-29,499.0088,501.5159,489.0826,491.5523
2022-03-30,494.7529,500.1332,488.2460,493.6140
2022-03-31,493.1070,499.0875,485.3591,491.3178
2022-04-01,494.9247,503.6235,480.3051,488.8980
2022-04-04,490.9871,504.8239,476.7776,490.6037
2022-04-05,491.7745,494.6289,482.5427,485.3598
2022-04-06,482.6634,492.3993,465.8778,475.4685
2022-04-07,476.4983,480.3680,475.7119,479.5765
2022-04-08,477.3571,488.5784,468.2059,479.3883
2022-04-11,480.2143,487.3395,479.2971,486.4105
2022-04-12,487.7468,499.4354,484.5430,496.1762
2022-04-13,498.3619,500.3186,488.0673,489.9910
2022-04-14,487.0884,506.4676,481.2496,500.4685
2022-04-15,505.6827,509.3852,491.3447,494.9687
2022-04-18,495.8368,499.8421,492.8328,496.8320
2022-04-19,500.3765,502.4148,489.6831,491.6860
2022-04-20,492.2277,496.1806,484.8480,488.7731
2022-04-21,486.8112,496.4818,483.9425,493.5733
2022-04-22,492.3219,499.5887,481.2159,488.4252
2022-04-25,489.5681,500.5085,484.0641,494.9441
2022-04-26,498.5396,504.3928,492.5274,498.3787
2022-04-27,498.7524,507.9739,492.6988,501.8824
2022-04-28,503.8855,504.3488,503.1801,503.6432
2022-04-29,503.1447,507.1801,494.8915,498.8927
2022-05-02,496.6302,501.5698,495.4855,500.4164
2022-05-03,495.5695,505.0924,487.4249,496.9256
2022-05-04,495.0669,503.3490,494.2805,502.5507
2022-05-05,502.3084,506.2235,494.6999,498.5860
2022-05-06,498.8649,499.1653,488.8516,489.1461
2022-05-09,490.9899,492.7200,468.8363,470.4943
2022-05-10,472.1610,474.6965,458.6155,461.0916
2022-05-11,459.3244,465.4060,457.5397,463.6047
2022-05-12,461.5313,475.8279,459.1356,473.3707
2022-05-13,473.7697,481.4181,460.7965,468.3575
2022-05-16,471.8253,474.9553,452.8025,455.8264
2022-05-17,456.6164,457.8745,454.1387,455.3934
2022-05-18,457.8128,462.9915,446.4810,451.5892
2022-05-19,450.0724,450.4864,445.8239,446.2344
2022-05-20,443.4912,450.3290,438.3857,445.2038
2022-05-23,447.4360,455.2000,434.2952,441.9642
2022-05-24,444.3082,449.8917,429.2856,434.7489
2022-05-25,435.0281,435.6359,434.2917,434.8994
2022-05-26,438.1801,440.8932,432.9865,435.6842
2022-05-27,435.7870,440.2309,424.8035,429.1801
2022-05-30,429.1336,443.7512,423.2920,437.7918
2022-05-31,433.5834,442.3696,433.1852,441.9637
2022-06-01,438.3058,441.0044,436.6746,439.3692
2022-06-02,446.3982,450.0288,434.3807,437.9426
2022-06-03,436.8926,439.8819,431.1035,434.0735
2022-06-06,436.3481,450.3978,430.0325,443.9719
2022-06-07,444.2854,450.5799,434.9445,441.1953
2022-06-08,441.6004,442.2097,435.1246,435.7257
2022-06-09,438.8742,445.0058,424.0222,430.0302
2022-06-10,430.5604,431.2141,426.6094,427.2581
2022-06-13,427.3263,431.5228,416.7097,420.8425
2022-06-14,419.9061,424.1551,416.6570,420.8983
2022-06-15,422.5454,425.5684,415.1359,418.1273
2022-06-16,417.8340,431.2404,392.8134,405.8347
2022-06-17,405.6571,412.7633,393.5775,400.5950
2022-06-20,399.3787,403.7853,399.1727,403.5771
2022-06-21,404.4536,412.1371,401.4477,409.0968
2022-06-22,408.3717,415.2276,406.2266,413.0578
2022-06-23,411.8703,414.0434,409.2424,411.4131
2022-06-24,411.2717,415.1189,405.4035,409.2316
2022-06-27,408.3571,408.8480,405.8142,406.3026
2022-06-28,404.8722,413.8919,402.3087,411.2877
2022-06-29,413.2570,415.6801,405.3091,407.6996
2022-06-30,408.2203,408.4222,406.9272,407.1286
2022-07-01,402.9060,415.2473,397.5239,409.7735
2022-07-04,410.8950,415.1344,409.8323,414.0636
2022-07-05,412.5431,416.6476,403.4646,407.5191
2022-07-06,407.4917,409.3558,398.7839,400.6166
2022-07-07,400.3897,403.6503,399.1461,402.4004
2022-07-08,402.9414,404.3918,402.0320,403.4811
2022-07-11,402.0018,410.0713,396.4761,404.5112
2022-07-12,404.9744,414.5123,390.9332,400.3625
2022-07-13,396.6302,414.6510,391.6721,409.5317
2022-07-14,412.5876,416.6066,404.2208,408.1971
2022-07-15,407.3811,409.0240,407.1387,408.7808
2022-07-18,410.5794,410.6005,400.2783,400.2988
2022-07-19,400.7182,419.9542,392.2072,411.2201
2022-07-20,410.4014,416.1806,406.8646,412.6247
2022-07-21,410.6941,419.4894,408.4950,417.2551
2022-07-22,420.1844,421.5670,416.2566,417.6308
2022-07-25,415.4544,417.2351,411.0299,412.7992
2022-07-26,410.8763,416.6968,408.4544,414.2550
2022-07-27,413.8974,423.9241,412.4316,422.4281
2022-07-28,421.3610,431.0995,415.8347,425.5187
2022-07-29,424.3137,425.0694,423.7631,424.5186
2022-08-01,424.0243,431.3324,418.0920,425.3811
2022-08-02,428.1870,432.5557,419.9186,424.2471
2022-08-03,423.5130,425.1251,416.4236,418.0148
2022-08-04,418.6455,420.1617,409.8391,411.3288
2022-08-05,411.6354,411.8190,409.5614,409.7442
2022-08-08,408.4758,415.4374,400.0527,406.9890
2022-08-09,406.6701,409.3440,397.3577,399.9876
2022-08-10,402.4726,412.6500,388.0345,398.1014
2022-08-11,397.3703,398.4352,393.3514,394.4083
2022-08-12,394.5733,404.7828,387.5660,397.7197
2022-08-15,400.8630,404.2879,389.9837,393.3444
2022-08-16,395.0952,405.9356,389.4623,400.2295
2022-08-17,400.2739,402.8134,392.8432,395.3515
2022-08-18,396.2997,397.8403,396.0179,397.5576
2022-08-19,396.3201,407.0477,391.2399,401.8960
2022-08-22,403.2641,405.3282,400.7496,402.8115
2022-08-23,403.9081,408.1523,403.2418,407.4802
2022-08-24,409.3178,416.3036,397.2295,404.1267
2022-08-25,401.5409,415.4770,397.7082,411.5488
2022-08-26,410.1919,424.5851,407.4933,421.8101
2022-08-29,420.3331,431.4731,412.9426,424.0179
2022-08-30,424.1676,428.3760,420.1390,424.3457
2022-08-31,423.6525,429.9443,413.0408,419.2675
2022-09-01,417.3278,421.1873,410.0788,413.9067
2022-09-02,412.6888,418.9279,405.5595,411.7849
2022-09-05,412.9312,414.8234,409.4376,411.3224
2022-09-06,414.2873,424.1862,405.7528,415.6241
2022-09-07,414.8584,415.2188,411.7596,412.1176
2022-09-08,413.3979,414.0456,409.6272,410.2701
2022-09-09,408.7621,410.0161,407.8041,409.0574
2022-09-12,411.1610,415.9979,406.3176,411.1543
2022-09-13,412.6234,415.2834,408.1890,410.8375
2022-09-14,409.6643,412.0335,399.4508,401.7743
2022-09-15,401.7095,413.2551,392.6613,404.1519
2022-09-16,403.2011,403.7985,399.6577,400.2507
2022-09-19,399.5824,403.2189,393.7120,397.3280
2022-09-20,399.4836,403.1776,392.5152,396.1787
2022-09-21,396.9455,398.4461,394.2753,395.7714
2022-09-22,395.1763,400.2597,391.2978,396.3694
2022-09-23,395.2036,398.1577,388.7674,391.6954
2022-09-26,394.2321,395.8948,392.1755,393.8366
2022-09-27,390.6913,392.9092,387.9995,390.2147
2022-09-28,393.2325,393.5501,386.6527,386.9652
2022-09-29,387.9915,388.3711,386.5117,386.8902
2022-09-30,386.5109,397.5062,381.8090,392.7286
2022-10-03,390.4844,399.2641,385.7856,394.5168
2022-10-04,396.0788,399.4181,393.1835,396.5195
2022-10-05,395.5963,404.1558,394.4635,403.0018
2022-10-06,402.5512,402.5942,393.4383,393.4803
2022-10-07,394.0803,398.2029,393.7767,397.8964
2022-10-10,402.4506,409.3299,392.2249,399.0459
2022-10-11,401.9358,408.5085,398.7192,405.2653
2022-10-12,409.4777,417.7832,403.0554,411.3317
2022-10-13,410.2767,421.2505,399.6947,410.6586
2022-10-14,412.2327,413.5556,407.0771,408.3877
2022-10-17,408.4456,409.5758,405.9073,407.0335
2022-10-18,404.0467,415.1072,397.2685,408.2584
2022-10-19,407.1374,414.4454,398.3065,405.5866
2022-10-20,405.3453,416.9058,399.6342,411.1134
2022-10-21,413.4300,414.8111,404.9787,406.3361
2022-10-24,404.9984,405.8869,399.6227,400.5013
2022-10-25,401.3672,405.3776,399.1051,403.1057
2022-10-26,403.5741,416.0535,398.2120,410.5981
2022-10-27,411.3815,415.8440,408.1296,412.5827
2022-10-28,411.2467,411.8597,410.0130,410.6250
2022-10-31,412.9622,413.9033,407.3779,408.3084
2022-11-01,409.0509,412.1488,402.6682,405.7410
2022-11-02,409.5167,418.1225,408.0019,416.5816
2022-11-03,419.1560,419.7901,412.1576,412.7821
2022-11-04,410.9511,417.1831,398.1259,404.2564
2022-11-07,402.9590,409.0185,400.2982,406.3354
2022-11-08,406.2811,410.2931,405.1658,409.1698
2022-11-09,407.4864,413.5435,405.5665,411.6043
2022-11-10,409.1904,414.8433,408.5302,414.1750
2022-11-11,419.6256,420.4425,415.0747,415.8842
2022-11-14,414.2878,421.8280,410.8985,418.4050
2022-11-15,418.0567,425.5759,417.2245,424.7304
2022-11-16,425.7855,432.6904,415.8462,422.7010
2022-11-17,424.5515,428.3089,422.2944,426.0438
2022-11-18,427.8696,428.8312,422.4382,423.3898
2022-11-21,424.1018,424.8753,420.3617,421.1298
2022-11-22,422.6913,425.2592,415.8603,418.4022
2022-11-23,418.1173,428.4252,415.6895,425.9519
2022-11-24,425.4055,431.6678,425.3988,431.6610
2022-11-25,432.9218,433.9751,428.4545,429.4994
2022-11-28,430.8941,434.3523,427.6741,431.1305
2022-11-29,429.5368,435.2544,420.8708,426.5487
2022-11-30,428.4037,432.6748,417.2842,421.4863
2022-12-01,425.5161,432.0707,422.8607,429.3912
2022-12-02,434.4422,435.9735,427.9082,429.4218
2022-12-05,429.6966,430.6835,414.6003,415.5548
2022-12-06,413.3559,418.8926,410.6574,416.1757
2022-12-07,420.5368,424.7246,410.4886,414.6174
2022-12-08,414.1509,420.5301,413.0378,419.4029
2022-12-09,418.0094,422.3588,417.0914,421.4333
2022-12-12,417.9618,430.1332,412.6526,424.7379
2022-12-13,424.8531,425.0612,424.0698,424.2777
2022-12-14,424.8824,429.5714,420.3486,425.0359
2022-12-15,423.5476,426.7492,421.3754,424.5719
2022-12-16,424.3538,435.1539,422.6960,433.4605
2022-12-19,431.9471,440.2297,415.6678,423.7940
2022-12-20,420.3946,430.9302,417.0007,427.4791
2022-12-21,426.2755,431.3929,418.0122,423.0913
2022-12-22,418.2651,425.9362,417.3497,425.0060
2022-12-23,422.2761,428.1941,421.8085,427.7204
2022-12-26,427.8988,435.8507,422.6737,430.5927
2022-12-27,430.0847,432.4696,427.8371,430.2214
2022-12-28,432.1050,439.6519,411.4628,418.7769
2022-12-29,416.3801,424.7350,414.8379,423.1676
2022-12-30,423.9665,424.3018,419.4564,419.7884
2023-01-02,419.3818,421.5012,419.2130,421.3315
2023-01-03,421.2598,429.4273,419.3476,427.4868
2023-01-04,425.4649,425.6331,413.0713,413.2347
2023-01-05,411.9396,424.8587,408.9288,421.7760
2023-01-06,419.6831,426.0320,419.0468,425.3871
2023-01-09,427.7010,430.6901,424.3854,427.3723
2023-01-10,425.6325,436.8687,424.2255,435.4293
2023-01-11,436.4368,438.4814,435.2612,437.3035
2023-01-12,439.2167,440.3880,435.9035,437.0691
2023-01-13,434.4155,454.8576,427.9917,448.2295
2023-01-16,451.8130,452.0536,436.8254,437.0581
2023-01-17,437.7861,439.6447,421.0190,422.8140
2023-01-18,419.9032,428.1339,419.8594,428.0893
2023-01-19,430.2025,440.1915,427.1722,437.1125
2023-01-20,436.3383,438.3326,434.5015,436.4951
2023-01-23,438.6671,442.8332,426.5550,430.6449
2023-01-24,429.1792,437.0484,427.9949,435.8457
2023-01-25,436.9941,441.0056,422.7070,426.6233
2023-01-26,426.5532,430.8551,419.9534,424.2319
2023-01-27,424.8189,429.7846,421.7941,426.7461
2023-01-30,424.6973,433.5043,419.2205,427.9851
2023-01-31,428.6241,430.5996,422.0574,424.0116
2023-02-01,421.3715,425.7386,417.2474,421.6121
2023-02-02,422.3768,424.3485,421.7996,423.7693
2023-02-03,426.4422,432.3549,424.3416,430.2357
2023-02-06,430.7378,439.1981,425.8151,434.2354
2023-02-07,433.2998,453.5117,427.1336,447.1484
2023-02-08,445.3163,449.5994,441.7543,446.0316
2023-02-09,442.3998,442.4983,441.8567,441.9552
2023-02-10,441.5100,443.2819,436.2607,438.0186
2023-02-13,437.2744,443.2470,428.3956,434.3280
2023-02-14,431.9592,438.8552,421.4985,428.3367
2023-02-15,430.5523,437.6187,421.5784,428.6130
2023-02-16,430.2419,431.3841,423.0021,424.1281
2023-02-17,426.3928,437.7527,408.2694,419.4441
2023-02-20,422.4867,424.3603,417.5035,419.3632
2023-02-21,420.0817,424.1195,412.8797,416.8869
2023-02-22,413.8581,425.1453,408.3847,419.5960
2023-02-23,421.7407,427.4808,415.9724,421.7121
2023-02-24,421.4916,425.1860,417.8356,421.5296
2023-02-27,422.1452,433.6597,410.4583,421.9680
2023-02-28,421.4359,436.3934,407.6114,422.5328
2023-03-01,421.7225,423.2420,421.5512,423.0701
2023-03-02,424.2222,424.9703,415.9330,416.6678
2023-03-03,419.2070,423.4720,409.0383,413.2426
2023-03-06,411.8561,416.3507,397.2212,401.6039
2023-03-07,401.1393,404.4309,389.8679,393.0934
2023-03-08,388.7160,408.2342,382.2179,401.5220
2023-03-09,400.6908,410.6780,394.5442,404.4733
2023-03-10,400.3677,417.3464,396.5470,413.4013
2023-03-13,414.1055,415.7068,412.3886,413.9895
2023-03-14,408.2149,421.8218,404.5196,418.0377
2023-03-15,417.0087,418.6582,414.6243,416.2709
2023-03-16,414.5128,426.8493,409.7760,422.0266
2023-03-17,423.2136,430.7148,419.0193,426.4880
2023-03-20,424.5761,430.6621,414.7260,420.7573
2023-03-21,421.9245,431.3584,419.8949,429.2934
2023-03-22,427.3504,429.1174,427.0548,428.8208
2023-03-23,425.5060,432.5132,422.3484,429.3272
2023-03-24,429.2480,432.9510,428.6920,432.3909
2023-03-27,429.8450,437.7865,427.0503,434.9585
2023-03-28,434.8328,439.8456,427.9795,432.9707
2023-03-29,433.6922,435.7865,419.4145,421.4497
2023-03-30,420.1401,421.8170,414.4933,416.1542
2023-03-31,418.9621,423.4094,410.9810,415.3905
2023-04-03,415.9822,418.4534,414.6504,417.1179
2023-04-04,416.3126,425.1876,414.9459,423.7964
2023-04-05,422.8695,425.0672,421.0545,423.2507
2023-04-06,424.2455,424.7638,420.3786,420.8928
2023-04-07,419.4418,429.1004,406.7008,416.2868
2023-04-10,418.9238,419.9007,418.5522,419.5286
2023-04-11,418.6985,421.3838,408.6643,411.3021
2023-04-12,414.5991,417.2927,401.4077,404.0327
2023-04-13,403.9880,415.8722,401.3726,413.1972
2023-04-14,415.6046,416.8745,414.9606,416.2296
2023-04-17,414.1443,416.2375,408.0594,410.1323
2023-04-18,411.2818,419.7807,398.1356,406.5364
2023-04-19,407.7157,409.0952,397.5090,398.8585
2023-04-20,398.7362,399.5216,397.0192,397.8028
2023-04-21,399.0493,403.2375,383.5780,387.6465
2023-04-24,386.8405,387.3540,386.3771,386.8905
2023-04-25,389.6157,398.7127,384.1075,393.1544
2023-04-26,390.6143,394.9107,385.8421,390.1332
2023-04-27,389.1743,394.0740,384.5263,389.4231
2023-04-28,390.0500,396.0193,387.7407,393.6884
2023-05-01,392.0307,397.3754,391.7122,397.0529
2023-05-02,397.1345,411.2092,388.8970,402.8532
2023-05-03,400.1331,408.4298,397.4076,405.6666
2023-05-04,403.3951,416.0864,400.3392,412.9580
2023-05-05,413.4315,416.7997,407.4338,410.7804
2023-05-08,412.2192,416.3135,404.8934,408.9553
2023-05-09,408.5198,408.6048,400.6833,400.7667
2023-05-10,403.9252,409.1521,388.7407,393.8371
2023-05-11,393.8662,396.3838,392.4639,394.9775
2023-05-12,391.9389,400.6402,387.5482,396.2017
2023-05-15,392.9557,401.4758,385.5238,394.0237
2023-05-16,393.8554,394.1829,385.4954,385.8162
2023-05-17,386.6934,391.5552,383.3419,388.1906
2023-05-18,388.7238,390.8726,376.9292,379.0244
2023-05-19,378.3717,380.2260,375.5246,377.3740
2023-05-22,381.1941,392.9067,366.8732,378.5031
2023-05-23,376.9807,379.2476,371.9584,374.2086
2023-05-24,375.8013,384.3159,369.1876,377.6693
2023-05-25,378.2367,379.6638,374.2488,375.6662
2023-05-26,379.0475,382.6708,375.3568,378.9794
2023-05-29,379.5252,387.0129,374.4104,381.8665
2023-05-30,382.2016,385.8151,368.8015,372.3216
2023-05-31,370.7908,372.1538,370.0165,371.3782
2023-06-01,373.1390,380.9930,355.5070,363.1507
2023-06-02,362.1869,373.2709,357.0328,368.0337
2023-06-05,367.5050,376.0365,364.6407,373.1284
2023-06-06,372.8216,375.5313,367.0469,369.7342
2023-06-07,371.3808,373.2930,369.0743,370.9844
2023-06-08,371.3212,371.9832,369.8250,370.4856
2023-06-09,369.6161,386.3135,367.8207,384.4461
2023-06-12,381.6327,387.2121,378.7911,384.3502
2023-06-13,383.3380,394.6373,375.0978,386.3328
2023-06-14,386.1347,392.5098,377.4054,383.7411
2023-06-15,387.3366,387.3707,380.3432,380.3767
2023-06-16,374.9269,383.6249,369.3287,377.9811
2023-06-19,376.8324,395.2863,367.0639,385.2984
2023-06-20,384.9668,386.4115,379.9457,381.3770
2023-06-21,382.3459,384.5329,370.7135,372.8462
2023-06-22,375.3568,377.2823,372.7282,374.6501
2023-06-23,371.1845,375.7022,368.3118,372.8168
2023-06-26,374.1643,377.6875,374.0733,377.5957
2023-06-27,377.9596,390.3665,375.6263,387.9715
2023-06-28,388.3241,393.3391,387.1144,392.1175
2023-06-29,390.1999,395.6198,388.2393,393.6420
2023-06-30,394.4187,398.3743,386.1902,390.1025
2023-07-03,389.5040,394.8460,384.9504,390.2833
2023-07-04,392.8541,394.0630,386.0997,387.2915
2023-07-05,383.3724,395.6404,379.3199,391.5019
2023-07-06,392.2744,397.0301,386.4589,391.2015
2023-07-07,390.3604,396.9894,384.4848,391.1027
2023-07-10,392.0791,392.9413,384.3020,385.1489
2023-07-11,387.7131,388.3272,385.1102,385.7211
2023-07-12,386.4982,391.0289,372.8905,377.3135
2023-07-13,375.8685,381.9722,372.1347,378.2150
2023-07-14,377.2223,389.8024,370.0145,382.4939
2023-07-17,381.7121,385.9123,376.9125,381.1060
2023-07-18,380.0856,389.3360,373.5913,382.7954
2023-07-19,380.5931,387.6513,377.5959,384.6224
2023-07-20,384.7532,386.0888,382.1387,383.4698
2023-07-21,383.4848,385.1670,376.7193,378.3791
2023-07-24,378.4691,388.0688,376.7876,386.3522
2023-07-25,389.1296,390.3642,387.1291,388.3612
2023-07-26,390.1766,391.6830,380.6874,382.1629
2023-07-27,382.3219,385.5769,378.2188,381.4665
2023-07-28,381.9288,385.1388,376.5096,379.7008
2023-07-31,380.0701,387.2309,377.9887,385.1218
2023-08-01,383.1095,387.4251,374.9602,379.2321
2023-08-02,378.7415,385.6733,376.6873,383.5929
2023-08-03,381.4513,394.9032,371.3864,384.7513
2023-08-04,380.3878,388.8645,370.5422,378.9877
2023-08-07,380.3919,381.7841,380.2649,381.6566
2023-08-08,382.0498,385.7938,373.6915,377.3898
2023-08-09,379.3772,383.8776,365.5984,369.9873
2023-08-10,370.1574,374.5767,358.2954,362.6247
2023-08-11,365.4209,367.8214,362.6355,365.0335
2023-08-14,364.9838,370.5599,364.3250,369.8923
2023-08-15,366.9221,376.6308,366.7776,376.4826
2023-08-16,376.6617,388.8202,372.9327,385.0086
2023-08-17,384.2934,389.9663,383.3950,389.0568
2023-08-18,388.6831,390.5280,380.8974,382.7140
2023-08-21,382.4766,382.6737,378.6774,378.8726
2023-08-22,378.0324,386.0950,372.5794,380.6049
2023-08-23,379.4230,391.5656,378.3597,390.4713
2023-08-24,391.3755,404.9457,388.4780,401.9697
2023-08-25,406.1410,408.9748,400.9646,403.7818
2023-08-28,407.6210,407.8434,406.6849,406.9069
2023-08-29,410.6890,415.0888,394.5887,398.8618
2023-08-30,396.8070,414.7138,387.5265,405.2361
2023-08-31,405.1710,411.3574,395.4803,401.6125
2023-09-01,407.2327,410.3209,399.9869,403.0433
2023-09-04,404.5806,412.9328,402.7615,411.0845
2023-09-05,410.4184,411.3863,410.3543,411.3220
2023-09-06,414.5852,422.4849,410.7250,418.5875
2023-09-07,414.7880,415.4102,414.4888,415.1108
2023-09-08,412.3330,425.2248,406.8890,419.6838
2023-09-11,418.6891,432.2284,416.0201,429.4906
2023-09-12,428.7153,434.0581,415.0188,420.2561
2023-09-13,419.6861,427.5993,417.7964,425.6826
2023-09-14,426.3665,430.6313,424.0645,428.3188
2023-09-15,424.5782,429.2946,423.6334,428.3415
2023-09-18,425.3192,427.0828,422.5734,424.3329
2023-09-19,426.5734,440.3313,417.7499,431.4078
2023-09-20,429.9165,441.7236,429.2768,441.0673
2023-09-21,436.1395,461.0376,429.3189,453.9386
2023-09-22,456.5050,459.9979,452.1115,455.5975
2023-09-25,454.4590,460.5239,442.8713,448.8615
2023-09-26,448.5085,455.2078,434.6021,441.1921
2023-09-27,443.5058,444.2364,438.9175,439.6418
2023-09-28,439.6940,439.7318,433.8350,433.8723
2023-09-29,432.1209,432.3026,429.0165,429.1970
2023-10-02,428.2722,430.9452,420.0315,422.6696
2023-10-03,424.9935,436.6416,419.0952,430.6646
2023-10-04,432.3214,433.2301,426.7051,427.6039
2023-10-05,424.6971,432.5836,421.9187,429.7720
2023-10-06,429.2709,429.8229,425.5345,426.0824
2023-10-09,428.7556,429.8808,423.0109,424.1240
2023-10-10,427.4055,430.1777,423.7347,426.5011
2023-10-11,425.4182,427.3802,420.3633,422.3110
2023-10-12,424.4308,428.1893,418.3392,422.0769
2023-10-13,424.4242,431.8868,407.3552,414.6459
2023-10-16,413.1150,413.3065,412.1969,412.3881
2023-10-17,413.8659,417.4969,409.0893,412.7102
2023-10-18,413.7288,422.3264,413.6398,422.2356
2023-10-19,425.7283,430.0926,423.2691,427.6225
2023-10-20,431.8986,438.8445,415.9922,422.7916
2023-10-23,422.4589,436.5975,416.0981,430.1214
2023-10-24,428.0018,431.2848,425.2687,428.5482
2023-10-25,430.1250,430.9887,424.0347,424.8878
2023-10-26,426.7375,429.6619,424.7277,427.6478
2023-10-27,426.2816,444.3379,415.9646,433.8380
2023-10-30,434.5849,446.8297,430.0499,442.2151
2023-10-31,444.9878,446.3319,438.4407,439.7690
2023-11-01,442.5552,452.7567,423.2559,433.2427
2023-11-02,433.1543,451.1058,427.3642,445.1554
2023-11-03,443.4814,449.6110,436.2926,442.4074
2023-11-06,443.0914,447.2123,437.7389,441.8483
2023-11-07,439.6297,445.0943,433.9690,439.4311
2023-11-08,440.6951,449.0444,439.0387,447.3629
2023-11-09,444.0813,451.9951,436.5382,444.4458
2023-11-10,447.6618,449.1005,442.5169,443.9436
2023-11-13,445.3602,451.4887,440.1517,446.2696
2023-11-14,447.3586,458.0655,442.1165,452.7602
2023-11-15,452.7220,453.2254,445.2903,445.7860
2023-11-16,441.2008,449.9041,439.9523,448.6346
2023-11-17,450.3551,463.4552,446.9113,459.9381
2023-11-20,459.5514,464.5333,452.1801,457.1358
2023-11-21,457.5687,465.5035,441.8645,449.6622
2023-11-22,451.4085,458.3635,438.2826,445.1411
2023-11-23,447.3040,452.1035,445.5477,450.3353
2023-11-24,450.5679,457.2119,440.2300,446.8188
2023-11-27,446.8324,461.7090,437.2035,451.9694
2023-11-28,453.5340,458.5353,451.7596,456.7483
2023-11-29,457.2066,464.0357,446.8714,453.6473
2023-11-30,455.0018,464.8788,454.5882,464.4565
2023-12-01,466.3360,467.9333,460.9435,462.5277
2023-12-04,458.7963,465.3125,453.5328,460.0347
2023-12-05,458.7611,458.8575,455.5693,455.6650
2023-12-06,453.7987,455.1368,452.3932,453.7311
2023-12-07,454.7095,468.8732,447.9462,462.0014
2023-12-08,464.2353,467.0835,457.3279,460.1511
2023-12-11,457.7250,466.3954,454.7964,463.4302
2023-12-12,467.3107,470.7130,458.9834,462.3496
2023-12-13,458.5073,468.5984,456.0784,466.1292
2023-12-14,468.5426,479.2328,466.5142,477.1671
2023-12-15,474.7361,488.7827,472.2067,486.1923
2023-12-18,489.9864,490.5632,489.8188,490.3954
2023-12-19,485.4386,491.3299,483.0290,488.9031
2023-12-20,485.1033,485.6177,485.0553,485.5697
2023-12-21,481.3686,495.1504,475.2272,488.9128
2023-12-22,491.1527,491.6477,486.0422,486.5325
2023-12-25,487.2872,494.0646,486.7616,493.5323
2023-12-26,497.7448,500.0960,492.6437,494.9818
2023-12-27,495.0780,499.5485,490.1818,494.6484
2023-12-28,495.8056,504.5342,488.8483,497.5524
2023-12-29,498.0442,498.4249,495.1487,495.5275
2024-01-01,500.8296,508.1655,497.9884,505.2990
2024-01-02,504.9642,509.9641,495.3859,500.3401
2024-01-03,502.5644,502.6134,494.8427,494.8909
2024-01-04,495.3922,504.3927,494.7113,503.7003
2024-01-05,499.0343,503.9725,493.2413,498.1709
2024-01-08,500.1114,512.9763,496.3216,509.1182
2024-01-09,505.9967,512.0118,498.7616,504.7620
2024-01-10,506.4867,511.3591,491.3813,496.1543
2024-01-11,494.7537,502.1240,491.0339,498.3770
2024-01-12,499.2985,499.3269,486.9895,487.0173
2024-01-15,486.9137,499.5341,482.4913,495.0380
2024-01-16,496.3909,502.6085,487.2335,493.4138
2024-01-17,495.2010,509.0594,489.4547,503.2200
2024-01-18,504.5096,504.9740,495.6851,496.1417
2024-01-19,498.4099,500.0108,495.0679,496.6631
2024-01-22,498.7049,504.8676,497.4427,503.5931
2024-01-23,503.8490,507.1784,500.1689,503.4960
2024-01-24,512.5322,514.0498,503.6925,505.1884
2024-01-25,506.5351,511.3376,497.2426,502.0021
2024-01-26,507.0343,509.8987,494.0246,496.8314
2024-01-29,496.9031,498.9876,489.6287,491.6913
2024-01-30,491.8650,505.3571,490.1680,503.6195
2024-01-31,503.7503,515.8031,496.3283,508.3138
2024-02-01,509.4522,511.3116,497.4291,499.2512
2024-02-02,498.9626,499.5548,492.8567,493.4424
2024-02-05,492.4844,495.2020,489.5998,492.3165
2024-02-06,494.3217,495.5977,489.4689,490.7357
2024-02-07,489.9347,494.3124,489.1888,493.5610
2024-02-08,492.3084,498.5686,489.6511,495.8920
2024-02-09,497.9957,504.9530,489.4951,496.4305
2024-02-12,494.8391,511.4534,488.3823,504.8657
2024-02-13,502.3128,514.8810,498.7868,511.2920
2024-02-14,508.4052,511.0761,506.6275,509.2953
2024-02-15,510.3306,516.4395,497.5133,503.5409
2024-02-16,503.3172,513.6007,490.5267,500.7580
2024-02-19,496.5726,498.7885,492.4044,494.6116
2024-02-20,494.9546,499.8404,483.6403,488.4621
2024-02-21,485.7738,508.6681,484.0804,506.9010
2024-02-22,507.6516,508.6599,502.1364,503.1357
2024-02-23,500.0626,509.0010,490.1906,499.1120
2024-02-26,500.0639,504.7821,498.8080,503.5174
2024-02-27,500.6174,510.4756,499.6107,509.4511
2024-02-28,505.7428,512.2005,496.7470,503.1718
2024-02-29,502.9008,504.7505,494.7251,496.5514
2024-03-01,496.7771,497.9912,487.8286,489.0238
2024-03-04,489.7671,493.0829,482.4637,485.7524
2024-03-05,482.7068,492.1542,478.3519,487.7538
2024-03-06,483.6048,493.5985,480.4329,490.3822
2024-03-07,487.6306,488.9557,484.1146,485.4338
2024-03-08,485.2201,499.7745,473.0682,487.5639
2024-03-11,490.1034,492.5246,477.0241,479.3924
2024-03-12,477.2330,495.1874,472.6173,490.4439
2024-03-13,491.4661,495.8702,480.7361,485.0829
2024-03-14,485.3527,491.8447,472.7997,479.2095
2024-03-15,480.5337,483.9344,468.4643,471.8032
2024-03-18,471.1257,484.6492,465.3261,478.7557
2024-03-19,480.3851,484.9453,469.6865,474.1879
2024-03-20,476.2004,479.6195,470.6318,474.0354
2024-03-21,474.9814,480.2982,465.9309,471.2054
2024-03-22,475.8074,486.4184,472.8074,483.3707
2024-03-25,478.2693,494.0684,473.8537,489.5486
2024-03-26,493.4669,507.2624,491.1346,504.8762
2024-03-27,500.2663,509.6512,499.5566,508.9292
2024-03-28,513.5437,515.3889,500.1703,501.9739
2024-03-29,500.0591,513.5758,491.0863,504.5230
2024-04-01,504.2692,512.1786,497.0372,504.9370
2024-04-02,508.6571,513.3577,487.1861,491.7302
2024-04-03,497.4008,503.9528,493.1874,499.7197
2024-04-04,499.1059,502.5981,492.4928,495.9631
2024-04-05,499.3351,500.9107,496.4503,498.0218
2024-04-08,499.1322,508.3693,496.2943,505.4952
2024-04-09,504.4194,512.9319,496.9269,505.4245
2024-04-10,505.4911,511.9741,504.8360,511.3115
2024-04-11,512.8838,517.3157,509.9606,514.3839
2024-04-12,516.0432,530.3975,503.7265,518.0333
2024-04-15,523.4127,531.2145,519.5733,527.3462
2024-04-16,529.4502,531.5364,528.3351,530.4192
2024-04-17,531.1126,543.3786,527.2260,539.4312
2024-04-18,537.9945,543.6706,534.6587,540.3204
2024-04-19,540.0518,557.7554,530.3124,547.8749
2024-04-22,546.6589,549.0442,542.9104,545.2898
2024-04-23,546.8817,560.8639,528.9540,542.8327
2024-04-24,542.1437,544.2568,529.0715,531.1417
2024-04-25,535.3889,552.1525,528.7620,545.4016
2024-04-26,545.8404,556.5747,540.2283,550.9105
2024-04-29,551.3155,553.0966,543.8969,545.6598
2024-04-30,544.0643,545.2101,538.6236,539.7603
2024-05-01,537.3247,546.2375,530.1854,539.0749
2024-05-02,539.6793,548.9927,537.6023,546.8880
2024-05-03,547.7264,559.4842,544.2523,555.9579
2024-05-06,552.6337,565.3487,545.5113,558.1552
2024-05-07,559.0782,573.7884,558.0944,572.7805
2024-05-08,569.9584,580.8231,568.6781,579.5213
2024-05-09,582.8343,591.7374,577.8154,586.6854
2024-05-10,592.0074,598.1046,576.8298,582.8324
2024-05-13,582.6653,593.3236,582.5345,593.1904
2024-05-14,594.1744,599.2231,589.0030,594.0506
2024-05-15,593.9808,595.4789,586.4914,587.9744
2024-05-16,589.7064,590.5842,581.8946,582.7621
2024-05-17,581.4340,595.2136,578.9213,592.6524
2024-05-20,591.2145,604.9866,586.9051,600.6087
2024-05-21,599.0155,611.9076,590.5461,603.3765
2024-05-22,601.4757,607.7995,596.9939,603.3042
2024-05-23,602.4130,604.4726,596.5598,598.6064
2024-05-24,600.4482,606.8113,596.6321,602.9791
2024-05-27,598.6037,600.3480,588.5520,590.2720
2024-05-28,586.7460,598.5818,579.5057,591.2855
2024-05-29,590.6906,595.1414,582.6534,587.0771
2024-05-30,587.7531,594.4555,581.1527,587.8540
2024-05-31,587.5231,590.3718,580.6279,583.4569
2024-06-03,580.5869,587.7163,572.0770,579.1891
2024-06-04,582.3710,590.2220,559.9517,567.6035
2024-06-05,567.2704,567.9116,563.4503,564.0879
2024-06-06,562.9551,565.1692,559.1558,561.3636
2024-06-07,557.0082,566.1281,554.8594,563.9524
2024-06-10,563.6122,570.8925,561.3813,568.6417
2024-06-11,567.3602,574.3234,562.3964,569.3422
2024-06-12,567.1864,575.2987,563.3406,571.4241
2024-06-13,568.8063,570.1342,557.3543,558.6585
2024-06-14,556.0379,559.4473,548.8170,552.2029
2024-06-17,551.4832,559.5905,539.9345,547.9904
2024-06-18,551.2555,553.7519,546.9272,549.4153
2024-06-19,551.8107,557.8253,550.4648,556.4680
2024-06-20,552.9809,563.7879,550.0767,560.8425
2024-06-21,564.4514,566.0922,557.5105,559.1359
2024-06-24,559.0434,575.6534,556.5073,573.0537
2024-06-25,572.2272,585.7941,562.0066,575.5148
2024-06-26,576.9132,579.4854,571.4243,573.9835
2024-06-27,572.2975,575.4567,570.0800,573.2356
2024-06-28,572.7492,573.4802,571.9128,572.6437
2024-07-01,567.9938,580.1503,567.9095,580.0643
2024-07-02,573.5613,576.2489,565.0268,567.6869
2024-07-03,567.0614,572.5794,558.6592,564.1489
2024-07-04,561.4843,562.1366,558.9510,559.6011
2024-07-05,557.3677,562.6172,555.7250,560.9639
2024-07-08,561.2315,565.0895,550.3291,554.1383
2024-07-09,554.8368,557.2401,554.2244,556.6258
2024-07-10,558.8142,566.9163,554.8080,562.8809
2024-07-11,561.4711,571.8728,555.7703,566.1248
2024-07-12,571.4922,575.7796,552.6396,556.8169
2024-07-15,560.1753,561.2584,546.7260,547.7851
2024-07-16,546.8088,551.4366,546.2517,550.8754
2024-07-17,545.4140,554.3895,538.2056,547.1580
2024-07-18,547.2152,548.4822,536.7633,538.0091
2024-07-19,539.1601,550.7251,522.9396,534.4026
2024-07-22,534.8011,539.4557,531.1448,535.7926
2024-07-23,539.8780,542.5867,536.3611,539.0658
2024-07-24,541.0698,546.1333,538.9710,544.0230
2024-07-25,545.8597,553.2179,545.2408,552.5913
2024-07-26,551.0570,553.7017,538.4766,541.0734
2024-07-29,536.4184,547.3741,533.2272,544.1370
2024-07-30,544.0018,547.0057,536.8329,539.8137
2024-07-31,542.1816,545.2197,528.4969,531.4750
2024-08-01,534.8646,537.7488,523.6670,526.5061
2024-08-02,525.0942,527.4394,518.4663,520.7924
2024-08-05,520.7371,523.8770,517.6295,520.7692
2024-08-06,521.1964,527.1335,505.0866,510.9065
2024-08-07,508.8695,514.4484,506.0726,511.6363
2024-08-08,519.6101,520.5850,509.3119,510.2693
2024-08-09,508.3773,523.4935,505.5343,520.5822
2024-08-12,519.7334,523.5764,502.0114,505.7510
2024-08-13,510.0828,513.9694,498.2339,502.0594
2024-08-14,502.5910,503.8932,498.9007,500.1967
2024-08-15,499.9989,504.3073,495.1435,499.4471
2024-08-16,493.6778,499.7901,480.4801,486.5035
2024-08-19,489.8000,493.5481,475.0789,478.7423
2024-08-20,482.1810,486.1735,482.1704,486.1628
2024-08-21,486.6395,493.7444,483.9222,491.0027
2024-08-22,494.2473,502.6959,489.8889,498.3018
2024-08-23,494.1629,515.7157,483.2160,504.5388
2024-08-26,504.3700,504.6712,499.0570,499.3552
2024-08-27,499.6023,505.6059,489.9905,495.9502
2024-08-28,499.8503,501.7369,486.7415,488.5856
2024-08-29,484.3033,499.2211,478.9616,493.7749
2024-08-30,493.7887,504.0584,492.4858,502.7319
2024-09-02,504.8552,510.9732,491.1021,497.1264
2024-09-03,495.9722,499.6535,494.0426,497.7171
2024-09-04,499.2101,503.9669,489.1655,493.8714
2024-09-05,492.9484,501.7718,484.9443,493.7546
2024-09-06,496.4652,499.7161,490.7761,494.0110
2024-09-09,494.1711,499.8700,494.1120,499.8102
2024-09-10,500.0910,502.0188,499.8518,501.7789
2024-09-11,499.8658,502.9808,498.5797,501.6900
2024-09-12,503.8880,516.4747,494.9883,507.5111
2024-09-13,505.3843,514.1375,501.1988,509.9144
2024-09-16,509.9720,513.9250,502.6093,506.5357
2024-09-17,503.3477,519.9589,493.6719,510.1523
2024-09-18,506.3059,512.3201,498.7846,504.7808
2024-09-19,506.0904,506.7881,501.2243,501.9162
2024-09-20,499.4562,503.8614,491.3174,495.6895
2024-09-23,494.2716,496.4179,492.2781,494.4237
2024-09-24,493.8264,497.3159,492.2417,495.7250
2024-09-25,496.8519,500.4178,483.0717,486.5638
2024-09-26,485.9024,502.1837,473.4682,489.6536
2024-09-27,490.8704,498.1123,487.5422,494.7578
2024-09-30,494.9845,503.0206,481.0701,489.0092
2024-10-01,488.9493,496.2723,480.7406,488.0501
2024-10-02,489.4431,496.0746,481.8666,488.4852
2024-10-03,487.0372,489.8321,484.2166,487.0114
2024-10-04,490.1211,497.6733,484.7292,492.2578
2024-10-07,492.9199,517.4076,483.8251,508.0338
2024-10-08,513.4783,520.2154,490.1762,496.6930
2024-10-09,496.9290,504.3148,481.1358,488.3948
2024-10-10,491.1896,496.8193,489.0176,494.6321
2024-10-11,494.0640,511.5116,492.9191,510.3290
2024-10-14,511.2428,517.8489,499.3075,505.8439
2024-10-15,504.7508,516.6359,500.3929,512.2136
2024-10-16,510.1469,532.2697,499.6128,521.5011
2024-10-17,522.1160,532.0206,516.5540,526.4129
2024-10-18,532.4771,534.8037,521.3249,523.6128
2024-10-21,525.5048,542.4610,523.4182,540.3156
2024-10-22,540.4039,552.7970,534.9059,547.2295
2024-10-23,555.4880,557.8184,544.7290,547.0239
2024-10-24,547.4376,553.4331,538.3811,544.3427
2024-10-25,542.9442,552.4270,528.8063,538.2063
2024-10-28,536.0711,537.7755,535.3243,537.0274
2024-10-29,540.4001,542.4619,530.0761,532.1063
2024-10-30,533.1935,540.9756,527.1157,534.8787
2024-10-31,534.2336,534.7908,526.1000,526.6493
2024-11-01,525.3232,536.9719,516.9135,528.5112
2024-11-04,527.0374,527.0751,520.5226,520.5599
2024-11-05,524.8859,530.8410,509.9488,515.8008
2024-11-06,510.6942,520.5637,506.1374,515.9599
2024-11-07,513.0015,528.1404,512.7004,527.8306
2024-11-08,529.1110,531.9277,519.4889,522.2692
2024-11-11,523.7928,525.2611,509.2712,510.7028
2024-11-12,511.7117,512.6788,505.8975,506.8554
2024-11-13,501.6375,503.1792,496.9128,498.4446
2024-11-14,499.6853,508.9444,481.5097,490.6005
2024-11-15,492.7713,506.5027,489.9850,503.6549
2024-11-18,503.3825,511.6341,492.9392,501.1543
2024-11-19,501.4745,502.4979,498.3258,499.3448
2024-11-20,503.1092,506.3954,500.1227,503.4072
2024-11-21,501.9036,504.0288,489.0990,491.1788
2024-11-22,493.5513,496.2168,483.1282,485.7515
2024-11-25,491.0051,498.7676,486.5450,494.2778
2024-11-26,498.6278,501.0973,489.5285,491.9650
2024-11-27,489.9204,498.0320,482.5214,490.6225
2024-11-28,488.5793,503.4168,481.3862,496.1128
2024-11-29,491.0396,497.1403,489.4442,495.5304
2024-12-02,492.3583,497.2044,490.2051,495.0395
2024-12-03,496.4322,500.2137,491.0498,494.8190
2024-12-04,492.7135,504.8313,492.6875,504.8047
2024-12-05,507.8466,517.8860,506.2373,516.2501
2024-12-06,515.6493,516.6463,507.2257,508.2084
2024-12-09,505.1852,518.0181,500.8845,513.6453
2024-12-10,514.2339,520.3312,504.5527,510.6071
2024-12-11,511.0312,522.4784,505.7843,517.1685
2024-12-12,516.4143,522.4415,515.1678,521.1835
2024-12-13,518.0190,518.6914,509.8277,510.4904
2024-12-16,509.9397,513.8474,509.3461,513.2499
2024-12-17,515.8535,526.0552,513.1265,523.2888
2024-12-18,522.7561,528.7061,506.3576,512.1874
2024-12-19,513.8246,526.2291,511.0401,523.3928
2024-12-20,520.4136,522.0442,516.8497,518.4743
2024-12-23,518.0684,539.8222,511.1292,532.6872
2024-12-24,530.0801,548.6990,525.7526,544.2558
2024-12-25,543.1739,543.2304,533.2896,533.3452
2024-12-26,531.9816,538.5225,526.3853,532.9165
2024-12-27,534.1487,545.3692,527.1651,538.3309
2024-12-30,536.7452,542.3507,535.2041,540.7980
2024-12-31,539.0849,547.8939,536.8734,545.6555
2025-01-01,547.5772,552.1920,524.1032,528.5577
2025-01-02,528.9815,533.3899,518.9196,523.2805
2025-01-03,529.0762,535.3377,520.9048,527.1434
2025-01-06,530.9925,540.7842,528.0998,537.8541
2025-01-07,539.5765,541.4577,528.4814,530.3304
2025-01-08,532.1819,536.9199,525.5145,530.2351
2025-01-09,529.7414,537.1077,511.7531,518.9696
2025-01-10,519.0065,524.3816,509.3831,514.7138
2025-01-13,517.1283,519.0109,515.1570,517.0392
2025-01-14,516.2720,519.1027,511.2932,514.1121
2025-01-15,510.0680,533.6539,504.3835,527.7721
2025-01-16,527.3288,530.9237,521.6574,525.2381
2025-01-17,524.9720,536.2472,515.6807,526.9213
2025-01-20,526.9188,537.2044,519.6992,529.9434
2025-01-21,529.9164,538.4364,523.5076,532.0023
2025-01-22,529.8129,537.8850,527.3242,535.3702
2025-01-23,537.2151,549.1399,534.0149,545.8881
2025-01-24,548.6365,549.6380,544.0928,545.0879
2025-01-27,543.7850,547.2198,528.0669,531.4236
2025-01-28,533.5703,535.3657,528.7495,530.5348
2025-01-29,529.7502,536.8558,526.8597,533.9423
2025-01-30,538.6818,546.9392,524.5682,532.7345
2025-01-31,534.8882,537.8877,524.8301,527.7899
2025-02-03,532.6743,541.6252,525.4309,534.3588
2025-02-04,533.5040,539.5366,530.7374,536.7532
2025-02-05,534.2351,535.3419,525.0338,526.1238
2025-02-06,525.2436,535.8953,518.9583,529.5583
2025-02-07,529.0514,529.9043,527.2327,528.0840
2025-02-10,531.1076,547.8881,523.2741,539.9246
2025-02-11,539.7167,547.5141,520.0916,527.7156
2025-02-12,524.3714,527.3736,509.2909,512.2236
2025-02-13,508.1982,509.0294,507.1077,507.9385
2025-02-14,502.2128,508.1823,494.0362,499.9791
2025-02-17,501.9116,506.3395,492.8346,497.2211
2025-02-18,496.8681,515.6981,489.0521,507.7116
2025-02-19,506.8624,511.1856,502.1561,506.4760
2025-02-20,508.1017,509.5712,506.1359,507.6040
2025-02-21,504.2446,516.2275,491.4625,503.4258
2025-02-24,498.9275,513.6637,498.7762,513.5080
2025-02-25,515.8307,528.3095,513.4642,525.8967
2025-02-26,530.5454,534.5800,514.8068,518.7517
2025-02-27,518.2850,526.8911,505.9742,514.5177
2025-02-28,516.0587,534.9911,514.0192,532.8851
2025-03-03,536.6786,541.5892,530.6255,535.5255
2025-03-04,536.1259,539.2499,535.6150,538.7366
2025-03-05,536.3487,539.7614,531.0819,534.4828
2025-03-06,536.5188,539.1630,525.2243,527.8257
2025-03-07,527.6198,530.4349,524.7507,527.5655
2025-03-10,528.9670,532.6308,524.7798,528.4400
2025-03-11,531.8253,535.8415,517.8037,521.7437
2025-03-12,524.6383,535.8242,515.0333,526.1908
2025-03-13,528.7221,534.1011,517.4561,522.7746
2025-03-14,521.1879,530.1357,520.7089,529.6489
2025-03-17,528.3393,546.6717,519.7321,537.9086
2025-03-18,539.6264,552.3517,537.6628,550.3491
2025-03-19,551.9806,554.4615,539.2065,541.6410
2025-03-20,543.3543,553.3941,533.8367,543.8675
2025-03-21,540.9335,547.9472,535.8514,542.8471
2025-03-24,545.4444,549.4294,520.2756,524.1046
2025-03-25,523.0656,523.1674,517.8338,517.9346
2025-03-26,521.6772,526.2018,519.9426,524.4580
2025-03-27,520.9013,527.9150,518.7079,525.7014
2025-03-28,526.7080,534.8602,522.2704,530.3915
2025-03-31,535.4191,538.4338,530.8968,533.9029
2025-04-01,532.7031,537.4897,532.3226,537.1061
2025-04-02,538.1570,542.1655,531.6874,535.6774
2025-04-03,535.5739,537.9061,535.2632,537.5943
2025-04-04,536.5785,538.1969,532.5653,534.1765
2025-04-07,537.6628,543.0518,529.5998,534.9617
2025-04-08,533.2735,537.0256,520.7833,524.4734
2025-04-09,525.8920,533.8789,522.6930,530.6509
2025-04-10,534.2982,539.6963,525.5579,530.9219
2025-04-11,533.6677,536.9512,522.2229,525.4559
2025-04-14,524.2364,538.8220,517.5131,531.9991
2025-04-15,532.6019,544.7380,521.2924,533.4113
2025-04-16,529.7822,559.4240,517.3353,546.5825
2025-04-17,544.8099,549.2572,541.8084,546.2478
2025-04-18,544.1161,547.9793,540.4898,544.3514
2025-04-21,539.9957,541.7469,532.6006,534.3335
2025-04-22,532.8832,537.6511,523.8123,528.5413
2025-04-23,528.8133,538.9997,528.3557,538.5337
2025-04-24,541.2499,546.2087,536.6654,541.6210
2025-04-25,540.3615,553.2350,523.0189,535.7833
2025-04-28,536.5841,541.4011,525.7086,530.4706
2025-04-29,529.9385,550.0192,518.9326,538.8286
2025-04-30,540.1535,549.3894,537.6453,546.8501
2025-05-01,550.7329,557.2987,545.9203,552.4709
2025-05-02,552.3763,557.6618,549.6994,554.9723
2025-05-05,553.3481,554.7205,552.1492,553.5212
2025-05-06,556.0260,559.6896,548.9684,552.6096
2025-05-07,549.3395,552.0868,543.0545,545.7839
2025-05-08,541.5697,542.8456,540.6600,541.9353
2025-05-09,542.8916,543.7890,525.2822,526.1519
2025-05-12,523.4755,542.9562,521.2167,540.6234
2025-05-13,542.3213,553.2891,537.8221,548.7367
2025-05-14,550.8478,551.7202,543.2723,544.1341
2025-05-15,545.8102,552.4514,538.2087,544.8381
2025-05-16,543.5906,556.6233,537.7291,550.6853
2025-05-19,552.0690,553.5018,543.0454,544.4584
2025-05-20,543.1833,559.0353,539.3306,555.0981
2025-05-21,559.6111,560.7995,553.8055,554.9842
2025-05-22,556.2871,556.4580,549.3406,549.5095
2025-05-23,554.7311,563.4600,540.7536,549.3986
2025-05-26,550.6195,562.4025,550.5753,562.3573
2025-05-27,556.5893,563.8288,547.7114,554.9293
2025-05-28,556.1351,561.8860,545.2707,550.9682
2025-05-29,552.4641,577.3451,540.6795,565.2870
2025-05-30,560.4231,574.8755,554.8435,569.2085
2025-06-02,569.5113,580.4990,558.0945,569.0738
2025-06-03,573.5790,582.7495,570.6288,579.7675
2025-06-04,575.5994,588.5596,572.1336,585.0369
2025-06-05,582.2412,596.8140,571.0977,585.6061
2025-06-06,590.8682,594.2395,583.2409,586.5877
2025-06-09,586.9249,599.4604,579.3030,591.7755
2025-06-10,596.1417,598.9324,593.5405,596.3304
2025-06-11,600.1864,601.9300,592.4060,594.1321
2025-06-12,591.4702,609.2055,581.2161,598.8240
2025-06-13,602.9859,615.5809,600.1257,612.6748
2025-06-16,608.8385,624.4364,598.6765,614.1852
2025-06-17,615.6959,625.0596,614.5236,623.8717
2025-06-18,624.0610,643.9242,621.0743,640.8571
2025-06-19,639.9962,644.4220,637.5673,641.9856
2025-06-20,642.6779,643.6675,637.4907,638.4739
2025-06-23,641.2390,642.4538,631.9231,633.1225
2025-06-24,634.3277,642.4791,629.6744,637.8004
2025-06-25,640.2513,647.7456,622.6538,630.0285
2025-06-26,631.4579,643.0854,629.4980,641.0954
2025-06-27,643.6661,652.4201,641.2046,649.9347
2025-06-30,651.8805,655.5391,648.8357,652.4914
2025-07-01,654.3830,670.4800,651.9354,667.9815
2025-07-02,665.6183,682.8115,660.2580,677.3566
2025-07-03,675.3405,687.1799,665.3199,677.1327
2025-07-04,676.5453,683.2766,652.0046,658.5570
2025-07-07,656.0433,662.8962,646.7173,653.5440
2025-07-08,656.2217,664.0373,644.8281,652.6005
2025-07-09,657.1774,662.1984,640.3859,645.3164
2025-07-10,651.3349,652.2289,641.7661,642.6481
2025-07-11,639.9049,662.3877,630.8329,653.1282
2025-07-14,658.6430,667.0945,634.3422,642.5877
2025-07-15,641.3935,650.7077,639.9528,649.2494
2025-07-16,651.7865,657.5315,649.5489,655.2820
2025-07-17,652.7368,664.0170,648.3826,659.6169
2025-07-18,658.4246,680.7368,649.4483,671.5811
2025-07-21,675.3508,678.5714,666.1461,669.3380
2025-07-22,669.4250,678.2315,665.2878,674.0657
2025-07-23,669.3262,673.9840,668.7951,673.4496
2025-07-24,674.1770,697.4939,664.9288,688.0553
2025-07-25,694.1384,697.0085,668.7543,671.5310
