Date,Open,High,Low,Close,Volume,Turnover
2018-01-01,100.0,102.72518234188388,98.29933622290734,100.0,815450.9333623643,81545093.33623643
2018-01-02,100.17243025075983,104.93362996327667,100.15382064568333,101.97682148283313,1191865.2367184889,121542628.47643599
2018-01-03,102.11331781724863,102.60204882708322,98.52540541703243,102.53656758549334,893013.6300409612,91566552.43146177
2018-01-04,102.14000246875477,104.24272637641866,96.43825070784175,99.51048655763589,954918.8310379852,95024437.4996388
2018-01-05,99.48273883769714,100.2925302589908,97.14838730319948,99.85329650701725,10000.0,998532.9650701724
2018-01-08,99.7834065711488,100.97557301905744,94.93473887134493,95.95437995150895,1380656.7276219733,132480060.22484583
2018-01-09,95.56226501869789,96.88215910395772,86.25008836379229,93.37665161601979,2569758.2809066772,239955423.7336047
2018-01-10,93.36074990452816,101.36937457314168,88.33412759572415,98.59209608345788,2931702.95651424,289042739.57680947
2018-01-11,98.261262841437,105.25341949350525,85.74321168565446,98.34969015667731,2842314.725789439,279540772.60915256
2018-01-12,98.31012372808509,110.01916818881108,93.2790278886024,105.26917818291126,4796525.712847963,504926319.92470765
2018-01-15,104.90512942187364,106.28956388573783,99.54053231995857,104.01316352207259,3136429.403177383,326229944.38812566
2018-01-16,104.57370908017528,104.80275882086066,98.0131808858658,103.53643195505367,5047451.93672524,522595163.99315673
2018-01-17,104.63261890970632,104.85189252202342,91.37338212887951,97.62923674707277,4406121.407138671,430166269.9938867
2018-01-18,97.3776789972966,103.08522375488587,88.97449994468619,101.62350487410183,4467945.352269781,454048266.2836087
2018-01-19,101.63513199766007,107.45734014275557,98.63826269628531,100.57251651219725,3774506.553874605,379611622.71495044
2018-01-22,100.5908865342519,110.01934008335452,98.32935669770173,102.97405393194626,3727925.981953727,383879651.1200068
2018-01-23,103.15841112312039,108.28522247604913,95.1253566871065,104.48368469521434,3863652.16501199,403688614.581095
2018-01-24,104.39302622265645,120.68165674778795,92.70377539959803,106.73119517372798,4412069.489585865,470905449.81303936
2018-01-25,105.76738121624494,113.36272564578748,101.2461029035778,107.67426174308667,4481117.682109816,482501038.2050662
2018-01-26,107.8268170182456,110.70013459773958,92.07591518091989,106.99183542136066,4740444.497444929,507188857.49472255
2018-01-29,106.94149140912586,112.17217775319853,106.22618112228649,106.5692459080762,2965779.121865877,316060844.54716295
2018-01-30,106.09347907895335,115.89567753102601,102.70370668050364,103.12903680882424,2931731.90848657,302346687.90391606
2018-01-31,103.03480074241328,111.53603635921698,92.06330482014215,93.88392315643105,2701821.775329429,253657627.93740025
2018-02-01,93.66290734569418,99.35449418960778,85.0783355721445,96.02370492461418,4401711.702112993,422668665.6469193
2018-02-02,96.12467506752763,116.91942688452818,84.73851643666187,106.20762850347825,4225645.8127281265,448795820.66550726
2018-02-05,106.07953279031027,111.21168619757505,102.5335276329304,110.0656736002563,3147197.287922816,346398389.4481245
2018-02-06,109.92603287578793,135.60003818781962,108.84345271835444,121.05770353460481,3343280.8045477173,404729896.4698726
2018-02-07,121.12805255849207,127.93988293943544,106.25051628078084,124.06089936299665,6036478.20656989,748890915.2921896
2018-02-08,124.17438796566515,136.26145442719968,108.26082359838453,118.26287295295595,2751014.3374865344,325342859.0859303
2018-02-09,118.26121577357635,125.07188914510982,107.42018653983095,114.68496171715381,1602888.0143932882,183827150.56757894
2018-02-12,114.90401558976689,118.6998498933019,114.27296632875343,115.61382038761138,260109.87811729332,30072296.72969624
2018-02-13,115.66590408020983,117.23147372108737,112.44857417789991,115.88684470982938,710020.3204518339,82282014.61702496
2018-02-14,115.69992775516953,116.80430874856927,110.44660752200592,114.95997317139623,754491.9230120407,86736371.22749935
2018-02-15,115.46185534099507,117.75965213588802,111.92618049726771,116.68326743956851,1622809.9919566717,189354772.29508436
2018-02-16,116.71580169961773,116.74804682399363,109.77304286626777,113.2376873660111,2237850.400334681,253409004.0050014
2018-02-19,113.71726551082594,116.61984376374794,108.15404379371198,114.48481169387551,1965904.9903773475,225066262.63140076
2018-02-20,114.15402801652718,119.92347780791351,112.96228504856103,113.19091405662579,1668290.9992213708,188835383.11430854
2018-02-21,113.33050043862295,115.37646556836151,111.79977831894568,113.23175445610612,843374.7243436825,95496799.70137005
2018-02-22,113.71730520411231,118.8600387243627,111.04265697154183,116.33822531302765,1633572.959249572,190046978.99844602
2018-02-23,116.5788839691588,116.87073938359345,111.64327144727733,115.60870419625677,248523.3133025853,28731458.21347223
2018-02-26,115.61940617015583,124.07053180444392,114.86087120157202,117.31835881831003,10000.0,1173183.5881831003
2018-02-27,117.23007039427766,126.40699482109126,113.68861872698275,118.80342099001528,10000.0,1188034.2099001529
2018-02-28,118.67741837699117,122.83558732125186,114.55652054587395,116.75660663956633,255593.4704458386,29842226.2884864
2018-03-01,116.72840059137971,122.83256223968587,115.43109280838888,119.55527820111939,10000.0,1195552.782011194
2018-03-02,119.46655785029175,120.50925382688321,116.31557247038872,117.92176686678619,10000.0,1179217.668667862
2018-03-05,117.87175005485653,119.55907131465507,117.17419845461131,117.40412323394973,10000.0,1174041.2323394974
2018-03-06,117.33263039157468,119.03741665665267,115.44903539789864,117.503653200163,10000.0,1175036.53200163
2018-03-07,117.44751696673441,117.44945552795913,115.69791801348914,115.83233521628242,10000.0,1158323.3521628242
2018-03-08,115.84574857664515,116.67792958741987,115.81878601669011,116.13850767803808,10000.0,1161385.076780381
2018-03-09,116.06975123065791,116.35901186490013,115.35096908994623,116.22821002326968,10000.0,1162282.1002326969
2018-03-12,116.23360948158513,116.35428159532033,115.70354938722177,115.83723894200122,10000.0,1158372.3894200122
2018-03-13,115.86448196298944,116.32627941121694,114.417264572841,115.62439171613362,10000.0,1156243.9171613362
2018-03-14,115.58744167093148,116.1028495815616,115.14860213791182,115.3965217600394,10000.0,1153965.217600394
2018-03-15,115.36085099749134,116.43085320539103,114.43697974807644,115.02011690602261,10000.0,1150201.169060226
2018-03-16,115.02007054889283,116.1759056507151,114.80292030645917,115.16393756009523,10000.0,1151639.3756009524
2018-03-19,115.16103463755694,115.47030622888119,114.05380141947015,114.72456082940647,10000.0,1147245.6082940646
2018-03-20,114.78385844929556,114.9645857130593,113.38475178155792,114.44499804548644,10000.0,1144449.9804548644
2018-03-21,114.17838000319968,115.38942004689486,112.81519884394487,114.70574907805296,10000.0,1147057.4907805296
2018-03-22,114.69125433882638,118.70796717968743,112.28829791592968,115.82440538223196,10000.0,1158244.0538223195
2018-03-23,116.04756539109711,117.44843676875739,111.87073314039732,117.37258501618444,10000.0,1173725.8501618444
2018-03-26,117.38181030097658,119.15281678358618,113.05828211486413,114.84835328653804,10000.0,1148483.5328653804
2018-03-27,115.1839710715978,118.93382467095046,105.72150899860101,110.75892743101213,305267.5278549909,33811103.96473541
2018-03-28,111.17692668551861,116.65690542709669,109.32954466023929,110.42581718971407,435702.7988989692,48112837.62026432
2018-03-29,110.31095935798423,112.15631908291785,106.9785438638753,110.2646470738723,354632.2179937785,39103396.358108535
2018-03-30,110.58199674429261,116.1793990566272,106.44612914975488,107.8978658274969,597622.8028106096,64482224.99311179
2018-04-02,108.03211106934444,109.41396383456322,105.52342993001899,108.7772890379499,1192137.8948200897,129677528.357938
2018-04-03,108.77008662388356,110.82082429230537,104.54242691705858,110.20761388412626,629820.1388421123,69410974.6779583
2018-04-04,110.1578874434125,113.05994991144723,109.50194611314434,110.8069665023662,45372.33129216402,5027570.39362508
2018-04-05,110.78278027047908,112.66386024588682,108.91886725701858,112.43809173143606,10000.0,1124380.9173143606
2018-04-06,112.2887432081591,115.69375421754894,109.02446825731565,110.64543157447481,10000.0,1106454.315744748
2018-04-09,110.61170365714177,115.23379982618545,110.16329433951609,110.63226450058363,177146.01688675047,19598064.99543983
2018-04-10,110.9005114843587,123.86860150204933,110.8423139984237,116.41576638218012,1337044.6573130426,155653078.46829724
2018-04-11,116.82058473367105,121.56012719131843,112.10590662317591,118.4232530456539,2093540.097910127,247923828.776034
2018-04-12,118.30719557548008,125.03085696807601,111.03779876267649,114.8595704321789,1322313.1880691492,151880324.75842747
2018-04-13,115.03531290254733,123.74680333995776,114.435666392259,115.37966317469339,2056516.3190784152,237280160.20852783
2018-04-16,115.54377388710822,120.51682044675557,107.58438637281576,119.49178699929985,1733792.4293647618,207173955.67065275
2018-04-17,118.82154662058771,128.99936770733308,117.26041856103285,125.22685328570351,1228361.1339065365,153823799.49757424
2018-04-18,125.4043529605876,132.48922900159354,118.64103587636126,126.37604315311506,593751.1001331203,75035914.65263276
2018-04-19,125.83587890763202,131.25219849925173,115.20480124264743,130.98739708724193,2082574.104393726,272790961.1758282
2018-04-20,130.39590539735204,141.65021527614616,115.68081874218163,124.6708339856066,2680019.40649874,334120254.50580835
2018-04-23,125.12604720286562,131.82773992667657,120.4510386862522,122.80791109364154,4257493.085781871,522853832.3604936
2018-04-24,123.66314847002529,144.84765580264568,121.18838174414478,128.76085014186998,3541950.7652368005,456064591.69253737
2018-04-25,128.24036350981237,135.0447029687952,119.91239094214683,123.73635990370113,3575051.7005855967,442363883.89799815
2018-04-26,123.22243807982916,128.83856011209,116.42018423072426,122.9534386625525,3669039.569090934,451121031.6087002
2018-04-27,122.41709055208587,128.9825477719917,101.72803122291245,112.5451510240458,5262059.28818088,592219257.2858001
2018-04-30,112.3145289166171,138.8870880268856,99.30401957567499,119.01833243952291,2647646.9465517914,315118524.46718884
2018-05-01,118.84172579043262,122.47816276926275,111.88375215933549,118.1917325632027,3832522.0243170355,452972418.1406633
2018-05-02,117.89269166393268,120.13006747785134,116.99451716396852,120.00331007708591,2403450.34583664,288421997.10631365
2018-05-03,119.3682453902644,121.43692847080492,105.31044166114991,114.02670467986073,2454324.8012732984,279858569.3032483
2018-05-04,114.88880263559388,117.91625870751919,106.46371275431088,107.59917174594347,4397053.870801872,473119354.6205761
2018-05-07,107.40336757490086,116.79221999599285,106.22945875770925,114.85727560703525,2024172.230257036,232490907.7267396
2018-05-08,114.40776507939066,114.61893794656594,109.21181026020858,112.80119078675848,3539547.4795055324,399265170.5344937
2018-05-09,113.20394483372519,125.57880943669277,105.54521150789566,110.27278021863727,2673334.6486391528,294796044.16025317
2018-05-10,110.09326055626951,116.70564290121551,105.86420941741423,112.73822727589197,3843331.7839687034,433290412.157723
2018-05-11,113.12984367906117,122.34952899065887,111.14718202044733,114.81181921620633,2187047.21545016,251098869.51757124
2018-05-14,115.07841308913521,116.32652036548768,105.39353319929741,107.9573235310759,2165632.682384727,233795908.1416797
2018-05-15,108.27362663225577,110.4735455249888,101.88647810276225,104.89367025835605,1779490.9184450547,186657333.62711474
2018-05-16,104.77445355199464,107.84002217036367,101.7651311986315,105.27748304347548,2103797.4475581213,221482500.1122071
2018-05-17,105.41911479278195,108.43828062285345,99.07445508052882,105.51197796541058,932601.0142914456,98400577.67043857
2018-05-18,105.20613517884647,108.59575137576664,103.10656659985685,106.41591908785199,572096.6635078677,60880192.25428334
2018-05-21,106.19411772618808,106.53799140405559,100.76035452051296,105.90414158867283,35362.93635887262,3745081.419141272
2018-05-22,105.90876771776196,108.03655800238103,105.14681390572025,105.79045727496874,10000.0,1057904.5727496874
2018-05-23,105.75662614833911,106.4382585461944,105.11268306355811,106.20357953135012,10000.0,1062035.7953135013
2018-05-24,106.35642001649909,109.04564885839676,103.7784125654,105.57061247735827,10000.0,1055706.1247735827
2018-05-25,105.52821381552388,107.12181716495566,104.54694561148672,104.54870128092344,10000.0,1045487.0128092344
2018-05-28,104.2584892136351,104.68834556906756,103.51097936364468,103.8690094523272,78859.07644299725,8191014.156459475
2018-05-29,103.88035405606502,112.63886377003863,98.36788733250816,104.12090456000445,1542949.7843263478,160653327.2347231
2018-05-30,104.03490958198743,105.08848921112416,100.02920354287915,103.92810984593301,1435690.289869968,149208578.15034544
2018-05-31,103.96436157078655,104.71028611491964,102.72275277134685,103.1175314811421,875983.5838690015,90329264.78657544
2018-06-01,102.76231839920686,105.13890281021298,98.3401763713858,102.59806170847479,2343549.8161685923,240443668.65614998
2018-06-04,102.44359176825864,104.04327396389131,98.39405341534626,102.75424966694824,727705.7238853857,74774855.63618621
2018-06-05,102.76339531354786,113.46408138698683,101.59816899753665,103.6897850624936,741746.4166850335,76911526.51694594
2018-06-06,103.79196759233524,104.58881510385885,103.304294043355,104.41905647103331,10000.0,1044190.5647103331
2018-06-07,104.47094842774797,105.8792634733943,99.1343940701729,102.8930529896815,10000.0,1028930.529896815
2018-06-08,102.94177076860711,104.21746647531376,102.76293611010428,103.77686551960745,10000.0,1037768.6551960745
2018-06-11,103.67107456670333,105.12887279983399,100.8384441818372,102.81062032047548,10000.0,1028106.2032047547
2018-06-12,102.79746096543052,104.98165207355366,102.46804468047927,103.35010005392998,10000.0,1033501.0005392998
2018-06-13,103.35777733187936,104.50555545263029,101.9801250467289,103.281983597956,10000.0,1032819.83597956
2018-06-14,103.32805534514254,104.39822772322236,102.92596023569952,103.76462506856382,10000.0,1037646.2506856382
2018-06-15,103.77685081817259,105.41709770539875,103.51651661600958,104.46306381027736,10000.0,1044630.6381027736
2018-06-18,104.45281492620505,104.75909391498594,103.76984036729787,103.84369481179459,10000.0,1038436.9481179459
2018-06-19,103.83923159259636,104.30298613514837,103.68122545609818,104.22200200499275,10000.0,1042220.0200499274
2018-06-20,104.21859752626199,104.58996645148025,104.10340224449087,104.47032816606581,10000.0,1044703.2816606581
2018-06-21,104.4207198775522,104.73247718178108,103.83019585720548,104.44989465415028,10000.0,1044498.9465415028
2018-06-22,104.4506307319922,105.05445232460436,103.94154918257318,104.72310783535181,10000.0,1047231.0783535182
2018-06-25,104.75785723147392,105.10527432712654,104.07150716014043,104.6316696719749,10000.0,1046316.696719749
2018-06-26,104.66110261313858,104.87165539941559,104.20345174275455,104.8080643428369,10000.0,1048080.643428369
2018-06-27,104.728053769623,105.75724886287104,104.44331542520581,104.47187229590642,10000.0,1044718.7229590642
2018-06-28,104.47161473699515,105.22509984579547,103.96415671007425,104.95251215604193,10000.0,1049525.1215604194
2018-06-29,104.89419906046625,105.40625334185691,104.52317590343806,105.29074894379929,10000.0,1052907.489437993
2018-07-02,105.33553631839008,106.05403488102701,104.82083274810829,105.6934026293318,10000.0,1056934.026293318
2018-07-03,105.71994122959903,105.88177063472412,105.00215783963634,105.44361416335755,10000.0,1054436.1416335755
2018-07-04,105.49390745043961,107.15255869219831,104.62873222780462,106.85656843936742,10000.0,1068565.6843936741
2018-07-05,106.77699413321257,111.30521337036915,105.49089927788387,109.27520719219604,10000.0,1092752.0719219605
2018-07-06,109.05651495940336,114.58605830295885,107.5087933832207,109.11724367446006,10000.0,1091172.4367446005
2018-07-09,108.96225170723598,109.29249953702819,106.77449879612792,108.43979072099701,10000.0,1084397.90720997
2018-07-10,108.38727566542282,108.7297667917602,100.4620175625388,107.80138074909351,10000.0,1078013.807490935
2018-07-11,107.38622416715546,114.74844755056937,105.56234554864623,109.70096817898963,1582063.110116758,173553854.90007183
2018-07-12,109.40192919574858,114.41241550513345,108.22164591564055,112.71303923506541,1854655.4115141453,209043848.16552025
2018-07-13,113.3550228014718,117.3345921385926,105.84428364223032,109.7776389529727,2210325.0462032985,242644264.8908184
2018-07-16,109.38665946612801,111.83661540399329,99.1233061507091,103.80058372774685,1958110.2407829685,203252985.99655107
2018-07-17,103.93313061593692,108.68176034162995,103.30842205676183,105.03360612331704,906668.7552275317,95230688.92088671
2018-07-18,104.51465404349868,108.37522363152098,102.0165478677395,104.98190772739365,1621549.7624229374,170233387.5340619
2018-07-19,105.0490153230409,106.77938821855669,101.12214600482218,105.5115129802245,1620891.4777833447,171022712.19767264
2018-07-20,105.77465243036671,109.994248660325,103.94551180098618,107.2017057863895,2640979.822936584,283117541.9662387
2018-07-23,107.30324871071727,112.20922121455322,103.10064088733606,104.66386696432575,1015883.8446006641,106326331.56249169
2018-07-24,105.00634021302518,112.48398114280037,102.35156785093777,104.91157855736179,1311667.0270964184,137609058.3543271
2018-07-25,105.3451244152546,109.59485459140538,102.42553722083564,104.24569978536995,1158866.4636782906,120806845.46394041
2018-07-26,103.69886448509814,107.41876465300268,100.44354124510686,105.80511960511296,2568876.4394323267,271800278.92489403
2018-07-27,105.90747499131568,123.44419504322086,104.37799890698231,110.64035172020117,2832367.8572097877,313374175.9226834
2018-07-30,110.926270616956,112.12727115914889,102.78433722525168,110.429895169041,5446374.023894901,601442512.510102
2018-07-31,110.59618450542605,114.01806610901824,106.03670925861167,106.95936313035989,3082898.461677641,329744856.0566067
2018-08-01,107.64714364046974,124.70475679551693,95.20515018984872,112.429346023568,3106485.2949015964,349260110.1376173
2018-08-02,112.53520453118618,117.18576826841121,109.56629487283693,114.83699536478547,2860804.955016537,328526245.3587894
2018-08-03,115.25575698965015,118.61319666339718,106.45237168197289,113.79729887923999,2061304.8271841991,234570921.50030044
2018-08-06,114.21466201349261,116.9016853309384,98.26760844365675,107.21886176408705,2376834.7703811745,254841518.68157473
2018-08-07,107.27156602724071,111.02148941685104,102.0510971312095,104.37296059328193,2011044.9444697925,209898714.7404645
2018-08-08,104.56713497033721,107.08265464752922,101.54519268411293,104.88668759940016,2963569.1018284676,310838946.5627174
2018-08-09,104.57194443555842,112.34371243559278,103.50073198958256,107.21197528784853,2972474.659253184,318684879.71160835
2018-08-10,107.38349984228226,109.07958405307603,84.41498460376405,104.39345878546634,5415039.123562585,565294663.5673184
2018-08-13,104.4957167827502,107.73062154688941,93.98155375439711,106.45049103303575,5141699.584742883,547336445.5402359
2018-08-14,106.40907841487999,116.35883960495585,96.92919997842849,104.23250711284253,1921773.7505958502,200311296.12825602
2018-08-15,104.11439656804309,106.32513594412585,98.87631971965381,103.09559692058745,1515080.5299709537,156198131.62011546
2018-08-16,103.3557990535773,107.02857811732063,99.00642635852061,104.55480914801143,1360864.888188047,142284968.66073117
2018-08-17,104.54261576136766,106.26415255292476,101.4653509176471,104.16841556476066,65363.0852041659,6808769.022142413
2018-08-20,104.62689879791365,106.396220132496,103.23196466456403,104.48161312091966,652029.2102512852,68125063.68901357
2018-08-21,104.73921258874394,108.13881864025363,104.36893929081593,106.20591980154393,367520.7395949183,39032878.194822006
2018-08-22,106.35458215496311,110.62848964724505,104.27814674775304,108.30816346963765,453030.24467876693,49066873.79735783
2018-08-23,108.17585878370885,111.75398931764605,104.39242044486014,106.73151839128224,983687.276889741,104990436.68462773
2018-08-24,106.99767005242008,109.00693262457222,105.83870738697543,105.91738349749811,1463155.7095866036,154973624.40883827
2018-08-27,105.96978190962362,106.47211438720986,101.57333526852285,102.11013805607938,1729561.607246106,176605774.49239442
2018-08-28,102.1371335469973,102.4130700085019,97.84246088984781,99.53953730550936,599641.2562217277,59688013.19360516
2018-08-29,99.32029780834759,111.36117858334299,98.14779646609267,100.32500590114,658409.5752078834,66054944.51809798
2018-08-30,100.46283065158629,101.52961681139828,98.80232916030737,99.29842534741394,791009.793398884,78546026.91889241
2018-08-31,99.347211592313,101.00453695021612,94.76184324852642,96.45106531593109,247798.93886420495,23900471.637609847
2018-09-03,96.36959223450955,97.75255230130763,92.62266843781362,97.74763027551673,963565.0596096577,94186201.19313106
2018-09-04,97.6174246569334,102.59429530914852,96.15325950514395,96.17254421499818,810575.8951582285,77955146.11671646
2018-09-05,96.1472925313984,96.73954364577338,94.24812140578739,96.08721180227235,10000.0,960872.1180227235
2018-09-06,95.94671645558907,96.92188043333502,93.05080194098844,96.82710925516204,10000.0,968271.0925516204
2018-09-07,96.7897288753328,100.76048459956343,96.36450193624201,97.39140177851453,10000.0,973914.0177851453
2018-09-10,97.52724396520709,98.97103114673321,94.58715385149179,97.5641895621588,10000.0,975641.895621588
2018-09-11,97.50195794411523,98.32344604333154,92.41330766367322,95.6879530772441,10000.0,956879.5307724411
2018-09-12,95.85126755262888,97.03525874156993,95.30587785362977,96.36522375323057,10000.0,963652.2375323056
2018-09-13,96.30164211200068,97.48875629981087,96.2642995522952,96.3345891751082,10000.0,963345.891751082
2018-09-14,96.38690645127161,96.97667068836546,95.42282397334543,95.94976169936591,10000.0,959497.6169936591
2018-09-17,95.99285095369214,96.4473233047407,95.33719813001177,95.38904881471875,10000.0,953890.4881471875
2018-09-18,95.44760881711692,96.6392213169003,94.82806267708024,96.3096501911103,10000.0,963096.5019111029
2018-09-19,96.34052490023339,96.78467430098188,96.32456215071124,96.62425968114901,10000.0,966242.5968114901
2018-09-20,96.56594152494286,98.08885024730846,95.4740990538116,96.90223835504155,10000.0,969022.3835504155
2018-09-21,96.94607846549953,97.66887464374582,96.63429207867082,97.34804433024223,10000.0,973480.4433024223
2018-09-24,97.38422167920443,97.94186524656705,97.01667266018654,97.52834058487326,10000.0,975283.4058487327
2018-09-25,97.53151186010015,97.91493823122177,97.19493072973627,97.24674351081491,10000.0,972467.4351081491
2018-09-26,97.1729020582308,98.06728489220569,96.88606020929537,97.6665894462356,10000.0,976665.894462356
2018-09-27,97.70297150572904,98.88845856648875,97.06596249159254,98.1739639100512,10000.0,981739.639100512
2018-09-28,98.14577742766787,99.57424522478881,96.88189054853302,98.50449357583203,10000.0,985044.9357583203
2018-10-01,98.49732359927282,100.33818987600256,97.91368897702019,99.15567068486781,10000.0,991556.7068486782
2018-10-02,99.21806288055292,100.30781425293014,98.4654227402167,100.19770910986283,10000.0,1001977.0910986282
2018-10-03,100.2796281800946,100.91369600674423,99.30302559432894,99.79668518622356,10000.0,997966.8518622356
2018-10-04,99.81936845141892,100.34845677545752,99.2286950683312,99.65391934482854,10000.0,996539.1934482853
2018-10-05,99.60950173645202,101.85741691607019,97.95143474669827,100.51415110904101,10000.0,1005141.5110904101
2018-10-08,100.62620166253174,100.75494961396606,100.61900280931182,100.68102726963247,10000.0,1006810.2726963246
2018-10-09,100.78421295689425,101.01850326312807,99.25043185685688,100.89853260726782,10000.0,1008985.3260726782
2018-10-10,100.8897469358207,102.95719476533421,100.07993504177026,101.73371922190515,10000.0,1017337.1922190514
2018-10-11,101.61813085238414,103.57961621917609,100.93199406912301,102.65655594699419,10000.0,1026565.5594699419
2018-10-12,102.69552367752368,103.6201824951413,99.26369181434164,102.09463268962895,10000.0,1020946.3268962895
2018-10-15,101.855196020028,103.09510798597006,94.23624264815417,102.26374218213472,563403.0409660637,57615703.325984225
2018-10-16,102.65729350490638,103.83448847791612,100.63391045989444,100.64969202011935,793471.4719304767,79862659.27655326
2018-10-17,100.73230993993056,102.04218757340062,98.9372209085348,100.36170771110248,40029.06311892143,4017385.132690465
2018-10-18,100.32971456963718,100.75809716600655,98.92063189446773,99.27156933158697,10000.0,992715.6933158698
2018-10-19,99.31959510475079,100.2448783150354,94.88444592513068,97.25963666329423,10000.0,972596.3666329423
2018-10-22,96.98947085843292,98.9450603659333,91.75638272160457,96.54493157962123,402507.1712948701,38860027.31297012
2018-10-23,96.53921208168232,99.11907998992557,94.75647779657105,95.55942004275364,479320.66715618945,45803604.967951216
2018-10-24,95.43496599769341,101.00809804589483,94.62426911292683,97.55674730178454,875076.5047814439,85369617.44669217
2018-10-25,97.22468715281141,109.07392199395424,88.92933841757163,101.05806014215621,960885.7660604601,97105251.53627981
2018-10-26,100.88416733538865,108.98549025867986,95.91513927199622,101.04824348514249,1698678.9611065786,171648525.26498646
2018-10-29,101.1750220262359,107.85569640025768,96.70053946777281,102.54118301949258,3258646.543912612,334145471.6551801
2018-10-30,102.0061405237369,105.59403442280943,98.39272181859099,99.9825567509782,2149805.395981834,214943040.00731286
2018-10-31,99.93145309914946,101.13848172246678,94.96868200088967,97.1930344726288,2025236.3958829883,196838870.8402778
2018-11-01,96.60094324918217,98.64455265721931,95.91556598291264,96.02702529085536,2904968.107433382,278955445.9216336
2018-11-02,96.15836710359886,104.28812461744513,85.96018541282035,94.34480336795316,4632018.8252486335,437006905.26473975
2018-11-05,93.62786982678112,104.81232477524956,87.46385981108263,95.66659691716418,3329679.8353271224,318539138.66944945
2018-11-06,96.2209082417367,112.11831644508902,79.07070798020004,96.44783569217238,6333123.908208996,610816094.1171098
2018-11-07,97.05013095102873,140.42827713318522,83.08066936334775,112.02803757498556,10499401.854591519,1176227385.4810517
2018-11-08,112.76266615227104,140.09530044997373,95.21004225049028,109.5118116451659,9581219.999136567,1049256759.8763404
2018-11-09,110.43497183032974,112.18487401716847,99.61167579722108,101.07482990652055,3800026.599082334,384087042.14250064
2018-11-12,101.17867558617337,102.69094051240562,93.56299489927748,101.58291323722423,4661435.645659753,473522212.753959
2018-11-13,101.66686754840313,124.39749234960516,87.4233522471395,97.3461293603036,6882059.460192083,669941850.4771597
2018-11-14,97.65795665828921,102.28568457524156,97.52538436016496,98.36821197373028,5743049.5325894,564933513.7973868
2018-11-15,98.2230661502328,103.40552554662763,97.35518730810377,102.04133761099332,2320743.721441437,236811793.58819872
2018-11-16,101.19736109942932,105.125362444959,94.66029158968416,99.06896116738507,4553854.605863185,451145645.11017746
2018-11-19,98.61878910775495,98.78612758374992,90.25013191619173,98.76482500099719,2285658.165939328,225742628.7710979
2018-11-20,98.36803140480727,103.46640882286076,94.59022505853686,100.46546395639125,2498547.8509724364,251017769.0651901
2018-11-21,100.60266283759785,103.53406840518818,92.53550094944318,94.10837699311438,5317159.842565543,500389282.9968068
2018-11-22,93.46503200740317,103.5521319460964,87.51569157369443,96.27757351724536,11528512.179625582,1109937178.9183605
2018-11-23,95.81450958733443,108.45179363883959,87.62532306524605,102.80720736846564,16914913.91611445,1738975062.5937235
2018-11-26,103.38093722193769,135.35040210709997,91.95018749325885,110.94338618917503,10261654.198259749,1138462664.6573005
2018-11-27,111.16605352181794,139.5870387677041,111.14065701521142,123.50175002228465,12995676.177806372,1604988750.6820023
2018-11-28,124.78725228250796,146.40875510467902,106.9469100596224,126.07192671084478,5714799.591298858,720475795.2413952
2018-11-29,126.04392842499094,134.82794341435203,123.23651438644961,127.44004170074838,5858033.795152993,746548071.1386907
2018-11-30,126.986012525527,140.73748332429483,111.52931788232308,119.87621502542478,4044735.5576871675,484867589.4342883
2018-12-03,120.27129062055317,124.0181140804997,110.96675581141947,111.21115111821366,1658642.0879872872,184459495.89818364
2018-12-04,111.1350737982629,111.73494623704882,107.87257260822517,109.11084599104164,345593.6756701873,37708018.3215278
2018-12-05,109.09742958458881,116.11150524022733,106.75736639801802,111.79329763372223,395304.28499374,44192369.58819093
2018-12-06,112.00059260941127,117.66389061686328,109.95363715691155,111.68863483500174,527108.8869151607,58872071.98895161
2018-12-07,111.72723403485595,113.3118864814544,106.33909862170091,106.84272615244845,418880.3625780371,44754319.86956353
2018-12-10,107.00492440585994,109.18888991276754,105.01507883141235,105.72727005125758,904416.5177079221,95621489.40652347
2018-12-11,105.62404459422926,107.08382164293046,101.964912286325,106.23572011318983,222726.28697455543,23661487.484878868
2018-12-12,106.20291597444249,107.83450089784618,103.66383989799418,104.00833178150648,10000.0,1040083.3178150648
2018-12-13,104.05361414319657,106.49410871841755,103.80991395162893,104.38417352071883,10000.0,1043841.7352071883
2018-12-14,104.35236352369544,105.41414794773146,102.71721599931811,103.65267939939274,10000.0,1036526.7939939274
2018-12-17,103.62618264571572,105.022939103653,102.13187935994291,104.38792330317104,10000.0,1043879.2330317104
2018-12-18,104.38701384208397,105.02748841886472,102.7581421507541,104.3781126450529,10000.0,1043781.126450529
2018-12-19,104.49103937995632,106.74052193161079,104.45439184975442,106.518395584221,10000.0,1065183.95584221
2018-12-20,106.58990916513146,107.15109834594979,105.08653962791294,105.7925014880822,10000.0,1057925.014880822
2018-12-21,105.8026984194431,106.0865952950555,105.48947683689636,105.82954039153624,10000.0,1058295.4039153624
2018-12-24,105.83337114714206,106.34226506297006,104.97086619634041,105.24712735659851,10000.0,1052471.273565985
2018-12-25,105.22434933862559,106.66360755871837,104.8279925489812,105.59912264172762,10000.0,1055991.226417276
2018-12-26,105.6469715419942,106.43309343711316,105.34408010294759,105.58424030803018,10000.0,1055842.4030803018
2018-12-27,105.6004280782113,106.30422559815203,104.39335902332235,105.84885340521275,10000.0,1058488.5340521275
2018-12-28,105.88383229220139,106.25359873785166,105.73723898358448,105.82039069451221,10000.0,1058203.9069451222
2018-12-31,105.77317108876753,105.8407824368508,105.11599014037162,105.35090969269932,10000.0,1053509.0969269932
2019-01-01,105.38108664882273,105.60706589546892,104.98758696352584,105.08080586302329,10000.0,1050808.058630233
2019-01-02,105.0883807057068,105.42889153069346,104.21679169948844,104.61953430994808,10000.0,1046195.3430994808
2019-01-03,104.64804758650652,104.69431881660395,104.23022408402937,104.24241094473705,10000.0,1042424.1094473704
2019-01-04,104.28057965707137,105.50415844949447,104.03218955901026,104.2884597064072,10000.0,1042884.5970640719
2019-01-07,104.29136921017422,104.74824751620433,104.20529254147486,104.65185192579003,10000.0,1046518.5192579003
2019-01-08,104.64178719962595,105.38347193710915,104.41007236989067,104.9307316087535,10000.0,1049307.3160875351
2019-01-09,104.95742206604129,105.22078861778424,104.78869199765039,105.08181630352607,10000.0,1050818.1630352607
2019-01-10,105.04261813345272,105.44011429531011,104.68327085564452,104.85528943881066,10000.0,1048552.8943881065
2019-01-11,104.9076336895367,105.54358829543008,104.70972244535123,105.0086682027079,10000.0,1050086.682027079
2019-01-14,105.02356879837946,105.97538120788188,104.65135315114821,104.68554782933654,10000.0,1046855.4782933654
2019-01-15,104.65002294351706,105.49951790769346,104.16701745383264,104.74049735000783,10000.0,1047404.9735000783
2019-01-16,104.78823628950026,105.23209523983776,104.47145920105808,105.01217268521003,10000.0,1050121.7268521003
2019-01-17,105.04884209604548,106.31551340643433,104.9121000398643,104.92091162567188,10000.0,1049209.1162567188
2019-01-18,104.98805479609862,105.45482559854638,104.03748888507002,104.70502318067606,10000.0,1047050.2318067607
2019-01-21,104.77362651020438,104.79350645663663,104.3271992107902,104.42035486573789,10000.0,1044203.5486573789
2019-01-22,104.46202321313366,104.88510399062754,104.27648125813899,104.84077442210776,10000.0,1048407.7442210775
2019-01-23,104.84740910864008,105.59757786294198,103.5275593729387,104.51023962150954,10000.0,1045102.3962150954
2019-01-24,104.4182680394406,106.53120641633996,102.90879539354474,103.13954620059968,10000.0,1031395.4620059968
2019-01-25,103.27665633264508,103.82048029922754,101.61128015358973,102.51927827676191,100294.02070303247,10282070.617949506
2019-01-28,102.66115299162615,102.81023252377307,96.51754380521943,100.45858201178967,798641.7033569263,80230413.05471718
2019-01-29,100.41139567777678,103.77694705918353,96.64231475255215,102.8960448212491,80032.0547784849,8234981.895623647
2019-01-30,103.04555475002064,105.08986469850971,101.42047515334885,102.95482587305835,976038.1482635717,100487837.59993833
2019-01-31,102.73654952676753,103.70947299019103,98.27829288098594,98.93819349339034,1862694.5565196227,184291634.45202336
2019-02-01,99.11087025015348,103.00986321879549,96.63248922500968,99.49381634615243,19927.216107688746,1982634.7797084744
2019-02-04,99.53069247661065,104.36031539660509,98.04525281435939,100.62204421605352,10000.0,1006220.4421605353
2019-02-05,100.67190898385795,101.32047408202389,100.52738445844783,101.24749801589208,10000.0,1012474.9801589207
2019-02-06,101.18904178026605,102.5828973847132,99.91825365079832,100.989190177815,10000.0,1009891.90177815
2019-02-07,101.07876403516504,103.6854270039749,98.63707470834805,101.20595255694182,10000.0,1012059.5255694182
2019-02-08,101.22753193469097,101.94893262928825,99.6726278814633,101.50420146819827,10000.0,1015042.0146819827
2019-02-11,101.45687027300514,104.20345587747532,101.42334900856304,102.60900637736894,10000.0,1026090.0637736894
2019-02-12,102.67319509569113,103.76381074361475,101.49785461365848,103.10414359777734,10000.0,1031041.4359777734
2019-02-13,103.0775574960012,114.37726671804657,102.88681578804733,109.58190159053993,1266149.8042671005,138747103.2500788
2019-02-14,109.90670693518736,111.07587760399727,102.01373391082146,108.75983958191202,1746366.932873468,189934587.4704741
2019-02-15,108.20648232082709,121.59740010511857,104.81884267865443,114.69259658120332,2445691.7102575055,280502732.6865573
2019-02-18,114.24362875802896,115.4790590056121,112.95985538646225,114.36033811803674,3470085.056885054,396840100.4037215
2019-02-19,115.35562772291384,133.6169451910856,99.66532925815888,106.33809637684142,2512484.248449862,267172792.15695742
2019-02-20,106.21059659567908,107.88576003421421,98.00810045729078,102.5059228233212,1725240.3430316004,176847353.45447743
2019-02-21,102.62587294323293,102.92828730968249,98.88316935458722,98.99555140504037,569687.8100517318,56396558.88480109
2019-02-22,98.9447253241869,99.62620495416297,95.57801528877987,96.31082787672533,415674.48027922836,40033953.32292002
2019-02-25,96.37759658101389,100.62135899975208,92.93765512675252,99.13821799977029,910822.7925107891,90297348.56309415
2019-02-26,100.05576300016332,101.05599914227066,95.27441886294109,97.10043615518849,2290570.8036214714,222415424.07598546
2019-02-27,96.3796665045484,102.02321807236613,86.97441068411082,99.64380269847564,3304630.228600367,329285922.49007344
2019-02-28,99.92566648902724,105.71284229040825,89.85401273540133,95.9508217687851,3835188.5065517593,367989488.841841
2019-03-01,96.00159549324918,97.71123365557605,94.65226186706295,96.1525252913249,3127980.9765434773,300763269.9578799
2019-03-04,96.2146478226292,96.3222675484148,88.96131036374034,91.48376292749458,5793557.54912353,530016445.3308136
2019-03-05,91.0650968959025,102.06102359651432,69.77191181301092,97.21025221032312,7418054.625629658,721110961.0674131
2019-03-06,96.76748110790795,99.22985861320849,81.68268527548585,96.09063729216935,5028125.162230495,483155751.2235207
2019-03-07,96.77324431884766,104.99029110646717,89.83944519960404,94.2140297736414,4303014.311287536,405404318.440049
2019-03-08,94.41342807016107,96.95391922325226,89.01842749046062,93.94621327385101,2428664.3292856705,228163817.04966593
2019-03-11,93.44581140326406,106.77864360974964,91.325566370844,104.54802486108949,4835870.190782676,505580676.9309488
2019-03-12,104.59596039598435,110.5329719542592,103.13399606476293,106.74440028418,4201576.66405545,448494781.2526046
2019-03-13,106.17373053177504,116.95254682552284,105.57718734217033,110.4478638363472,2823960.501401101,311900404.93797153
2019-03-14,111.85105603840091,125.90988260287963,98.13804448907608,104.47060945805053,4670276.375405052,487906619.27610093
2019-03-15,104.67867503073792,112.17447587341555,99.33743244391135,101.55180628260997,4208314.048396492,427361893.01914674
2019-03-18,100.9576512830977,104.28330494921143,93.29115261003605,102.6027455782419,3393231.9908271446,348154918.64278877
2019-03-19,102.83314062529003,113.60085703521268,96.99254566342186,98.482527680698,1230146.670638127,121147953.54243782
2019-03-20,98.58469971757555,101.03401085359778,97.27104812483246,100.55017443602648,10000.0,1005501.7443602649
2019-03-21,100.58492327025185,100.98798691706892,99.05904631368031,100.85571546221988,10000.0,1008557.1546221988
2019-03-22,100.88024787742478,101.55882248165946,100.44342716553095,100.89631209823816,10000.0,1008963.1209823815
2019-03-25,100.82532928150616,103.12180691942955,100.3998186607868,100.65138741728543,37793.611461581604,3803979.4291180093
2019-03-26,100.64191696549325,101.88269698753133,99.69397822447506,100.51205504003545,10000.0,1005120.5504003544
2019-03-27,100.35647668312734,100.83605926759893,99.67971493229113,100.17599674415666,10000.0,1001759.9674415666
2019-03-28,100.28435448184872,102.65400901356793,98.86505793860321,101.3401097197468,10000.0,1013401.097197468
2019-03-29,101.45197460090141,102.36584559744695,100.48725841336868,101.74242919662086,10000.0,1017424.2919662086
2019-04-01,101.7710949179345,103.91042512416443,101.30298323015104,102.37701548945938,10000.0,1023770.1548945939
2019-04-02,102.40048432583673,102.77880650052349,102.04097200260642,102.27438934714085,10000.0,1022743.8934714085
2019-04-03,102.22511069773306,102.84705835502525,101.93497182950496,101.94349941030978,10000.0,1019434.9941030978
2019-04-04,101.9316376271133,102.79831116793879,101.5309732352552,102.41345540215407,10000.0,1024134.5540215407
2019-04-05,102.36794796660556,102.56488662422807,101.84612591171859,102.0025305061413,10000.0,1020025.305061413
2019-04-08,101.96083939648916,101.99466134660403,101.80537147330269,101.81030848927564,10000.0,1018103.0848927564
2019-04-09,101.83092152221272,102.3186602479019,101.22969438173038,102.06669329822562,10000.0,1020666.9329822562
2019-04-10,102.11701869685832,103.3103423092233,100.3983394145576,102.44000840998604,10000.0,1024400.0840998604
2019-04-11,102.44017466446579,102.94934205971,101.6333782088805,101.99424887876327,10000.0,1019942.4887876327
2019-04-12,102.08038071643843,102.09277381149887,101.72189897408293,101.91365558182031,10000.0,1019136.555818203
2019-04-15,101.94383542347114,101.97393734396907,101.65187529231925,101.93650289883118,10000.0,1019365.0289883118
2019-04-16,101.86267320260991,101.9249454886732,101.56050293742341,101.90438804728363,10000.0,1019043.8804728363
2019-04-17,101.89303701377608,102.09412429809328,101.62845075241026,101.63035834879616,10000.0,1016303.5834879617
2019-04-18,101.67651042024437,102.45914816110177,101.22310908134726,101.87858241791086,10000.0,1018785.8241791086
2019-04-19,101.88801148653174,102.07474564858765,101.53354627902164,101.6726000685737,10000.0,1016726.000685737
2019-04-22,101.72961808043198,101.7627183420578,100.60636735408414,101.56874744743993,10000.0,1015687.4744743994
2019-04-23,101.40682331103636,101.71909408423817,98.55736287530672,99.38106189984477,10000.0,993810.6189984477
2019-04-24,99.52361620187835,100.28674033111314,96.50189051000221,99.35786656106454,10000.0,993578.6656106454
2019-04-25,99.25329572627659,101.0035125448333,96.6063127151005,97.66805680047423,10000.0,976680.5680047424
2019-04-26,97.69659598073322,98.36385224369884,97.24272030134694,98.31134344390168,10000.0,983113.4344390167
2019-04-29,98.5548728405504,99.86754166105811,97.03138553501927,98.97961047160541,10000.0,989796.1047160542
2019-04-30,98.99671634742063,100.5057866487652,97.36875638330599,98.4412100304266,10000.0,984412.1003042661
2019-05-01,98.4099796834877,100.13102860531377,96.30779878191815,98.84151168075093,364541.07523649296,36031790.94610132
2019-05-02,99.0261819759467,99.75501819547999,98.71247269407745,99.17334867057026,1353610.7395507053,134242109.83769056
2019-05-03,98.89220505360699,100.53381692773169,93.3981497633918,98.71108181060661,2388266.9726973427,235748416.5274972
2019-05-06,98.25060707524013,100.86202326332979,84.64834340864371,100.6539444174936,5640775.077230698,567766261.0951619
2019-05-07,101.1538771600864,104.78793102557684,97.77444621337368,100.07229814521679,4107924.7933981344,411089474.6830662
2019-05-08,99.32304949295153,108.14857646928321,84.64255360450053,97.66097429841132,6131194.830572411,598778460.7670846
2019-05-09,96.8609090661627,106.04629604406539,88.39723257146336,92.58677765488372,6325306.825847761,585639776.683685
2019-05-10,93.4267617537157,104.38029376825982,92.96477123563164,100.88730235606744,3664400.6610274296,369691497.44284767
2019-05-13,100.01004163736594,105.68825718360678,73.45520986780691,102.27931403937075,9962474.84379283,1018955093.1576178
2019-05-14,102.77054304195843,111.40106264973772,97.11243262368342,101.99226620530335,11024979.854382014,1124462680.2162368
2019-05-15,103.39257024990017,141.95096249578287,97.75731533459967,110.90200637184225,11805503.498646695,1309254024.2297218
2019-05-16,110.89495723785544,116.73815109366514,90.16078134811619,106.07524021485455,9323378.726444522,988979638.0216674
2019-05-17,104.91243354067706,131.12859665432234,87.98343352691927,101.58974621595232,9217342.32554789,936387467.6379659
2019-05-20,102.2791298256924,114.75597058384942,94.65847179748582,106.87654617110579,8366779.22423625,894212466.0625342
2019-05-21,106.15468288372595,121.23189400471934,98.9476866888684,115.27128941106135,5868969.246390467,676523652.545294
2019-05-22,116.86726366899332,125.81462668645202,112.59520108963372,119.71722176170505,5171463.608944518,619113255.7045983
2019-05-23,121.45659856836805,129.09370068108572,108.10374893418422,108.33180801611475,6930464.710284844,750789772.457036
2019-05-24,107.74394496654102,108.70294440007062,95.18963285656176,108.42727822751212,7144055.000347716,774610439.195351
2019-05-27,108.82841779459268,112.80376566584852,106.13435695025598,108.03222630685309,4406328.452866756,476025472.60242724
2019-05-28,107.48316491966364,126.84211360602652,98.94013206246058,111.60192228375207,9022085.680470645,1006882104.9492375
2019-05-29,111.85516129061091,123.5521983611781,105.65700251969692,106.17695356330867,4784160.765440266,507967615.4315544
2019-05-30,106.03182981459692,106.41714915660441,84.99185401274615,99.01033970533655,7486035.41950624,741194909.9314944
2019-05-31,98.65397771717885,107.70444166149417,98.34357996423616,98.67789893392828,2365823.331459458,233454475.5972859
2019-06-03,98.80161598505042,100.08838371629096,94.15478813530592,96.87766902762647,804367.4948379068,77925247.94148777
2019-06-04,96.52608326242971,98.80399591499517,94.36525684407353,94.77850996434316,1341648.336417489,127159430.2217894
2019-06-05,94.8567166595229,94.92555258722915,90.70955684952301,94.8698705297893,1365088.1355923773,129505734.68540029
2019-06-06,94.84089037934714,98.32053857149441,94.5900279624256,97.45709013263372,1335170.291908543,130121811.48094577
2019-06-07,97.32796238421471,99.5068667400174,97.31341534603726,97.84059548805514,407226.4066176393,39843274.12193071
2019-06-10,98.00850213167202,102.69974295571878,96.28239890786287,99.95997183406777,474971.0941488393,47478097.193114325
2019-06-11,99.97533089116,100.28603401357746,95.45682282803251,98.13840639522014,665232.3538565839,65284843.09002633
2019-06-12,98.05694738868145,101.00282943813316,92.68816974213068,100.105905124729,1710071.4547956951,171188250.81028515
2019-06-13,100.07279063959747,102.63758085129241,98.82023165793572,100.12016315158012,1558936.4540889345,156080972.1263299
2019-06-14,100.06614478459892,101.4614000606141,96.98743644653958,97.7074461827928,2238872.672138305,218754531.1230789
2019-06-17,97.910754608078,98.51188873718661,93.58148190199286,96.96519129552048,1015461.8835691074,98464455.79358804
2019-06-18,96.91552594712526,97.38733338210201,95.29663348506878,95.48078589028412,523089.6806126489,49945013.79599343
2019-06-19,95.00607573692312,96.76391606504724,94.30822218451665,95.32054347202441,249788.32055665835,23809958.46842492
2019-06-20,94.73156290115226,95.38374525061147,93.06225293631117,94.10799517029344,749097.4469698594,70496058.92151867
2019-06-21,93.9645227207926,98.34990968114327,89.07850056794622,96.099274008889,18999.83221990359,1825870.0826234329
2019-06-24,95.96215022109885,98.56801364602678,95.76937787682404,95.86858413157555,10000.0,958685.8413157555
2019-06-25,95.8381286758292,96.3002333348932,93.95653058356537,94.30325137160779,10000.0,943032.5137160779
2019-06-26,94.06245215495095,96.06405528045647,93.829908484404,94.16216808278647,724998.8521512486,68267463.77609313
2019-06-27,94.02208194712257,95.66890720953343,93.75734606381907,95.05868305581224,574570.6664546716,54617930.875681445
2019-06-28,95.29394988038308,97.0930745967143,93.26106125355425,94.68877860215603,457720.3254737663,43340978.56049226
2019-07-01,94.50581395796883,97.8123449268245,93.21388536059433,96.07039706400673,10000.0,960703.9706400672
2019-07-02,96.21357635278514,96.57670510466409,93.6000973378484,94.75084892251425,315595.61658530484,29902952.587681953
2019-07-03,94.73622132888961,98.19881617956469,93.47257064521435,93.61479257123723,183515.8134285758,17179794.807657998
2019-07-04,93.88026715857464,100.25090330959313,92.32950812576412,97.06747066625154,767017.1444111562,74452414.16564192
2019-07-05,97.23424803827784,99.99432555111957,93.6072664115922,97.16456671794634,531256.3660293466,51619294.62139217
2019-07-08,97.17526699591613,98.54902020189581,95.91369061363672,97.85510066735006,10000.0,978551.0066735005
2019-07-09,97.94299211290858,99.04969760840821,95.69208259480283,98.30792603728035,10000.0,983079.2603728035
2019-07-10,98.32116036385759,98.88479003398216,97.98972064686582,98.6463445773613,10000.0,986463.445773613
2019-07-11,98.6110447562785,99.49758410539022,98.32118640315998,98.7041265780753,10000.0,987041.265780753
2019-07-12,98.72324975507959,98.83458721673306,98.41317236017561,98.67897933404338,10000.0,986789.7933404337
2019-07-15,98.69907251230077,99.32726880768934,98.60206443349448,99.10743722375511,10000.0,991074.3722375511
2019-07-16,99.10538161111504,99.64673671927245,98.01215194177767,98.97481730501026,10000.0,989748.1730501027
2019-07-17,98.98539813986778,99.2439284498309,98.93287931725811,99.04261638076197,10000.0,990426.1638076197
2019-07-18,99.02966745968428,99.80817373426687,98.2389453667113,99.30220097596279,10000.0,993022.0097596279
2019-07-19,99.31493440204785,99.44626058421397,99.13010501673885,99.19189058059551,10000.0,991918.9058059552
2019-07-22,99.18456587453609,99.84438868038369,98.58289300175643,98.6918143511853,10000.0,986918.143511853
2019-07-23,98.6341155717512,99.46322413460587,98.26172834080256,98.90507108499247,10000.0,989050.7108499247
2019-07-24,98.8974106864316,99.95775459806389,98.43805428788156,99.33718328623972,10000.0,993371.8328623972
2019-07-25,99.39179590423876,99.74722342832987,99.25817719088938,99.43374660274733,10000.0,994337.4660274733
2019-07-26,99.46546979956848,99.7009347794571,98.64220410205844,98.86224179816139,10000.0,988622.4179816139
2019-07-29,98.93572495375713,100.07227697722824,98.9151967640449,99.18581685776375,10000.0,991858.1685776375
2019-07-30,99.18810916365801,99.875552255931,99.04480534318246,99.84030879534826,10000.0,998403.0879534826
2019-07-31,99.8256354828008,100.50721418382939,98.96543906115372,99.18006236542283,10000.0,991800.6236542283
2019-08-01,99.11873166583518,99.31195096445832,97.01254855881822,97.57418763051994,10000.0,975741.8763051995
2019-08-02,97.58829804069781,97.70051163378047,97.16597895886538,97.49094761300627,10000.0,974909.4761300627
2019-08-05,97.57621645657893,98.33163851836284,97.3565850692696,97.62131423589264,10000.0,976213.1423589264
2019-08-06,97.6969329169434,100.33509945094738,95.83696500691327,98.3434468935082,10000.0,983434.468935082
2019-08-07,98.40907841704426,100.14468522518699,98.09075365836205,99.03641219058545,10000.0,990364.1219058546
2019-08-08,98.99800730235414,99.4058167491739,96.09543122678114,99.13274509037785,10000.0,991327.4509037785
2019-08-09,99.15775967535086,103.4391433046158,97.33600240177756,99.90098317333099,10000.0,999009.8317333099
2019-08-12,99.82219336810694,101.81346010316483,97.76430864907218,100.25431589881084,10000.0,1002543.1589881084
2019-08-13,100.37553793181735,101.81123811628744,98.03381653801156,100.39329935145578,10000.0,1003932.9935145578
2019-08-14,100.49977802974398,105.75303107216276,99.1913227439455,100.27467203400704,164804.00900620353,16525667.952986602
2019-08-15,100.19008486573993,100.78640504041071,98.35179106602247,100.02842307060997,10000.0,1000284.2307060998
2019-08-16,100.05689468292269,102.05410358655107,99.17218884355309,101.0337246736569,10534.145058295217,1064303.9114921624
2019-08-19,100.7756588619703,102.0044951100867,99.09791763613875,101.44991842929471,10000.0,1014499.1842929472
2019-08-20,101.53304496307399,102.40415926094023,98.04444919739338,100.93740979984321,10000.0,1009374.0979984321
2019-08-21,100.84418139608927,104.25392068755582,98.81924253456381,102.22043407595464,10000.0,1022204.3407595464
2019-08-22,102.17357793762838,102.55421670458324,97.39097161329335,101.05280285276605,38920.77418211732,3933053.3203025283
2019-08-23,101.14221253349547,104.80067119454672,100.56020717186517,100.7058282150717,10000.0,1007058.2821507171
2019-08-26,100.94276566757709,101.96504846814706,100.44356182815685,101.09675181581113,1941376.5895102257,196266867.25074112
2019-08-27,100.9184274686839,104.0187760187342,92.9972235805849,95.78986714715863,1362759.4607229559,130538547.69618548
2019-08-28,96.28312107089711,99.10951180137909,92.74505025310295,94.8300471983257,2632097.4742338774,249601927.71219245
2019-08-29,95.43326393708483,100.87950076585507,91.1910007664793,97.44814321442603,1971467.4252065024,192115839.994099
2019-08-30,97.87056280078937,102.43701686381402,97.78980034019789,99.77254218522647,1765000.790240478,176098615.80122614
2019-09-02,100.33872482519308,105.1346713175149,92.72116652658275,95.0744723012898,4465402.100095446,424545748.2796458
2019-09-03,95.11545787323571,106.74040420434989,89.37533128418731,92.42009507287837,3854456.4090611083,356229227.779693
2019-09-04,93.12253072370908,93.3089545540352,84.4197940109403,87.70420234466441,4841819.218061534,424647892.41715354
2019-09-05,87.21278901340698,100.66080899522426,57.861816813265186,86.70682473240696,8788908.056689383,762058310.4606059
2019-09-06,86.24645138419473,90.33533841096802,82.59916296581652,86.83169307792744,3572069.1265845997,310168810.0527343
2019-09-09,86.95436755920134,106.95580214661906,67.47685008172364,78.98100655375019,5060424.353174082,399677409.0027993
2019-09-10,79.10998842781167,82.20036486870114,75.2344934658262,80.872495116522,6174288.4317491455,499330111.04463106
2019-09-11,80.22579713913058,87.94228334259566,75.41188089940216,81.9774368510705,10682109.072275674,875691921.9087262
2019-09-12,83.21822565448694,94.5224520319316,81.14887352448903,81.99307517091967,11686425.272401102,958205945.8393189
2019-09-13,81.30257712691889,84.26056287492415,66.16221424906348,79.30714039471364,6533401.058647519,518145355.01312953
2019-09-16,78.75014013180906,84.5639687099522,78.25212600208019,79.36294808878738,1936105.409297168,153655033.09247157
2019-09-17,79.2950928178238,88.49434413410236,75.9280175930447,76.56814117140419,1067066.9920078039,81703336.08339916
2019-09-18,76.84313227070821,78.86910245344224,70.30532250580931,77.54326243130559,792907.8702336386,61484663.065374635
2019-09-19,77.64605397071696,78.51255736270113,76.7792746628165,78.37615797961968,243079.64392645308,19051648.574009385
2019-09-20,78.41477114792295,79.34364009815734,76.96862424289412,78.80935716381926,10000.0,788093.5716381925
2019-09-23,78.82528576410498,79.74707392999383,77.18748026114795,78.35839079013148,10000.0,783583.9079013148
2019-09-24,78.40841337730288,82.29989716365296,78.08848469699795,79.89293957005772,10000.0,798929.3957005772
2019-09-25,79.93824743863009,82.82967584862746,78.7474944525548,81.71137331014805,94282.41750828685,7703945.813602865
2019-09-26,81.72336071126801,83.03234235310988,80.51556115052561,80.65727577416072,10000.0,806572.7577416073
2019-09-27,80.65213249443453,82.27843114695057,80.54223618961227,81.35687093280103,10000.0,813568.7093280103
2019-09-30,81.27097820268413,82.09614349759428,80.9894932775893,81.82955554414269,10000.0,818295.5554414269
2019-10-01,81.8685670616972,82.3960215947236,81.16091231097475,81.24096177454815,10000.0,812409.6177454815
2019-10-02,81.23002526072655,81.88235886770843,80.89434385806632,81.76384984199657,10000.0,817638.4984199657
2019-10-03,81.77527646604061,82.32767503678417,81.68810366580027,82.29129219507377,10000.0,822912.9219507377
2019-10-04,82.30711518421586,83.11666989013342,81.98496157791504,82.83136359578927,10000.0,828313.6359578928
2019-10-07,82.86191285476608,83.26017616132815,82.76938736995267,83.18503117480759,10000.0,831850.3117480759
2019-10-08,83.16448108412666,83.51449152614306,82.97040218716745,83.30227276507954,10000.0,833022.7276507954
2019-10-09,83.32648510589716,84.67193900424091,82.89218424327613,83.44555635218723,10000.0,834455.5635218723
2019-10-10,83.4709917399609,83.92409137412142,83.17812804677116,83.86031970172611,10000.0,838603.1970172612
2019-10-11,83.85847272751654,84.78005801034887,83.74860680417895,84.43204334249764,10000.0,844320.4334249763
2019-10-14,84.43178507010279,85.90576466833788,82.94239433340711,84.530201995782,10000.0,845302.01995782
2019-10-15,84.53552356442181,84.67992424718581,84.40655450360737,84.67787287925789,10000.0,846778.7287925789
2019-10-16,84.6503290106876,85.62711905099337,84.47872959455262,85.08278185559229,10000.0,850827.8185559228
2019-10-17,85.07107303569846,85.16255442524604,84.36624738996554,84.69187971748043,10000.0,846918.7971748044
2019-10-18,84.66113873072005,85.16910549801644,84.55362262715313,85.01991763405356,10000.0,850199.1763405355
2019-10-21,85.05440734934893,85.29815667026787,84.58592662728209,85.14808141579017,10000.0,851480.8141579017
2019-10-22,85.12712451400076,85.47862715414915,84.06389767559685,84.73211720069577,10000.0,847321.1720069577
2019-10-23,84.70309462482477,85.28083082350182,84.60582399099664,85.13598187096878,10000.0,851359.8187096878
2019-10-24,85.14165419726035,85.19563651564448,84.9165429857856,85.04766816606065,10000.0,850476.6816606064
2019-10-25,85.06378351088115,85.56098058217803,84.82731567338776,85.44066995293312,10000.0,854406.6995293312
2019-10-28,85.42858303315947,86.24429387281636,84.1866217894911,86.0854203769409,10000.0,860854.203769409
2019-10-29,86.05145816905579,86.24238302702369,85.24557389943469,85.77462474663473,10000.0,857746.2474663473
2019-10-30,85.7953634122159,85.80911305635713,85.17274330707025,85.385451907643,10000.0,853854.51907643
2019-10-31,85.44357638421255,86.15754323878592,82.14091212265971,85.53308160055049,10000.0,855330.8160055049
2019-11-01,85.43326656147235,86.42665539678129,83.91454703984202,84.62866070778145,10000.0,846286.6070778145
2019-11-04,84.69407126246274,86.98761521017435,83.54094507038151,85.30043862435797,10000.0,853004.3862435797
2019-11-05,85.15252132750906,86.44069642660739,85.14744180277884,85.60551508777985,10000.0,856055.1508777984
2019-11-06,85.67440619527898,87.31411835109203,83.48140268033639,86.70620140921554,10000.0,867062.0140921554
2019-11-07,86.65147638624644,87.48915470533618,84.11010943558628,84.47116335342729,81201.12351047518,6859153.368535174
2019-11-08,84.42951909567107,85.90827990801871,82.33061375179116,85.01753674037428,912495.9233304821,77578155.68719101
2019-11-11,85.20274196482569,88.51686504085237,82.74448004535695,86.31083308552283,1995883.6648881747,172266381.85828483
2019-11-12,86.72777604360105,86.9556098655223,81.07038363795002,81.61847125451833,1925678.624936404,157170945.49481225
2019-11-13,82.16180403654785,84.40140131929134,73.21230732947349,84.16007918653766,1946794.2284495898,163842356.42621195
2019-11-14,84.45294493034477,85.09596517620474,74.78506201478558,81.58078293030574,1149544.0899977232,93780706.87492011
2019-11-15,81.71016336753046,84.01863161048277,80.12421979071975,82.16449693864887,1042890.3506669863,85688561.02472404
2019-11-18,81.9390844158295,83.11573959095635,79.49613932273994,80.22448161760126,901336.6424377015,72309264.90251382
2019-11-19,80.1429312171141,88.70334780473235,79.17505957133247,82.210715346298,2119628.5310207414,174256177.80363795
2019-11-20,82.24530741476985,87.02007392624803,82.24170595227113,86.10883388163548,1542014.3542503065,132781057.87323704
2019-11-21,86.0082516548937,87.08350149178743,84.61482381049606,86.31834900304082,795700.7362691299,68683573.85525529
2019-11-22,86.45572393555632,86.95860480912606,85.91785407467763,86.49671711533124,1583035.5481585378,136927377.99258235
2019-11-25,86.45437380654079,93.2412298305185,83.73302888525708,89.11558242353227,1126558.2572308322,100393895.2271651
2019-11-26,89.4421975609657,92.04333228104333,87.34617370111522,88.34698530347076,533932.4642938012,47171323.57601038
2019-11-27,88.31837775180055,89.69244696447431,85.40345893263093,88.47726714310281,804344.585734081,71166210.78710264
2019-11-28,88.20052653784302,94.40288067541924,85.4641131362319,90.32656292303997,1549940.074192301,140000759.6384721
2019-11-29,90.26211632105681,92.19377255429438,89.86284427873557,90.84039843942527,10000.0,908403.9843942528
2019-12-02,90.76295396504908,92.68553751342931,90.28850304164037,92.51535684255177,10000.0,925153.5684255176
2019-12-03,92.61350046583192,94.00861164189304,91.41173768153327,93.98804473254614,10000.0,939880.4473254614
2019-12-04,94.18375321317849,97.72152077373877,91.30846644552253,96.45049475516655,10000.0,964504.9475516655
2019-12-05,96.58158055027842,98.2001789539536,95.73534378153714,96.20458055693987,10000.0,962045.8055693987
2019-12-06,96.33201867854362,98.42974019103113,95.41256459354148,97.32988341423342,10000.0,973298.8341423342
2019-12-09,97.20274082365496,107.48798140166156,95.00350989736467,95.61597728467252,796910.491175399,76197375.42214417
2019-12-10,95.42135088852623,97.85865229571709,86.63190628640771,97.09959120603926,545372.1681408888,52955414.581631616
2019-12-11,96.91824797464687,102.09844541508772,93.29710466758574,101.06182739350902,910041.3282541381,91970439.63697939
2019-12-12,101.081745557094,111.31992681914645,97.33512983179516,108.2195355641081,2200890.6957706423,238179368.92366564
2019-12-13,108.1246309919488,109.42712899687412,100.27508660121165,104.12284179021147,1722033.45924381,179303017.4342938
2019-12-16,104.22966225978396,104.45407068429502,97.77043132376552,103.30581264694911,1690549.536155965,174643593.65251485
2019-12-17,103.62266008141364,108.43333623196263,96.6251070614956,105.16196481980322,1544162.3801568698,162387149.89812034
2019-12-18,105.19353265073234,105.93997209462195,100.74644371842571,102.60528126720124,1495962.7729780078,153493681.0866708
2019-12-19,102.95104733151605,104.01963591656938,98.42120423789113,103.40351548971928,814834.2649502775,84256727.53734004
2019-12-20,103.21483322663275,109.27547800858467,100.10388561515785,104.53132036223552,1596653.69515568,166900318.9158655
2019-12-23,104.69190803879667,111.05139472645253,102.1541239303764,103.13413433395885,909561.7218270056,93806860.80393331
2019-12-24,103.1309162080762,104.73013926432652,99.76264561885532,101.82109857119868,787688.4479944303,80203303.10663539
2019-12-25,101.98417170008828,102.99088483670882,98.43878400749952,100.20827450286582,82045.17827116388,8221605.745833352
2019-12-26,100.21112537990994,103.23943404094027,97.11181234213333,100.86510374494442,1208276.3329873122,121872917.67932625
2019-12-27,100.72280875952744,106.74666181355751,99.27638814502166,104.49069436729917,1619803.5620763272,169254398.93998
2019-12-30,104.46804666660437,106.09485070271954,99.11562659473928,105.09544987647371,1476616.3841899885,155185663.19141877
2019-12-31,104.90544547004971,112.51302898954538,102.3637423650269,111.16019642118748,1087608.404857089,120898763.9132484
2020-01-01,110.99342122182529,112.84656069702066,107.39320413565241,108.35817022260676,10000.0,1083581.7022260677
2020-01-02,108.49611191087814,111.63833876033968,97.50824366469584,107.01993344831611,72360.57193734164,7744023.593016393
2020-01-03,106.9251635653419,109.24552715348769,104.48871464108949,107.77841570663821,125109.4507879733,13484098.395855382
2020-01-06,107.92157954811269,108.80774177975388,105.42913458800561,106.09605966529001,10000.0,1060960.5966529
2020-01-07,106.4700731885903,107.42638349745988,104.11680321663495,106.27887346261593,10000.0,1062788.7346261593
2020-01-08,106.22235145760669,107.50629770200169,105.10523717974185,107.32533508501992,135194.2224075313,14509765.221447006
2020-01-09,107.43655795607968,110.64028244980175,103.99751376299672,107.17150161563961,10000.0,1071715.0161563961
2020-01-10,107.1672732481446,108.93728195778098,104.69852382533993,106.5827821108919,10000.0,1065827.8211089189
2020-01-13,106.43116815501014,108.73220510809102,105.12079559889706,106.97579566966664,10000.0,1069757.9566966663
2020-01-14,106.97106233834036,107.55937474448532,105.33898815407846,106.93050915780402,10000.0,1069305.0915780403
2020-01-15,107.03481396777478,108.08228224711713,107.00880685971478,107.05394909505459,10000.0,1070539.490950546
2020-01-16,107.00513422852237,107.32012477923196,106.45380388197542,106.88676308613437,10000.0,1068867.6308613436
2020-01-17,106.8793902775116,106.93722850352565,104.92000507449195,106.170394212135,10000.0,1061703.94212135
2020-01-20,106.16279019515028,106.39706708512657,105.06464360089782,105.29247793794806,10000.0,1052924.7793794808
2020-01-21,105.2069576811639,105.34009672270864,103.28386683854394,104.79117727715406,10000.0,1047911.7727715407
2020-01-22,104.81439610181415,105.0292500059024,104.65321175997991,104.66314027332706,10000.0,1046631.4027332705
2020-01-23,104.65673063913715,105.30111946685729,103.68928461331274,104.3158285294096,10000.0,1043158.285294096
2020-01-24,104.34368813918103,105.2909024695395,104.18394951394482,104.50677867810691,10000.0,1045067.7867810691
2020-01-27,104.51017033336444,104.92043316107146,102.53534957454043,104.38260146134601,10000.0,1043826.0146134602
2020-01-28,104.31644195850691,105.1078932151095,104.02666981410549,104.60438364279597,10000.0,1046043.8364279596
2020-01-29,104.6105258335068,104.61204812350255,103.83968480258164,104.41312386509539,10000.0,1044131.2386509539
2020-01-30,104.43537175709132,104.651924493814,103.59751083070742,103.9402383179602,10000.0,1039402.383179602
2020-01-31,103.93216666004332,104.63734989984482,103.7069762882024,104.01740324320934,10000.0,1040174.0324320934
2020-02-03,104.03724935034984,104.24824817631165,103.89306099259049,103.97793164248701,10000.0,1039779.31642487
2020-02-04,103.99719250202745,104.20721316468536,103.24286611152286,103.49444244523443,10000.0,1034944.4244523443
2020-02-05,103.42120632762924,103.45404003620146,103.06361008336374,103.17782709357364,10000.0,1031778.2709357364
2020-02-06,103.19947243304905,103.99918500420321,102.64354522982819,103.94881565680107,10000.0,1039488.1565680107
2020-02-07,103.87943472795396,104.7273622715125,102.59404274335809,102.62922930487193,10000.0,1026292.2930487193
2020-02-10,102.58550518866501,103.96499161277566,102.12909537331585,102.86669219457687,10000.0,1028666.9219457688
2020-02-11,102.86147169653653,103.33151994319859,102.25260625763372,102.74745605797646,10000.0,1027474.5605797647
2020-02-12,102.6972196353808,103.03602634564979,102.1870600752884,102.58874196448333,10000.0,1025887.4196448333
2020-02-13,102.50790406071175,103.79102951617465,101.96485715331916,102.21881207357673,10000.0,1022188.1207357673
2020-02-14,102.34932479344664,102.56539555042272,100.4127303433962,101.56897676150483,10000.0,1015689.7676150483
2020-02-17,101.46631578705534,105.44992694648964,97.96259241273219,103.73244965514034,10000.0,1037324.4965514034
2020-02-18,103.86641047138639,106.77793583730957,102.59559304957295,103.12296126991718,10000.0,1031229.6126991719
2020-02-19,103.32569165886946,103.73017138046633,101.51583863171756,102.69824865162454,10000.0,1026982.4865162454
2020-02-20,102.89317884262087,104.25039642540739,101.81397987629757,103.75794577176465,10000.0,1037579.4577176465
2020-02-21,103.60598653803473,106.69043959008931,100.31390196283705,104.16766877882182,10000.0,1041676.6877882183
2020-02-24,103.96834266167008,105.6096766309413,103.12123481801869,103.82700550716602,10000.0,1038270.0550716602
2020-02-25,103.8312889514685,104.49722296412203,102.31521389623565,103.36850955011,10000.0,1033685.0955011001
2020-02-26,103.62430808562948,104.720922194451,99.85150660388328,101.69248920983253,10000.0,1016924.8920983253
2020-02-27,101.67136016047087,104.28050034218089,101.24714951348864,102.57202902215133,10000.0,1025720.2902215132
2020-02-28,102.5208476448639,103.85900718732798,100.26932496262594,101.60276471097013,10000.0,1016027.6471097013
2020-03-02,101.58740003818244,102.14434702673285,97.60227743087567,99.22630777025486,10000.0,992263.0777025486
2020-03-03,99.33483993875659,102.73030284587857,98.62919485415735,100.86480326342553,57694.61633091011,5819356.125576066
2020-03-04,101.04831420499241,104.72244913089548,95.75966500713349,102.0547206109736,170564.37252168922,17406899.383887015
2020-03-05,102.04888851172943,104.84975858598352,100.78501282535008,102.57003317572952,195934.3779776393,20096995.64943239
2020-03-06,102.53592476901781,103.9717270893506,100.08030583162184,101.48381488101657,682357.0418037187,69248195.71316667
2020-03-09,101.60455064680079,106.44324851517975,101.04323723870507,104.53488360219194,1777684.5363270591,185830046.08636567
2020-03-10,104.53523945420629,107.94585125780185,95.26385262144653,100.18156355664567,2520571.1625056234,252514760.11560538
2020-03-11,99.97297102325226,106.55311008070514,88.92791956570552,90.67007485919453,4511784.572715775,409083844.95669836
2020-03-12,89.90464338610082,97.832527410364,87.50724156124444,91.78965976914105,4949899.001287992,454349545.2198359
2020-03-13,91.84183122784577,98.38148458025701,81.08360950051241,97.18794479220797,5461127.981652944,530755804.7840685
2020-03-16,96.60650433789915,117.20283872575156,83.16535503128672,103.32126134880875,13754344.435908264,1421116216.144011
2020-03-17,103.1028648151082,131.79408714863263,99.98739874050501,121.53589748307701,7283868.627406483,885251510.780675
2020-03-18,121.22362879867526,129.29560604431708,114.99386411843231,129.00152775360968,9392738.760422252,1211677649.8850164
2020-03-19,128.42339547231265,142.4226850997961,104.96772675709678,126.64738067742553,5135030.553995471,650338169.3620758
2020-03-20,126.93671237219453,132.94673925441438,119.02505855441879,124.74162160487361,4448523.687618432,554916058.5412154
2020-03-23,125.18995970727866,134.98434178901306,124.14824329421263,127.79893767699926,2973177.1509806504,379968881.4208544
2020-03-24,128.00779285244306,131.82044004877483,122.71690125898796,126.63183528614303,1787047.5490781579,226297110.88337088
2020-03-25,126.37718159076874,127.60858896106924,121.20110283687968,125.28515071797128,1570543.1710693089,196765737.89649892
2020-03-26,125.33408961114576,132.74549994823778,114.72530972049,118.49644630299498,1756346.670061467,208120838.87838265
2020-03-27,118.71468185581877,119.06603044203156,112.83908540314643,116.9879098991119,1442348.7541442134,168737366.09291953
2020-03-30,116.93819096505366,117.11557302290112,106.0510395729489,111.96814361680221,2300181.375850598,257547038.63593343
2020-03-31,112.2106462172393,119.08508733453631,112.14896414991253,112.58172786115608,2050968.58330079,230901586.89695036
2020-04-01,112.13318722629819,113.2923985009499,107.78133718773269,112.72830664877974,1497441.4510927473,168804039.08737692
2020-04-02,112.67327834572777,118.54795969432024,108.18774927632214,114.00365114114675,832214.0434589022,94875439.48525181
2020-04-03,114.42884626025342,119.98503367445716,112.75042531741937,119.17690202867284,1637886.956055114,195198293.29582152
2020-04-06,119.59767100901968,121.9501736811408,115.08278842645818,117.93633014780676,2662772.997368917,314037675.32636553
2020-04-07,117.87991419109326,125.92025329807285,116.19479877624399,122.74577091510788,2599158.0541139306,319035659.0824261
2020-04-08,122.78343793110007,129.25757323931992,112.09824984083767,117.72571710836752,2326259.297631198,273860543.9936401
2020-04-09,118.2440232712566,123.72778806495194,115.21393657590059,117.68181646702627,786578.7732136542,92566018.82618792
2020-04-10,117.8484943623913,121.4633409678372,117.70589932654222,118.7336323301394,10000.0,1187336.323301394
2020-04-13,118.62994823136509,121.87622047117215,117.9827960753748,121.06325368010084,10000.0,1210632.5368010085
2020-04-14,121.1216732890823,130.18656799355622,117.7326594193334,118.33821187279744,274790.97986906,32518273.196478438
2020-04-15,118.27064542315706,118.52888142656184,117.30817386475074,117.54966166015738,10000.0,1175496.6166015738
2020-04-16,117.48433506536271,117.76778811444647,115.66241798011112,117.30172948621068,10000.0,1173017.2948621067
2020-04-17,117.11676910488221,119.53768102999142,114.4828388871898,116.77986657458219,10000.0,1167798.6657458218
2020-04-20,116.8387072539663,118.02920664057109,114.08999285124946,115.626348376063,10000.0,1156263.48376063
2020-04-21,115.82744998133657,116.34539745486094,111.7275093646647,113.85200946030038,10000.0,1138520.0946030037
2020-04-22,113.92959288756383,113.96895987005314,111.63092927779479,112.50718260477859,10000.0,1125071.8260477858
2020-04-23,112.40699039398639,112.63735672906826,112.25019246628186,112.26163948572099,10000.0,1122616.3948572099
2020-04-24,112.29785684003245,113.59018071639919,110.89984793084326,111.16317022060767,10000.0,1111631.7022060766
2020-04-27,110.99472506170513,113.09713156219647,110.42475284133154,113.0838148131329,10000.0,1130838.148131329
2020-04-28,113.09925539380106,114.23990461200927,112.71279418245688,113.76165823971964,10000.0,1137616.5823971964
2020-04-29,113.81884354987979,115.5911282535097,112.50472656814405,112.51251737007581,10000.0,1125125.173700758
2020-04-30,112.57464224376919,112.93782079062011,111.87261917366905,112.13381975562436,10000.0,1121338.1975562435
2020-05-01,112.13823039924873,112.66027759889265,111.69272431209981,112.46691933860563,10000.0,1124669.1933860565
2020-05-04,112.47882429521583,113.17517640666509,112.33010855448097,112.83895042694215,10000.0,1128389.5042694216
2020-05-05,112.83938178309353,113.29429018728902,112.81273162708703,113.07911300192954,10000.0,1130791.1300192955
2020-05-06,113.07273018475905,113.24150128356239,111.609557040094,112.3690646217637,10000.0,1123690.646217637
2020-05-07,112.42703378741899,112.78450264275105,111.33838578138777,112.08284630519465,10000.0,1120828.4630519466
2020-05-08,112.04763022891811,113.5754375103912,111.94503788247025,112.41750777172872,10000.0,1124175.0777172872
2020-05-11,112.3584343962177,112.60170744313628,111.62080176095698,112.30909290511784,10000.0,1123090.9290511783
2020-05-12,112.37408281233384,113.36955188836481,111.07702907880477,112.00110273299029,10000.0,1120011.0273299029
2020-05-13,112.08491927188042,112.39160633826863,111.56028186263977,112.061071498964,10000.0,1120610.71498964
2020-05-14,112.00213198938548,112.37574774054872,111.85769454994688,112.29924006504936,10000.0,1122992.4006504936
2020-05-15,112.33442842306177,112.87055187685301,111.75291740184463,112.21993003246675,10000.0,1122199.3003246675
2020-05-18,112.26130981080034,114.09257944733159,111.99977550740954,112.2218835740854,10000.0,1122218.835740854
2020-05-19,112.19320022160754,112.85301591834332,111.14571609625727,112.84002199319194,10000.0,1128400.2199319194
2020-05-20,112.79050152936861,113.19627192135924,112.09841866512234,112.40879415738412,10000.0,1124087.9415738413
2020-05-21,112.4248033443101,114.22206626925566,109.68650075545483,111.38770797959197,10000.0,1113877.0797959196
2020-05-22,111.34765097056095,112.28138984879776,109.7413048556347,112.24212212137847,10000.0,1122421.2212137848
2020-05-25,112.42120182265893,114.06308322726204,108.28568798038421,109.58012969120603,634744.8837518604,69555426.68235835
2020-05-26,109.28113268440043,116.66687225595749,108.31100278412264,112.00956775541697,3746474.881047002,419641032.0326019
2020-05-27,112.57252677725074,137.4466817683104,99.34860591961822,108.55957574022923,2877328.818103119,312361595.7584098
2020-05-28,108.34134996288977,113.10803185837955,99.71533750292436,111.57764492279732,3015716.9886371787,336486599.3458067
2020-05-29,112.33583378316106,113.82418561960755,93.69475031933675,106.17688125206013,3158920.3565964242,335404311.58705395
2020-06-01,106.56350324137611,126.928454619504,93.10141520604503,111.37371376681742,3744978.3049819143,417092141.80199677
2020-06-02,111.85060147999316,120.45155045148832,111.79542088455038,112.54320362732197,3464216.2785810223,389873998.0494275
2020-06-03,112.4139014223587,115.33429746787714,107.80237768538099,111.44633724481612,2459435.277678824,274095053.3879922
2020-06-04,111.32474836611898,114.69279701673844,98.07356147805868,106.90642999718858,3691322.378761654,394626097.4821384
2020-06-05,106.86488747889909,116.05717687588567,93.26100158670718,106.31956622289577,3856843.828163461,410057962.79979193
2020-06-08,106.71815598229907,116.51005178057895,101.11751773341751,103.39815958549762,2074257.6603767157,214474424.5890726
2020-06-09,103.19685121337818,103.34425012769708,98.88440632658234,100.01672748781974,1461695.7633665614,146194026.83473402
2020-06-10,99.83457583057732,107.8706365183416,92.20703499452904,102.8815732056505,989155.6955299458,101765894.10145025
2020-06-11,102.82206404505015,105.19644350289268,101.03290297093669,104.71734342345354,1312076.949607501,137397212.53004605
2020-06-12,104.81101208183459,112.50965529275196,104.1457661787568,108.13639278516104,1083372.9819230824,117152046.3060656
2020-06-15,108.11956260031396,114.1777477205502,103.72130326800591,105.24331695151336,702266.4294291122,73908848.41681565
2020-06-16,105.22697560031065,105.26521875988972,100.09295297083482,100.28149619396862,1495732.1735360732,149994260.26765415
2020-06-17,99.97962831348438,101.67848144325275,92.25925575663217,96.98242228107723,1404651.51029731,136226505.92940664
2020-06-18,96.80750619937426,104.15209775348836,93.35803735939017,99.24851917084925,2559029.1328254147,253979851.9479849
2020-06-19,98.80447300866582,114.41543994897037,95.05521651961969,102.98760309568766,4115119.051173297,423806247.5337383
2020-06-22,103.40456369744241,103.92773165762263,88.99953521767472,96.06643256344401,3940236.77205556,378524490.14667773
2020-06-23,96.05374696751878,108.89230386806656,94.43543090531503,99.80563877267846,2195861.599666971,219159369.61115757
2020-06-24,100.04810615708264,100.68050534068621,97.75159475945796,98.53711542176895,3627759.938538021,357468999.7861904
2020-06-25,97.95232402401713,117.25556480221681,92.0026231532999,93.65250797702701,4141600.899684487,387871311.29536366
2020-06-26,93.63735110773236,100.5860262530342,85.75444597820861,93.7773326640046,5139684.660709236,481985918.21541166
2020-06-29,93.93795189574375,98.88048245623885,86.70840769861216,96.69797942678935,2969404.935975576,287135457.40877295
2020-06-30,96.24405189651826,98.12104086954338,92.57950439188362,96.11693150081993,2879679.505522281,276785957.77660006
2020-07-01,95.82503740557816,99.48905501845661,83.54920789709543,95.6736597027909,3922507.814531583,375280677.8290327
2020-07-02,95.41014197081361,107.92597218641366,78.60759415079285,91.81417178372973,4528143.736271027,415747766.8634078
2020-07-03,91.8718235816562,103.30665560384016,75.86585243137063,86.85360606417379,2820010.100939597,244928046.40399873
2020-07-06,86.9426801145306,92.70110328901589,84.93202886671858,86.25253522575204,3526450.2991287173,304165278.6474635
2020-07-07,85.81413413115189,85.85059755379065,78.40859392970656,81.93708234271527,2407954.917388961,197300800.34364545
2020-07-08,82.01619130117474,84.72465656383068,78.15793581742174,84.09845498460118,2404438.8832960846,202209595.1901005
2020-07-09,84.15002779717709,84.2596860836017,81.07457925698341,82.61433803076231,2336654.9782196325,193041204.23190027
2020-07-10,82.6924473930971,87.66496702451865,76.9529057474681,86.89817143244262,3040491.460138318,264213148.14197737
2020-07-13,86.66466628319255,88.78598303608382,82.33622683662914,83.2404553623449,2056837.2618397558,171212070.28177992
2020-07-14,83.22513424892307,89.64988494057009,80.20417036215991,86.85657160586435,1079091.5214942542,93726190.0059468
2020-07-15,87.07443852214624,87.64444461494689,83.75482916487981,85.84722310414337,600275.0455640474,51531945.7603866
2020-07-16,86.13509669265831,87.59183372132478,82.50640400078667,84.1329490472769,2043158.9243966183,171896985.68174976
2020-07-17,83.95894081996093,86.06414689096492,82.73781767162217,85.52212465434513,2458790.626654341,210280998.47166792
2020-07-20,85.83443526311784,88.26950601386103,84.14794428673869,87.81176379182406,900874.6261604183,79107389.87844646
2020-07-21,87.74860063144307,91.53837240730878,84.86378491189396,88.17382216090493,379283.4589200083,33442872.255385708
2020-07-22,87.97457381877284,88.96426903736383,87.26842355234658,87.7833543423991,1109523.359051297,97397682.1787689
2020-07-23,88.10136384602123,98.02589325429622,88.04430536817041,94.07877309239171,3092209.3752068416,290911264.1642508
2020-07-24,94.1651803252432,98.94043268832377,88.59955008501726,95.65784259629173,2386024.1937950165,228241926.76098755
2020-07-27,96.36348683734454,99.75280389647853,89.57185058284598,92.1544727635182,3048057.441796501,280892126.50167465
2020-07-28,92.11476515218075,97.92684854960407,89.11125506715166,91.9668835337304,368622.39559243614,33901052.923374265
2020-07-29,91.98543826503429,96.56749379531001,91.08218820782648,94.67670502203038,132273.66272853283,12523234.548332836
2020-07-30,94.7848902464202,96.77094738415953,92.50080599479794,95.33376834883434,102211.31162026011,9744189.504636398
2020-07-31,95.35377141923833,96.35882390643238,94.1497085674337,96.11395168160784,10000.0,961139.5168160785
2020-08-03,96.09221675660999,98.52512384769277,95.32709962705546,97.3300458706499,10000.0,973300.458706499
2020-08-04,97.33003748417731,98.71023257358598,95.12613891456628,97.06777836266419,10000.0,970677.7836266418
2020-08-05,97.06628481536123,98.46671474079129,95.9380411863286,97.37921849259253,10000.0,973792.1849259253
2020-08-06,97.37826485290985,97.47167629316402,96.71623881635595,97.15832194806097,10000.0,971583.2194806098
2020-08-07,97.15708989570541,97.70334520285527,96.9917991240678,97.22992115904174,10000.0,972299.2115904174
2020-08-10,97.15634691989816,98.2308347760823,96.47304770915233,97.55737762126701,10000.0,975573.77621267
2020-08-11,97.58998262755469,98.83947418100696,96.13672515057648,97.12634104482616,10000.0,971263.4104482617
2020-08-12,97.10641620273093,97.49267967901348,96.34903166242773,97.24414081263603,10000.0,972441.4081263603
2020-08-13,97.23619745066847,97.54679425119497,96.99147135528804,97.35545344617498,10000.0,973554.5344617497
2020-08-14,97.33001444672146,98.24485450770462,97.14334031021862,97.75594791005423,10000.0,977559.4791005424
2020-08-17,97.74859683586327,97.83231230993604,97.11893514048877,97.59243934599195,10000.0,975924.3934599195
2020-08-18,97.63341411180328,98.46750928530975,96.91599240358214,97.10780527100671,10000.0,971078.0527100671
2020-08-19,97.1583344948016,97.50993534186,96.22458979706737,97.33131387377504,10000.0,973313.1387377505
2020-08-20,97.35949281302804,97.90900805753157,95.64462377084907,96.40781060833014,10000.0,964078.1060833014
2020-08-21,96.4218823699244,98.87660765216627,94.96674108668229,96.65097690917129,10000.0,966509.7690917129
2020-08-24,96.5926574932692,97.6253131042524,92.14603023998328,97.36338055716335,10000.0,973633.8055716335
2020-08-25,97.32127223738976,98.18181993425917,94.04930112697383,96.09551746436996,135656.2132972162,13035954.014052935
2020-08-26,96.14216644748136,98.12889082814851,94.67448881454759,95.93545126285433,637949.6339337471,61201986.014406756
2020-08-27,95.90052810204732,107.71592180000309,88.65287182005176,93.71349320702811,1210550.4902936607,113444915.14889951
2020-08-28,93.44504513305499,99.91820961392443,86.14028998524381,86.42994776301009,1902572.5944823988,164439249.95644832
2020-08-31,86.44633299286052,92.404044492781,82.72224973853929,83.07894390665489,2155522.377297601,179078522.6730468
2020-09-01,82.88652714690772,83.6932933048313,76.06887763349754,79.75727926259158,1151779.5679339482,91862804.64865498
2020-09-02,80.131016536618,80.70130628553606,79.58082873101498,80.33495564844488,1335842.5354592295,107314850.83942336
2020-09-03,80.39214180832897,80.98400030173485,76.54299544721847,78.86733927220601,1457366.68542201,114938632.82318799
2020-09-04,78.76086087285829,83.05600591062756,77.09424268051129,79.13987200180004,1196935.7352757882,94725340.88410631
2020-09-07,79.2376291120259,83.20982894026616,78.54597459218925,79.55832328883048,1796576.7762813414,142932635.98059583
2020-09-08,79.41497186163934,83.78047620891881,77.73725637056414,82.14440710897767,1654611.0479772235,135917043.53205323
2020-09-09,82.06965541340382,83.30712725836858,80.57365955983747,81.51552287152212,3205964.584371797,261335879.4026491
2020-09-10,82.21598921744005,86.38024536937313,76.23261713496149,80.09425772515274,5826126.181286173,466639251.9031947
2020-09-11,80.4252260560286,82.99127214753761,78.79107420452885,81.858745980354,2315533.3842178076,189546659.10771495
2020-09-14,81.5324828572018,92.7610437326348,80.4077690485729,86.84948513851761,2109388.2036796757,183199279.44684234
2020-09-15,86.56428468254683,86.93273349335426,83.85734693901622,86.87826065836283,2102964.7365240552,182701918.5350822
2020-09-16,86.80631458973242,89.87415398685596,86.18111417267983,87.59792580499484,212227.42728469137,18590682.429069333
2020-09-17,87.9881315713144,89.2141599423275,85.81453401114896,87.46852009411565,755808.1183100461,66109417.583698004
2020-09-18,87.47856561170431,89.75028635516496,84.55734640881322,86.55029409337614,504169.6386862665,43636030.501247555
2020-09-21,86.59109691599004,87.16902374124814,80.70055056342346,84.36858966076251,402274.0618272819,33939295.25347415
2020-09-22,84.29618211389155,85.91155446942147,81.06640953008085,84.55000175750715,212732.9828675367,17986574.075329963
2020-09-23,84.82177452615845,85.43074267519914,83.79565355702809,84.27535518815317,1436917.1342285704,121096701.86305593
2020-09-24,84.55977443878886,87.58418305896289,83.48353375687506,83.80784528342635,2410023.5920085977,201978884.32846397
2020-09-25,83.25011077986598,92.96118490067545,72.94306649807746,90.76847256814273,3962365.044482518,359657822.84507906
2020-09-28,90.41070375510661,94.243616086072,83.9696549367248,89.38497726500292,3813955.15098607,340910294.4606306
2020-09-29,88.64567956964044,101.73035139082407,77.51342079590275,90.81148499729743,4058452.944503206,368554138.68199044
2020-09-30,90.31961317763025,97.09981028677937,88.34849389637432,89.36968578438302,3478198.9321113355,310845545.6583666
2020-10-01,89.08978879409523,97.22586317700421,86.74230170113167,93.61265862774334,3976103.199409868,372213591.4750341
2020-10-02,93.12633172730656,94.66939302028932,87.69703064056834,92.50059989760211,4272141.075674906,395175612.34711605
2020-10-05,92.30910803195442,101.02599871823696,89.8514116385316,98.25329260943624,3108616.6762726274,305431823.9043876
2020-10-06,98.49695110155815,99.73472073916331,93.91367293277483,97.10999253770792,3191473.235505485,309923942.0842322
2020-10-07,97.59026822251109,102.65380391327068,96.6966898850845,100.29785450844697,3325529.0254380824,333543426.35700625
2020-10-08,100.34997756591403,106.25747028230624,99.62197612341235,104.83344008795501,3283970.679907746,344269943.5227096
2020-10-09,105.29025095354585,106.74583595059521,82.98643820537393,102.88299084830066,5109742.370190066,525705577.50943875
2020-10-12,101.34318449186651,143.91314501023538,91.08807826812371,112.59988038977001,15266442.26363854,1718999572.8630292
2020-10-13,113.5602204785101,113.73296877424002,109.58888786472015,112.25183793148798,6847830.531698702,768681563.0265379
2020-10-14,113.64167875562273,118.09764657959582,100.02173151211288,107.03603377955675,5945230.132124511,636353853.2493178
2020-10-15,106.96831967764054,109.21390994315531,95.95944744798796,103.46697920669638,2908847.3051246256,300969643.63478446
2020-10-16,103.68157384074671,106.83244154731052,97.83975719250638,104.3769784143062,2484248.738491751,259298376.95332086
2020-10-19,104.46741626260705,111.28342645097906,101.30606582036536,108.64716423046532,932912.0279062311,101358246.30850475
2020-10-20,108.08612775765216,111.75709025306027,104.7714473047326,106.86914989009635,1267983.9562308209,135508367.47666895
2020-10-21,107.101214274111,110.91599229191574,104.12922829755996,107.6775158146012,1089899.650285409,117357686.82993545
2020-10-22,107.7669222414546,108.76149779385645,104.58785896174581,105.72290917014782,395484.01216122205,41811720.29596651
2020-10-23,105.45421248835586,112.28294194684273,104.47767044336595,105.77475113077533,162870.9221394905,17227631.25574449
2020-10-26,105.71714600483699,105.76029852675431,98.7666757000514,103.6422367664491,10000.0,1036422.3676644911
2020-10-27,103.72507185935137,103.9388109356056,102.74526470172937,102.80564506325416,10000.0,1028056.4506325416
2020-10-28,102.85866427561518,106.15994263732429,101.22773858224107,102.55901366239222,10000.0,1025590.1366239222
2020-10-29,102.44582460413368,104.83080910871023,100.88535241061142,101.72089192860685,10000.0,1017208.9192860684
2020-10-30,101.68570011256084,102.33669716669827,100.97033904093372,101.36606156445043,10000.0,1013660.6156445043
2020-11-02,101.32237634446368,102.09557487939762,100.19857519487373,101.83303051404822,10000.0,1018330.3051404821
2020-11-03,101.84062505316021,102.0078505554637,101.02615893889934,101.58457754526981,10000.0,1015845.7754526981
2020-11-04,101.56080916122143,102.49110927927956,101.12697180047303,101.17272451253989,10000.0,1011727.2451253989
2020-11-05,101.1742367858819,101.19654381480527,100.02165487085749,100.60796040762128,10000.0,1006079.6040762127
2020-11-06,100.60207814524277,100.81192228660115,99.55437761823768,100.3012992405015,10000.0,1003012.992405015
2020-11-09,100.25208273320585,100.65099825094794,100.00100889438744,100.56717158716617,10000.0,1005671.7158716617
2020-11-10,100.58057580491645,100.81906437774313,99.99462178147218,100.41685801610927,10000.0,1004168.5801610927
2020-11-11,100.42527415072367,100.663925650261,99.6704890831946,100.25282620387436,10000.0,1002528.2620387436
2020-11-12,100.22996958469318,101.18108633448286,100.106069792418,100.38464115123746,10000.0,1003846.4115123746
2020-11-13,100.40906550568214,100.75938293567044,99.94630772387266,100.55275124195144,10000.0,1005527.5124195144
2020-11-16,100.62868152515057,101.4137064330302,99.06244305938635,100.77301530473974,10000.0,1007730.1530473974
2020-11-17,100.72007456592726,100.97171429283239,100.22108178117662,100.53441152089874,10000.0,1005344.1152089874
2020-11-18,100.54151380257976,100.72453953086925,99.7772991800525,100.1221911008543,10000.0,1001221.911008543
2020-11-19,100.14971983352497,100.68353756715874,99.4768222269566,99.47990240703962,10000.0,994799.0240703962
2020-11-20,99.48081926343436,99.68714887597008,98.90830371906627,99.18025371619272,10000.0,991802.5371619272
2020-11-23,99.16105094017108,99.29385038551749,98.82213530161289,99.00253956736427,10000.0,990025.3956736426
2020-11-24,99.10652386538395,99.55615154100943,98.7808252584879,99.29904878145655,10000.0,992990.4878145655
2020-11-25,99.27356404362064,99.52190667106981,98.41563975324846,99.4000645433907,10000.0,994000.6454339069
2020-11-26,99.39278200765095,100.16582427689174,98.75202121495944,99.03658683078287,10000.0,990365.8683078287
2020-11-27,98.9978626835972,100.33711089137778,98.33087991757834,99.50765778101722,10000.0,995076.5778101721
2020-11-30,99.60550662322649,100.9475806365053,97.67175285010323,98.43054611041389,10000.0,984305.4611041389
2020-12-01,98.2173923296209,100.5427665551256,96.50048655738546,97.36312894357764,10000.0,973631.2894357763
2020-12-02,97.23345933443144,97.55957539546034,95.6341930031645,95.69050705233451,12045.727921366068,1152661.8126099824
2020-12-03,95.59006867154689,101.86318223537295,91.34122649460647,93.40445089511368,1197294.355417158,111832621.82755873
2020-12-04,93.48435091865709,103.17925288204,92.56974936362128,92.8719772257849,2222230.342183286,206382925.7296943
2020-12-07,92.92352095571756,94.29740741017076,89.6818877619567,91.74198873771992,243301.5988688201,22320972.54329254
2020-12-08,91.84876886539017,92.51460008454242,89.68959921484887,91.1041734164106,10000.0,911041.7341641061
2020-12-09,91.08779403431383,93.5378959176413,90.09492275764971,93.01989452333547,10000.0,930198.9452333547
2020-12-10,92.9140704480014,94.85859828000343,89.44955622437573,91.07824391927652,87392.88461574342,7959590.461841867
2020-12-11,91.05989410491736,95.96235153383705,84.81774620147654,88.53833753537815,1870573.2964418284,165617449.90503156
2020-12-14,88.3002216346763,88.80394374337823,84.88452890624781,88.14256403923845,2209867.612955168,194783397.5931399
2020-12-15,87.99429090591387,91.28024550448023,83.89781188903588,89.62752658368225,1914121.6290441325,171557987.19155416
2020-12-16,89.44788263193111,93.16332737977639,77.83911970504435,91.6482027257107,4463746.799234253,409094371.57246315
2020-12-17,91.80118135412468,97.98167614617807,85.18936709997844,90.41762409362296,6284685.493553137,568246330.5027329
2020-12-18,90.8105173359861,98.08970724408069,86.19895916088127,88.83895149100118,6248908.332870754,555146464.255618
2020-12-21,88.25377891690746,97.20764228837083,75.00137914416844,87.62776922957882,7837980.575330054,686824753.0809435
2020-12-22,87.39263864364334,97.98708605679525,84.24631280041912,90.83271972015974,3517507.9911516383,319504817.4736989
2020-12-23,90.82306470079483,93.51823712153166,86.47230680656888,88.00557573581847,2102016.4643665827,184989169.15275064
2020-12-24,88.00962367871686,89.78635793912369,74.6856054112473,78.30472657014384,5690404.671023644,445585581.83797574
2020-12-25,78.23182459093692,81.68769288554344,74.41997816033954,79.34066000351717,2520834.294532055,200004656.68767384
2020-12-28,79.55271192319346,88.79204723092681,68.83073763361534,75.56057332425566,4077180.653433898,308074107.72002864
2020-12-29,75.46670161959358,78.24327286383776,72.0838254393502,75.85785409845842,5949185.06967472,451292413.0201121
2020-12-30,74.96472628623165,86.11924824749076,73.24992679141502,83.86229111169708,6157659.580371152,516395440.295816
2020-12-31,84.77010353766607,87.51134088568627,82.7085606933139,84.80328366857356,7902388.324014639,670148478.700637
2021-01-01,83.8331267706829,120.77522273233916,78.18744462817318,100.50967995989033,11431977.660245,1149024415.9398408
2021-01-04,101.3390679817056,102.10142577223037,88.19018348527207,92.4591754116818,5142126.651040683,475436790.01765436
2021-01-05,92.55217511936338,95.02907223047453,83.18660010041589,93.33488388174281,3263572.6416778704,304605173.55063665
2021-01-06,93.43620866667027,95.2788171845625,92.52853967566642,94.56133854462632,2738410.888309865,258947799.08376002
2021-01-07,93.95872283473673,100.62514514745757,91.07945308013515,97.95419495661432,4276002.878179019,418852419.5641916
2021-01-08,98.03914813550323,102.02653799703337,92.2941844268802,95.4907631862682,2783160.924553323,265766160.7557966
2021-01-11,95.43560735808862,98.72653258180043,91.21971013513834,95.8348928556582,2152266.6175656966,206262240.6912184
2021-01-12,95.62738595767722,103.46632994573814,93.5639804524769,96.04827285912191,1922238.5293281423,184627690.76522663
2021-01-13,96.23918665908191,101.47402593153085,90.88607688943557,96.26307039027576,3781837.647770524,364051303.69192886
2021-01-14,96.44343508070608,99.13516667041011,90.70188136524051,92.9013580665477,1409861.5637361228,130978053.95691241
2021-01-15,93.10098187417547,93.36706086503972,85.97930596689322,90.06244380143735,422260.99482494046,38029857.115960225
2021-01-18,89.82044396949007,94.90527572106735,88.0900282730961,91.26108642862545,1113663.5168723462,101634142.46569416
2021-01-19,91.16732041479924,94.7316426073755,89.36538989951816,91.76123631644197,10000.0,917612.3631644197
2021-01-20,91.94952740178225,95.87175876755728,89.56314267243586,91.87940272830616,17081.407944374154,1569429.5596876412
2021-01-21,91.94483387978697,93.47766440591222,90.78040595084278,92.74528953181809,10000.0,927452.8953181809
2021-01-22,92.81601667070974,94.52162663771652,91.8470392751835,93.7320963443097,10000.0,937320.963443097
2021-01-25,93.6885886895526,94.58468263835101,92.56648034549733,92.76697868370681,10000.0,927669.7868370682
2021-01-26,92.79082863881938,93.74978717408217,92.09898737463294,93.33059562892409,10000.0,933305.9562892409
2021-01-27,93.39120019658125,94.86364339172825,92.97559809280642,94.46162321487066,10000.0,944616.2321487066
2021-01-28,94.3586267534852,95.38124409103274,94.16090641200871,95.31498704879405,10000.0,953149.8704879405
2021-01-29,95.23060899418122,99.80958657659691,94.06860552824811,96.01701705249359,10000.0,960170.1705249358
2021-02-01,96.04844428604275,96.84494381586936,95.36647582391717,96.81946808287813,10000.0,968194.6808287813
2021-02-02,96.98732663899247,98.06180422392367,92.62145699906412,94.98825910161057,10000.0,949882.5910161056
2021-02-03,94.94789428114046,96.28769886727156,94.37834679509965,94.47868628599781,10000.0,944786.8628599781
2021-02-04,94.54092478652954,96.52190796486394,92.06087537725337,95.42255844787178,10000.0,954225.5844787178
2021-02-05,95.3298784509249,98.44363400757655,91.69209815833551,97.08743737862413,10000.0,970874.3737862413
2021-02-08,97.01200641173949,98.27323242952578,96.7579859035195,97.29055075428212,10000.0,972905.5075428212
2021-02-09,97.33627379859315,99.75908164482632,94.48338930697587,96.86755694588143,10000.0,968675.5694588143
2021-02-10,96.81119794736269,97.51441055721826,96.48130817450016,96.70671358420891,10000.0,967067.1358420891
2021-02-11,96.70974978235161,97.51247738882911,95.8663955414029,97.07780798369011,10000.0,970778.079836901
2021-02-12,97.05074542895639,98.26445414746865,96.60221087261134,98.02146730977005,10000.0,980214.6730977005
2021-02-15,98.05082490740908,99.8359861628401,97.94935160554601,98.3457102686268,10000.0,983457.102686268
2021-02-16,98.28408965004085,99.79163364890562,97.46150105375145,97.96134660572886,10000.0,979613.4660572886
2021-02-17,97.90945958441655,98.96414673738067,97.27866291748892,98.0882638019382,10000.0,980882.638019382
2021-02-18,98.040411707059,98.12701539572969,97.92328472693274,98.12581291314699,10000.0,981258.1291314699
2021-02-19,98.11993196251862,99.73838614011524,97.43229402203904,98.79341820289073,10000.0,987934.1820289074
2021-02-22,98.83515059205031,99.16659690569564,98.790504197579,98.85521787905307,10000.0,988552.1787905308
2021-02-23,98.88221641156704,99.824884865588,98.5632038041918,98.73554515995575,10000.0,987355.4515995575
2021-02-24,98.74222619099159,98.76330462222967,98.29520277588514,98.58692566280234,10000.0,985869.2566280235
2021-02-25,98.58282613962226,98.89813497958126,97.90284096154177,98.07239768350937,10000.0,980723.9768350937
2021-02-26,98.1115950968548,98.3008440934301,96.83677882707134,97.63743588702079,10000.0,976374.3588702079
2021-03-01,97.63456812498548,97.78915332071693,97.0162112808399,97.40660600156578,10000.0,974066.0600156578
2021-03-02,97.43997715420706,97.57393371838216,95.43692527673184,97.07926112418326,10000.0,970792.6112418326
2021-03-03,97.12242975866072,97.23340405518601,96.73079934797985,97.08653507216846,10000.0,970865.3507216846
2021-03-04,97.10825264240695,97.93942497394337,96.89108910063155,97.06581989919714,10000.0,970658.1989919713
2021-03-05,97.07858963739967,97.34641917028868,97.02545513864287,97.31712855562195,10000.0,973171.2855562195
2021-03-08,97.33729837534152,99.31033531065566,96.8332323160295,98.0546391952689,10000.0,980546.391952689
2021-03-09,98.0447418194679,99.82025255395997,95.15643029861198,98.22228415352254,10000.0,982222.8415352254
2021-03-10,98.26000264479012,99.1834268334669,97.73799768294336,97.92236027509357,10000.0,979223.6027509357
2021-03-11,97.74359255137489,98.2486239404857,92.30105723834501,94.15084521008657,674149.526823121,63471747.74837677
2021-03-12,93.95391216108911,98.08317313519836,91.55645896364388,95.21690613568721,1461079.7916591072,139119497.37915462
2021-03-15,95.5620192918082,100.83319755483667,92.67741770766843,96.81579150627596,1089019.0747818898,105434243.69044098
2021-03-16,96.7924714320457,97.42615706789708,91.09166769651658,95.35066998920784,959557.1492007824,91494417.06922887
2021-03-17,94.9461041692023,101.46565579865721,91.34096377240238,94.5193138158905,1253844.5248439384,118512524.12006032
2021-03-18,95.00527656827458,95.29534800614205,83.28090327946815,92.20287266919634,3236597.5442677094,298423591.2555492
2021-03-19,92.73788753444565,98.16031583540108,91.3710723006979,96.85280636112967,3068855.2028043307,297227238.70755315
2021-03-22,96.98342010622673,100.718484804709,88.10683866740283,98.78639004724047,1884876.1937150792,186200114.86309582
2021-03-23,98.48961357893181,105.14637699008962,92.57570527759835,101.79592786347146,1441859.6121353619,146775437.06618425
2021-03-24,102.28178482873152,104.85428158809805,93.74562859096564,98.66817831532457,1691317.5252394006,166879219.16815463
2021-03-25,99.06324852470325,121.78448608826099,94.7260972709982,109.09688913057532,2449017.5751955947,267180198.8799442
2021-03-26,109.64910687380946,118.5011377437088,88.94947802663883,104.995201256101,2945577.8125758865,309271535.2469109
2021-03-29,104.8764463334568,113.89458822436805,93.68625150492628,100.00930385045221,3577643.344711738,357797620.3298244
2021-03-30,100.27168873068469,105.61109307221246,98.79255571848718,101.36468810747328,6635562.68731808,672611742.2175845
2021-03-31,101.19941121902576,107.3938245956562,94.46276348452074,98.10758419970166,5819070.906049167,570894988.8792529
2021-04-01,97.97363383858823,116.99344799097658,97.35777353692612,109.2886690356577,6543334.9619307825,715112369.0439012
2021-04-02,108.58990950692802,113.7720795562447,103.49876926807873,106.58172128317219,6186412.0333928,659358443.0859339
2021-04-05,106.28892896702685,107.84271773155739,96.38177412187962,103.8043560516038,3602969.023858861,374003879.3955446
2021-04-06,103.5889285303928,119.34262767553535,96.55267286675219,107.97069661533192,3771932.3461031555,407258162.994661
2021-04-07,107.9881915996908,116.3257610863712,95.81910325810365,114.054757969203,4381700.285025782,499753765.50220335
2021-04-08,114.71368904894695,130.4639639358207,102.93204607587717,108.1110350913007,4512335.508888173,487833262.5451315
2021-04-09,108.36717088213368,111.14554320935318,96.56031094284083,105.6571216982032,4951447.232402813,523155662.8162154
2021-04-12,104.98416609732638,105.01257187552297,101.79160330535909,104.14302804936031,3265354.258240411,340063880.10702926
2021-04-13,104.63039296178097,105.7087862521102,85.27330982968515,103.300490714248,4116470.2790186084,425233399.8332396
2021-04-14,102.53439152964522,118.90285928403244,98.71862506404659,112.45232088431753,3941069.4324201155,443182404.44188195
2021-04-15,112.8190523768773,127.99987586537732,110.9906924384804,122.36325669835493,9099195.796664285,1113407231.015824
2021-04-16,122.23186670280231,135.0573424565918,120.11877051197759,128.76358516924188,6062838.4110877495,780672810.1134485
2021-04-19,128.80327040235258,147.1004262210671,117.57016757396009,137.0045630441556,5895581.485164517,807721565.2661785
2021-04-20,136.71102396935038,138.38616783659472,128.14083529871195,135.7697198504976,4317336.757692608,586163602.0921811
2021-04-21,135.09824113907592,159.46833242736716,134.6164840854359,140.16152424245118,5686498.685584795,797028323.37426
2021-04-22,141.06026636044479,149.0292957987407,126.63531301420166,138.3059939210873,2548753.419783697,352507874.98295444
2021-04-23,136.7980771853484,138.96462605905214,132.27239951093998,132.4183345808276,5293400.59402701,700943290.9302201
2021-04-26,131.7515415282229,160.46723821503753,130.86548231086056,144.4247508108551,6146177.6875978215,887660180.970553
2021-04-27,145.59421561987287,148.05783091433383,118.09554258424174,127.96494267046315,8219946.749853757,1051865014.5992959
2021-04-28,127.95146175123016,129.76172905764113,125.37732402095578,127.13170435740872,3453860.3966630343,439095158.8403273
2021-04-29,127.13141078807607,142.5033992161791,121.9112063663945,123.13201500784405,3320522.272789108,408862598.3269489
2021-04-30,122.6367847092333,124.5795057816423,109.78940078438355,113.35884463620944,4448726.789277654,504302528.9346684
2021-05-03,112.93180189761985,116.74058748248655,111.17435142279619,111.67100780704008,1917169.1975736634,214092216.42966536
2021-05-04,111.82939555900941,115.44414040719911,109.90136910981477,111.64656356674779,1487993.9863910063,166129415.18854192
2021-05-05,111.59652941248093,114.93720597737833,104.99032729173774,112.66642174201122,1055203.4037402417,118885991.70940381
2021-05-06,112.75879594775762,114.77258882389164,109.67473561929941,110.02108938213195,1603266.8136312733,176393161.40593222
2021-05-07,110.196834722988,116.74076749356344,106.63850246231601,111.67586503523377,748171.6606579217,83552717.39882079
2021-05-10,111.41745599328733,112.80086678511647,110.86326337043118,111.91541130321745,10000.0,1119154.1130321745
2021-05-11,111.75345082828134,114.21636891346708,111.031199482648,112.94618001370952,10000.0,1129461.8001370952
2021-05-12,112.84116633356689,115.60758061566413,108.34940084217578,109.77520809998234,10000.0,1097752.0809998233
2021-05-13,109.82586317910906,110.14143490483048,105.13263886773572,108.49121169720664,1140815.2885665933,123768432.97928816
2021-05-14,108.59734264501488,109.7949471670913,107.30900388174929,107.41354633372583,10000.0,1074135.4633372584
2021-05-17,107.13508523058216,110.00997992652594,106.51039944069522,108.89529337702115,1088850.4807630628,118570692.54640424
2021-05-18,108.81106414337124,117.26222944094047,88.21506997858764,106.2309338635073,2247087.051162234,238710155.91755894
2021-05-19,106.19100378239682,109.45017221600577,96.41305299998281,104.70148749176134,1743551.1956391037,182552403.70145315
2021-05-20,104.65328128273788,107.27525053267782,100.37942610870383,100.75020879752753,3186936.8335568476,321084551.40538365
2021-05-21,101.1596677070866,106.56871952856132,97.65415316646991,97.73374868056955,1305022.9732918914,127544787.29407933
2021-05-24,97.53878342162237,102.46898958789322,95.21815918771472,95.61066112014723,1851754.366102924,177047459.1752197
2021-05-25,95.6315739510201,100.59299257934647,94.54887099449999,97.45229314949997,205840.32186291326,20059611.38817205
2021-05-26,97.16319884866223,100.4649302545005,94.02136927723951,96.38200297308211,10000.0,963820.0297308211
2021-05-27,96.37173648880707,96.69245691716071,94.148041964675,94.88968175836136,10000.0,948896.8175836137
2021-05-28,94.89309488094904,96.10514235061459,94.3658825936705,95.32195988206567,10000.0,953219.5988206567
2021-05-31,95.34304674199618,95.92254638834497,95.07219765301227,95.47957160131295,10000.0,954795.7160131296
2021-06-01,95.46270880550017,96.52300905636604,95.27874962847582,95.94339743344541,10000.0,959433.9743344542
2021-06-02,95.924990112122,96.48420258844945,95.8406668888493,96.38158411300883,10000.0,963815.8411300883
2021-06-03,96.34122289377547,96.54045939168878,95.9634506230032,96.52658648562023,10000.0,965265.8648562023
2021-06-04,96.50939157989218,97.21575747858166,96.07355194598112,96.6271218709121,10000.0,966271.2187091211
2021-06-07,96.71255617218794,96.79380858426146,96.07984962815824,96.65375645960354,10000.0,966537.5645960354
2021-06-08,96.57789730161501,97.86459624494779,95.42011534643538,96.87256657711019,10000.0,968725.665771102
2021-06-09,96.81471877295674,96.89810634427822,96.39450836070816,96.82301136449935,10000.0,968230.1136449935
2021-06-10,96.82600365742417,98.78475952656761,96.74860602014698,97.11636430423684,10000.0,971163.6430423683
2021-06-11,97.06557776482569,98.7839064507604,96.3699857192723,98.04136717034388,10000.0,980413.6717034387
2021-06-14,98.11697267218648,98.14255647608337,97.36700226692393,97.78105601989733,10000.0,977810.5601989734
2021-06-15,97.69576564445592,98.05167909789282,96.46503478859364,97.59245118703294,10000.0,975924.5118703294
2021-06-16,97.65803445785082,97.68325460773117,97.0693311292107,97.5018190698252,10000.0,975018.1906982521
2021-06-17,97.47993427819279,98.2604290225173,96.25332356232322,97.9570845771336,10000.0,979570.845771336
2021-06-18,97.85343646399305,99.27351775367586,97.70286595612205,98.51179329491963,10000.0,985117.9329491963
2021-06-21,98.28025158820158,100.85413097099752,97.60098030916983,100.13196274807305,10000.0,1001319.6274807305
2021-06-22,99.98429552205866,101.9738990047295,99.53464690410952,101.33615168991086,186279.64166923251,18876862.02493559
2021-06-23,101.16324218645616,102.82839523973216,98.54880528120283,101.66960701807048,1910676.93326877,194257772.94392794
2021-06-24,101.77095902210993,106.15646119362768,98.05508483218654,103.04706957579562,1595511.8952811458,164412825.28204575
2021-06-25,102.48186673622125,111.08582377625662,96.5044208838158,97.48756430568679,2886209.0248344624,281369487.90820324
2021-06-28,98.68621567326544,106.63492690308995,88.74521815374695,99.88580431536882,3113692.819814489,311013711.698159
2021-06-29,100.28448177064281,106.77156084035059,93.56274130992955,100.78155034322216,3346433.4226083267,337258748.4508423
2021-06-30,100.65001373205948,124.45324443881749,86.41446762920447,114.84118033193454,7240740.7113238275,831535209.7659197
2021-07-01,114.03264944302082,144.25718424279515,93.72160515637883,135.24068771983374,10436609.962604603,1411454308.8063147
2021-07-02,139.65307347089646,163.06550222944207,120.23385248424492,121.0104649369828,11455622.746531114,1386250234.700406
2021-07-05,120.21764987662128,122.927622525266,105.83021260099562,114.7120613714759,7442630.884717523,853759530.8129585
2021-07-06,115.68084433641206,135.30954446793388,98.79718106282385,126.3467280736787,13421310.242074976,1695738635.547926
2021-07-07,127.98576255745154,142.83793150508188,103.08237944974934,104.37428763913626,7363209.711631211,768529768.3890775
2021-07-08,103.54398039518392,120.2075197459218,83.88228332145749,96.54519258388459,7125212.640184185,687905026.5477109
2021-07-09,96.96065373599835,102.39067541140102,88.41204348148402,99.50786072657706,7079512.062868441,704467100.3640351
2021-07-12,99.21077468775546,104.3774534426112,97.95252609998317,103.47020373068887,4895988.817423563,506588960.40199053
2021-07-13,104.62827995405475,110.05880167385878,101.68195973110215,105.01779257305573,11301754.603172144,1186885320.62751
2021-07-14,106.39674985373262,130.51044857480608,86.30222063711142,116.66616609060011,8006735.804557885,934115169.218105
2021-07-15,117.13313697010999,129.8666395956626,110.64228683983076,113.85152065332747,10306695.968148073,1173433008.8851774
2021-07-16,113.98182170236453,120.14087867112693,110.66638207066008,114.27645373028548,9370983.506894948,1070882763.1329489
2021-07-19,113.39090805460204,120.35715419253697,102.3344533003133,112.5117631196165,5847535.905907536,657916574.6789207
2021-07-20,114.49162246458718,118.74894455530236,71.77830003281586,103.7128823906166,8190887.672072948,849500569.8084531
2021-07-21,104.69913455616525,113.1477120736269,71.4332863389159,104.0265959851155,6204989.422208798,645483927.7160299
2021-07-22,104.40347025973675,109.6093719158002,92.69465384650688,101.18990359306616,5728558.412964418,579672273.5351175
2021-07-23,101.82718317750667,103.67594766334146,98.72543529511042,101.63759778025808,3401067.4192572953,345676322.3820133
2021-07-26,101.64548025992707,108.74246090610919,87.50640651566029,92.26644469169284,2736768.749215982,252511922.4334898
2021-07-27,91.85443685569165,102.3418005871247,84.69049787196076,93.05876831577606,4207388.812567838,391534420.7231386
2021-07-28,93.33458279154694,94.7627492696769,91.06883602911269,91.83970591212807,2737899.184764271,251447855.94580585
2021-07-29,91.56871813169155,93.19466900460155,88.66941266343706,90.50360285220586,2424188.4338499564,219397787.25606737
2021-07-30,90.34046415007244,92.92049640641251,86.92129774986584,91.0635692727692,1999815.7916588879,182110363.87650692
2021-08-02,91.47822707435111,98.46602336561757,79.34561298491523,88.89862685386714,4859070.842176187,431964725.6551268
2021-08-03,87.92895531638413,98.28473420421341,68.61671456561668,95.29437525164454,6583073.54708154,627329880.904763
2021-08-04,95.30369989573188,106.16553984840377,89.14816734182904,99.20726530045734,2492265.9680895046,247250891.09555662
2021-08-05,99.13254935634909,102.70548986417252,97.06485024460835,101.61273628692997,1442397.2835469267,146565934.79403803
2021-08-06,101.34373668977182,105.91378508046617,98.05201304838874,103.90770791672377,1252409.2940395942,130134979.11725637
2021-08-09,103.60362994504302,107.87945170773605,96.9939389519396,104.77832658940945,1382771.1802756859,144884450.32534897
2021-08-10,104.70036185387552,108.24112466775101,95.9448134763896,104.81850030668181,1954298.0135634777,204846586.93405104
2021-08-11,104.70016858548736,114.27503545881922,98.6471409830773,99.69218492805616,3065128.9162631207,305569398.74843544
2021-08-12,99.72431241336608,99.97501512188235,96.61149983769064,99.07004974919869,592463.9232709976,58695430.353063166
2021-08-13,98.76957269891216,104.12383422386966,93.40380917954279,101.65484495132785,566047.9915334333,57541520.8143417
2021-08-16,101.6720697148094,106.70846744488084,99.11694958957878,103.21694503515111,693478.480960538,71578730.25236394
2021-08-17,102.95512946754499,105.54710448823622,99.94354951029997,102.18608613569667,547189.168580289,55915119.51306566
2021-08-18,101.97304654444245,108.39166455289526,100.24144549063094,102.4874768069871,1638367.0359018003,167912103.59331796
2021-08-19,102.65980156021399,113.97867859504747,102.29034395348019,104.38346012571331,464774.81763266574,48514803.64379504
2021-08-20,104.23835390825853,104.66125091610255,102.38146728891213,103.98028338850882,624649.9573973558,64951279.58879702
2021-08-23,103.91984705972519,111.24228764637554,101.36977329823362,105.93319440018783,10000.0,1059331.9440018784
2021-08-24,105.8414764081585,108.64096989784166,104.62663589965908,104.9713419312243,10000.0,1049713.4193122431
2021-08-25,104.97044015739122,108.71559798259696,103.97166580388493,105.7506256756478,10000.0,1057506.256756478
2021-08-26,105.89079193589163,107.26567971349547,105.26273893913024,106.81608610508549,203278.21165116545,21713382.95901868
2021-08-27,106.77557316777094,107.07857117859055,106.28810260739115,106.87815048152775,10000.0,1068781.5048152776
2021-08-30,106.91997640217696,108.12263874613542,106.47038428838331,106.92794364225801,10000.0,1069279.4364225802
2021-08-31,106.84555105628229,107.60200496036168,105.84931771504736,107.12987695091343,10000.0,1071298.7695091343
2021-09-01,107.15043200162712,107.23902652589767,105.96418981292132,105.98649094556258,10000.0,1059864.9094556258
2021-09-02,105.98054195783486,106.33413143273651,105.78222516940453,106.14316477851544,10000.0,1061431.6477851544
2021-09-03,106.14590662855184,106.56218629389248,105.95007956664321,106.46591214223106,10000.0,1064659.1214223106
2021-09-06,106.43341444984186,106.61807649427709,106.26566629602499,106.49353711885281,10000.0,1064935.3711885281
2021-09-07,106.47187761822266,107.38157464173334,106.32494554208047,106.78221850547358,10000.0,1067822.1850547357
2021-09-08,106.7930915508585,107.03537281893587,105.95779132849025,106.24912333410632,10000.0,1062491.2333410631
2021-09-09,106.20604914468282,106.56520692303795,105.87018483258458,106.12703943420046,10000.0,1061270.3943420046
2021-09-10,106.15403060027083,106.39570995565438,105.5058535942236,106.15132692584433,10000.0,1061513.2692584433
2021-09-13,106.13157670682699,106.94203910126336,105.91282793870674,105.94407626744974,10000.0,1059440.7626744974
2021-09-14,105.96398570801055,108.14782377930123,105.77873447372293,106.38546759223433,10000.0,1063854.6759223433
2021-09-15,106.31382810344321,107.17287646056803,106.04188650638332,106.60020193674318,10000.0,1066002.0193674318
2021-09-16,106.50702899798804,106.7329409917491,105.9303754150234,106.20894400804373,10000.0,1062089.4400804373
2021-09-17,106.23835703672985,106.62455296882924,105.93011273254449,106.49903032280062,10000.0,1064990.3032280062
2021-09-20,106.53499711547362,107.04938767835333,106.4558319749955,106.83509353266096,10000.0,1068350.9353266095
2021-09-21,106.83226166085892,107.53943432817869,106.0181793640979,106.44610762487463,10000.0,1064461.0762487464
2021-09-22,106.52218961859946,108.25587440862341,104.41891095414361,107.09228202806091,10000.0,1070922.8202806092
2021-09-23,107.09043643529998,110.88263807511525,104.08955090964226,107.53816454057763,10000.0,1075381.6454057763
2021-09-24,107.66688562204773,109.12383817419479,104.87783850603552,108.11599013221182,608044.1072377249,65739290.69806342
2021-09-27,108.1530356545715,110.02387664051687,100.34416048443322,104.87908693830987,1012483.1939765069,106188312.92463973
2021-09-28,104.32525715077736,125.66607699641821,101.66502470449728,112.43025073254609,6085455.642440887,684189303.7014163
2021-09-29,112.98521917235031,125.21057051719929,105.07603313793203,115.44421215445635,3332615.2408906706,384731140.89855725
2021-09-30,114.75181813953178,128.99632524453637,110.3357962251847,114.89328891716232,4609539.949613755,529605205.20617497
2021-10-01,116.44266284727006,128.15927428968016,113.37793174674874,116.95515710069209,6236944.115535698,729442778.8607147
2021-10-04,116.84616666675365,124.66471556947276,114.19402588979634,119.05116366716477,7208149.901560439,858138633.6681294
2021-10-05,118.44398685107446,134.57521942203348,110.41938357894215,116.60097251207992,4294152.150499001,500702316.8630229
2021-10-06,116.41780119574868,121.11587360223392,97.8382645965022,111.3264238646158,7249138.463655469,807020661.2581985
2021-10-07,111.3657988590884,113.33068967336357,111.12290323029038,111.71930115006914,4084265.8867301014,456291330.57655436
2021-10-08,111.77969177162102,118.7827893253488,108.36299967307052,109.00725320346515,3371297.746010702,367495907.02365994
2021-10-11,109.23850650989422,110.03878040130667,105.58244294231439,106.94232310047151,3747622.9084621063,400779499.93548334
2021-10-12,106.75869911028586,115.5413460146048,100.55556990739346,103.35777017142571,1697224.6906694467,175421359.50748178
2021-10-13,102.5824657842925,103.28433271012148,85.65181084994157,102.41169255158817,2551949.0347581566,261349419.95497453
2021-10-14,101.99976943254383,108.58457651791525,99.88870880897487,107.5612299517567,4334118.44050096,466183110.2168729
2021-10-15,107.75248790381494,131.04575447303108,95.86069732111726,108.4249579595719,2946849.9840856227,319512085.63764876
2021-10-18,109.03432407318118,110.06128256402566,107.97155919463168,108.59760794878277,5008585.916197328,543920449.7049923
2021-10-19,107.68777347278969,109.26581288405018,101.47613305658504,107.06729967103237,2771345.1829801267,296720445.19800526
2021-10-20,107.1206419008862,108.0734380054185,104.15162440691492,105.11337499451889,4210263.799598541,442555037.5930494
2021-10-21,105.62748118654237,108.02327487299661,98.22928693327074,98.57216387798418,4983368.375367159,491221404.1610554
2021-10-22,97.61713895908305,123.90881682883254,94.09069202589555,110.88977608804473,9703300.449521486,1075996814.1624613
2021-10-25,112.18305200644157,121.36296395950798,99.65082427299944,105.41774680682869,8454305.338938758,891233819.647866
2021-10-26,105.00421566857426,111.54071748094631,90.27691361130708,97.51840767585789,6310275.146661523,615367984.2989722
2021-10-27,97.47933386014537,100.90435880774096,89.54551757482051,99.40384812028867,4535205.8246736955,450816910.99011254
2021-10-28,99.14233764794629,114.4312903446815,90.4743760727559,101.0172435992857,6161158.584058964,622383257.5397146
2021-10-29,101.66405118202722,102.89712634517703,96.99852133849265,99.32704603200305,3114564.019678147,309360443.7521918
2021-11-01,99.6165740156884,100.70382256785298,91.48301439917334,94.99166854919514,1959185.7521623527,186106323.59571177
2021-11-02,95.03491613078258,97.5547332049749,89.82108551415831,91.57871170807839,1427631.6235769943,130740664.88089344
2021-11-03,91.52956885176036,96.81005019975697,88.6801577344248,94.33841850201357,197156.30390756667,18599413.908342198
2021-11-04,94.10266008385123,95.56275352234306,92.19985995556765,94.5108711928831,53421.70184969884,5048931.582421492
2021-11-05,94.45832403514473,95.10893857491429,91.6234569605029,93.58687989899744,565565.5021574374,52929510.72542427
2021-11-08,93.46548384654268,98.6567742578246,93.3886738428603,97.86201075360988,1110477.9812301418,108673608.14079113
2021-11-09,97.84346772259555,98.05524461755161,95.62193754464364,97.12348431854285,319744.8167058957,31054730.69127042
2021-11-10,96.72503652930553,97.36388095461119,93.49313931951156,95.42707265561829,1081444.4371592954,103199076.87781431
2021-11-11,95.72850261222119,100.50902391115564,92.84899151316539,96.98739794308011,1269082.529524543,123085012.31360757
2021-11-12,97.3479072033856,100.59429848561741,92.48918919572614,98.63917064009662,2545990.9614873435,251134436.89829373
2021-11-15,99.13541660096219,106.92574063500456,94.37999203845135,103.70022358743498,2475326.5675836513,256691918.51034263
2021-11-16,103.5432641019575,121.89040344534345,96.57124441856725,99.48670040828777,1699429.1012858609,169070593.86475217
2021-11-17,99.48225916311013,103.82691489465846,94.18420328681583,100.35142977864349,1283155.615577312,128766500.65167868
2021-11-18,100.07007508679149,102.54250010710989,91.32606733348038,96.58445338818028,943286.0336684308,91106765.95057
2021-11-19,96.779249284392,99.16135546307878,93.08736882968736,97.80050101054026,1319299.0459645947,129028107.67806514
2021-11-22,97.76057628749464,104.61458628756326,90.1255314500355,96.69644150028152,688173.2162803956,66543901.15011786
2021-11-23,96.95380976486844,100.08393847629846,93.59265358742171,96.20769919769626,96297.99908780375,9264608.929579452
2021-11-24,96.27884973061857,98.28017695180066,95.24379849224896,95.73824550481797,10000.0,957382.4550481797
2021-11-25,95.79983271702027,97.09009120553098,95.48342935513152,96.62379981046539,10000.0,966237.9981046539
2021-11-26,96.65396188878329,98.53238220564403,96.06778161959541,97.68199078803794,10000.0,976819.9078803794
2021-11-29,97.62433002222053,97.95074154934584,96.59727027566571,97.80840133827262,10000.0,978084.0133827261
2021-11-30,97.83369146455215,98.03702380632434,97.18874053584726,97.87511891236404,10000.0,978751.1891236404
2021-12-01,97.81659918583817,97.8887920176156,97.50303660647607,97.83772876948413,10000.0,978377.2876948413
2021-12-02,97.8516409998447,98.56402284366843,96.68228240065672,98.20729882410203,10000.0,982072.9882410202
2021-12-03,98.22730832600836,98.2963099952492,97.8983500485771,98.00413222481579,10000.0,980041.3222481579
2021-12-06,97.96734454365583,99.58864050982125,97.59912815534065,99.2936176273168,10000.0,992936.1762731681
2021-12-07,99.27362116950748,100.2759106323312,99.15731837804191,99.30654986570958,10000.0,993065.4986570958
2021-12-08,99.30156949717384,99.95726957284273,98.97828493226902,99.95698358422752,10000.0,999569.8358422752
2021-12-09,99.96664795778486,100.34832682267252,99.64583233008227,100.06935235185968,10000.0,1000693.5235185968
2021-12-10,100.07983774759161,100.38877339444815,99.66307496112836,99.67500965385327,10000.0,996750.0965385326
2021-12-13,99.67686776520883,100.17295698692188,99.11582573333895,99.23191810977653,10000.0,992319.1810977653
2021-12-14,99.20387421813408,99.64985982093187,98.48765641790621,99.17701985939343,10000.0,991770.1985939343
2021-12-15,99.18689287629387,99.25539891862763,99.01018438780292,99.02523888966931,10000.0,990252.3888966931
2021-12-16,99.10754751559008,99.56592291475837,98.32938787523028,99.0305778275087,10000.0,990305.7782750869
2021-12-17,99.01231889081787,99.73946916950057,98.01955255380875,98.73839996449331,10000.0,987383.9996449332
2021-12-20,98.7911456220303,100.04317794998167,98.70624114087732,99.59930251914425,10000.0,995993.0251914425
2021-12-21,99.56050310660778,100.51428053666615,99.35557952730035,100.3631440707951,10000.0,1003631.440707951
2021-12-22,100.34237549883798,100.68735558198627,99.42212698290048,99.79797878706613,10000.0,997979.7878706612
2021-12-23,99.84241773162324,100.20781872379288,98.48917071441765,100.00836238797841,10000.0,1000083.6238797841
2021-12-24,100.04048240086426,100.72705882407784,99.35117112749123,100.49603612222744,10000.0,1004960.3612222744
2021-12-27,100.55011316268259,100.83681213788834,99.4963629864628,100.4095932774063,10000.0,1004095.932774063
2021-12-28,100.43723981606405,101.15183368054804,100.01370202508203,100.33357521447812,10000.0,1003335.7521447812
2021-12-29,100.29453548633744,101.65318457404696,99.44443382236345,101.0711444274482,10000.0,1010711.4442744821
2021-12-30,101.07798489288834,102.92407768128757,100.1953811444759,101.49543229701412,10000.0,1014954.3229701412
2021-12-31,101.43574076067983,101.7787925011289,98.36874318610963,99.81808386553558,10000.0,998180.8386553559
2022-01-03,99.96454490764214,102.34524640684978,98.14104961874774,101.55641617008658,10000.0,1015564.1617008658
2022-01-04,101.66985183685972,105.73689632557247,99.96917589417231,100.63343097149848,547001.9433134373,55046682.303708315
2022-01-05,100.93485847338829,106.63331766742017,97.2524937037881,105.15757144308466,876899.4596765519,92212617.57933934
2022-01-06,104.9643890133917,106.11639199317706,98.1697058894113,102.28609166786751,1608072.7495601438,164483476.67010862
2022-01-07,102.22196805293777,104.04792717480665,88.33448582425017,96.36003544495675,1182070.8626806817,113904390.2263611
2022-01-10,96.2096187848656,112.9393935543422,95.5139608138678,96.81078278895899,2309346.7963960445,223569671.09027576
2022-01-11,96.66317834260204,108.60443754491061,90.96444634942326,101.99100418084464,3969708.1696617473,404874522.5287044
2022-01-12,101.92730498797638,112.29025164969727,93.79908714262724,104.0573248619163,3191116.208039816,332059015.9321256
2022-01-13,104.5980358687409,106.46794094501635,99.20575399360287,104.5160182711752,4405234.858905724,460417607.0022086
2022-01-14,104.58371324562238,108.48800266027013,98.30267780802845,100.26363552051154,4572126.091804166,458417984.0224738
2022-01-17,101.17903465993032,134.60199775993698,91.03728537470568,107.41644049260537,10814306.539802194,1161634314.9014554
2022-01-18,107.59318446163394,112.66175535593266,91.0201719872348,92.79973945873267,7522419.749804598,698078592.8810917
2022-01-19,91.64535571114865,104.67333872748969,84.4168757381853,98.19758445497924,7787205.7572981,764684795.0205806
2022-01-20,97.48690718353646,102.59106691950676,66.04083136233714,92.10561154191912,6108495.69389569,562626731.4874421
2022-01-21,92.0443865739542,93.8048082129274,86.12029994424584,90.16901122188474,2614133.7742313086,235713857.62417078
2022-01-24,90.42652643154177,90.43600989224636,85.43023711139082,87.55998021885064,1612022.0673544775,141148620.32990876
2022-01-25,87.56338103325214,88.07022245683845,85.46818810718926,85.70564007149318,2170968.269465895,186064225.10947642
2022-01-26,85.34143235078928,92.94595048478445,83.93059598162193,89.85939363958111,2103367.436449649,189007322.4406056
2022-01-27,89.88633145579355,90.5529459446267,85.59960377822922,87.66671226244273,1235962.6242115998,108352779.74389195
2022-01-28,87.63043460166045,91.73155689043585,86.92246693351483,88.27729716259475,244372.6588635734,21572557.824913062
2022-01-31,88.36470496846174,89.37610822957141,84.23270003212052,87.38757124157713,254031.4526225833,22199191.663657326
2022-02-01,87.50315912878021,90.48197037877603,86.94489296830059,89.15068303683677,108185.44931788447,9644806.701336486
2022-02-02,89.1821404081581,91.43894503080729,86.69314883054592,87.94273089167719,10000.0,879427.3089167719
2022-02-03,87.86148905194803,90.91117978115011,87.3748821674441,88.23690225553274,10000.0,882369.0225553274
2022-02-04,88.0901197362915,90.6141588391288,86.14251866662921,89.80646524828565,219387.81396663544,19702444.090892002
2022-02-07,89.75298373907044,94.07260465516482,87.30462976109054,93.53891356532021,378124.42580003093,35369347.98184543
2022-02-08,93.52486253236977,94.65148406605509,86.84975058047961,91.20572459956006,802820.9597478843,73221867.35752003
2022-02-09,91.26897507423733,93.6762407968912,87.84624172832356,89.82820556472265,415422.5158198544,37316659.14728013
2022-02-10,89.716527841824,90.40515134366441,88.31168793346849,89.82683539509615,1703658.074630936,153034213.4393995
2022-02-11,89.70607886477036,95.71755955132205,89.5993354925752,92.87686240358423,982474.298519958,91249130.23869608
2022-02-14,92.98978874143624,97.3367141068318,85.9342397808111,90.58592861310308,1214877.6305181994,110050818.31177743
2022-02-15,90.79895731744337,99.80482120160852,84.99611664906432,92.82702455003748,2046587.632782894,189978640.4321408
2022-02-16,92.89598240845264,93.06808872127621,90.95963541613754,91.30990932341744,1203213.1896750429,109865287.24596804
2022-02-17,91.0497093927183,95.14169217427374,85.92217603579026,88.72804871103827,1359729.5792981389,120646152.34580484
2022-02-18,88.67534381958068,88.95560737946158,84.32314238950288,86.16266002446358,732810.5139589399,63140903.17659656
2022-02-21,86.4080414021462,89.13630768555247,85.55881616286797,86.5923434873922,10000.0,865923.434873922
2022-02-22,86.47622172863186,90.22322324250342,83.0368690771636,87.9384385582284,10000.0,879384.385582284
2022-02-23,87.90546671700643,88.89536357665229,87.6154345436662,88.06389433253217,10000.0,880638.9433253218
2022-02-24,88.16223922510918,89.39501555714482,83.8621813430545,85.99682712085477,10000.0,859968.2712085478
2022-02-25,85.8979745494175,89.53517728823971,83.45630796102816,85.67207391311236,10000.0,856720.7391311235
2022-02-28,85.6360311720193,87.87938811725071,83.52727709154931,87.07281981355041,10000.0,870728.1981355041
2022-03-01,87.22930705479874,88.67752866896785,86.98309210752616,88.34997076264929,10000.0,883499.707626493
2022-03-02,88.46869822438168,89.55889860638476,85.92669494381765,88.83977833722656,10000.0,888397.7833722656
2022-03-03,88.63416913687648,90.8522139278222,87.60699039137178,90.70646851046233,10000.0,907064.6851046233
2022-03-04,90.76548828121874,91.502936048193,88.3867819025741,89.55074464355263,10000.0,895507.4464355264
2022-03-07,89.52625068663563,90.75511762138387,86.0866278360468,88.71836273991595,10000.0,887183.6273991595
2022-03-08,88.55786424572325,91.82506346878301,88.02954266482028,91.69335032203362,10000.0,916933.5032203363
2022-03-09,91.76436993794812,92.31068333934908,91.24114249370437,92.20770304458418,10000.0,922077.0304458418
2022-03-10,92.17846508902885,92.9622719856387,91.89967490623259,92.14187573120579,10000.0,921418.7573120579
2022-03-11,92.1395190263912,92.61614928439252,89.6690527250206,91.87317580849206,10000.0,918731.7580849206
2022-03-14,91.82243015371212,92.26451565017402,89.36251577491761,90.38303886520094,10000.0,903830.3886520094
2022-03-15,90.43862301703554,91.20694171931588,90.10862987714016,91.0701509853559,10000.0,910701.509853559
2022-03-16,91.12922992376703,92.08004513732809,89.75864638163792,89.7951499129085,10000.0,897951.499129085
2022-03-17,89.82493167719305,89.9933134736342,88.89895761225404,89.1914802260656,10000.0,891914.8022606559
2022-03-18,89.26259850283785,89.77765613101094,89.02929152372334,89.331088947586,10000.0,893310.8894758599
2022-03-21,89.3500564935451,90.17190988233538,88.80329785266318,89.93034075411322,10000.0,899303.4075411322
2022-03-22,89.92189816187438,90.20423409767825,89.30236475743656,89.93422982622499,10000.0,899342.2982622499
2022-03-23,89.95143283863212,90.57837862646497,89.60872277023792,90.16743803106436,10000.0,901674.3803106437
2022-03-24,90.17927906711559,90.35627573058702,89.6631954333319,90.145538201913,10000.0,901455.3820191299
2022-03-25,90.16910550668084,90.48075281763313,90.10225453919857,90.3733603779772,10000.0,903733.6037797721
2022-03-28,90.30501579429557,90.911740649787,89.36842454660345,89.96679333153311,10000.0,899667.9333153311
2022-03-29,89.99483446717781,90.86743463961812,89.87465450359291,90.713394234245,10000.0,907133.94234245
2022-03-30,90.77676062704816,90.81566810760759,90.43888709135996,90.50129505806503,10000.0,905012.9505806502
2022-03-31,90.53079468161572,90.91742651036667,90.03597740680773,90.75802161464154,10000.0,907580.2161464153
2022-04-01,90.74314633978982,91.86806907045779,89.10537113784878,90.21194291297687,10000.0,902119.4291297686
2022-04-04,90.2801057650428,91.36227837670879,89.99859341251056,90.84382044438557,10000.0,908438.2044438557
2022-04-05,90.88298672418163,91.61695953415766,90.87023328995001,91.09026289117269,10000.0,910902.6289117269
2022-04-06,91.24726692575801,93.49707554918923,89.97147149666004,92.56573777556852,10000.0,925657.3777556852
2022-04-07,92.65548549962408,93.43449662875973,90.77153944513442,92.03148536671031,10000.0,920314.8536671031
2022-04-08,92.02265011711852,94.57776512621994,91.58753575838072,92.99269758273655,10000.0,929926.9758273655
2022-04-11,92.8256491392753,94.18485528973672,91.09572178871801,92.71102496205187,10000.0,927110.2496205186
2022-04-12,92.76139476389788,93.39540266862994,89.93435734186272,92.55947044844756,200293.8082953424,18539088.829919767
2022-04-13,92.62174264126351,94.62803393599805,92.38280571726554,93.60165123162712,10000.0,936016.5123162712
2022-04-14,93.59030661496432,94.56691030708699,92.42249852298083,92.83520429625818,10000.0,928352.0429625819
2022-04-15,92.72024964151835,96.79625791664189,87.97433400474821,93.59422427686668,10000.0,935942.2427686668
2022-04-18,93.69461942579105,97.83346416347638,92.73061648023915,95.36879397092085,10000.0,953687.9397092084
2022-04-19,95.31292467316895,97.34930111638153,95.24879342202328,97.27404125134547,10000.0,972740.4125134547
2022-04-20,97.54047940648518,102.02089136395499,96.61558970856301,98.78790944496788,189724.3960254222,18742476.454060633
2022-04-21,98.75558935557851,100.3423289461592,98.22058513556345,98.90723250480532,10000.0,989072.3250480532
2022-04-22,98.98307952547876,99.09931217998518,93.79326043597845,97.48811316647702,10000.0,974881.1316647702
2022-04-25,97.47970247766045,101.3010286355166,95.7233758751331,99.33192006785426,10000.0,993319.2006785426
2022-04-26,99.43609852866163,102.76543608988473,96.70963123180837,97.9725468416284,173869.96939942398,17034483.72133756
2022-04-27,98.06524920666284,99.67987530717535,97.07301361142711,99.1905514796748,10000.0,991905.514796748
2022-04-28,98.92656885883484,103.70647312051825,95.47456903067005,98.45630341916282,10000.0,984563.0341916282
2022-04-29,98.3984356031435,99.50105490196485,97.46676269346746,98.25103729517929,10000.0,982510.3729517929
2022-05-02,98.19351327375874,101.01675119975255,96.90734112674889,98.01458899660993,466477.18341983453,45721569.4091913
2022-05-03,97.93940533506026,99.95702414617722,93.64549464708209,99.12616220723399,1092282.3117655483,108273753.61216427
2022-05-04,99.15986820697479,99.4695733430483,95.04204034471623,97.96685860724578,932969.249490984,91400066.54979144
2022-05-05,98.27013064014555,99.0280966002655,96.3816950490983,98.1434198491944,1029626.9761863367,101051112.61191213
2022-05-06,97.99159902912051,99.36966813344134,94.55278447642173,96.89862333175718,803180.9103672854,77827124.5009374
2022-05-09,97.03110034654343,98.75736989546839,90.04639188553153,97.6608903601851,514169.3909977859,50214240.520797916
2022-05-10,97.64034427084299,98.25450225351945,96.69004526366255,97.85329378371912,10000.0,978532.9378371913
2022-05-11,97.79366328369947,99.85986908500045,97.71609708270651,98.23557641566786,10000.0,982355.7641566787
2022-05-12,98.0232992577435,98.87175441364644,89.19853061594182,96.60978829829935,416087.66121142614,40198140.86317038
2022-05-13,96.51062605188437,98.86997609818592,92.95789812809365,97.05702752658357,564853.5429395379,54823005.865570985
2022-05-16,96.89345992866988,97.07461690991317,94.05780242787678,96.97608656370782,474379.0560967311,46003424.4080466
2022-05-17,97.08341583905406,99.26265141746521,93.63732219494395,97.80158899985206,359241.9057683131,35134429.21947614
2022-05-18,98.05962325503198,99.68123193757651,95.9989394511196,97.71107890353844,85043.62327169732,8309704.183743614
2022-05-19,97.84978937168574,98.28576190483709,94.42404348577061,95.7031866475628,722542.5678785276,69149626.23448804
2022-05-20,95.82262953029826,96.6736825265714,94.90963486600349,96.56802811013921,10000.0,965680.2811013921
2022-05-23,96.43035563522592,100.14782658203346,94.07216018237823,94.89394377969256,1009767.0900380531,95820781.47265477
2022-05-24,95.0840225876901,102.35409835770145,93.88988191986228,95.41697848806704,1315050.8386616395,125478177.58329219
2022-05-25,95.18393335762994,97.9897858929716,81.8955896276447,87.91402368842785,2917870.351666562,256521723.2161754
2022-05-26,87.6109439033041,90.30085260818956,86.00511437214878,90.10953934729116,3712137.661173301,334499014.64205694
2022-05-27,90.26717304419383,93.1855126679019,90.10198310720551,92.48774344189441,2995711.6198551315,277066607.7230633
2022-05-30,92.3092316736233,95.64775903010108,87.70076700463811,88.7513182625146,4280422.685922936,379893156.09643406
2022-05-31,89.04652496535996,94.73738906608796,83.70359585468677,90.95883003060298,4290836.141851552,390289435.3158436
2022-06-01,91.08321220918295,96.22182314316018,87.27573853548931,89.49108431571962,4152191.5599522553,371584124.9867067
2022-06-02,89.45849523207931,106.25263224539893,79.0188653434102,95.21171586546309,5012981.6491682725,477294584.41939014
2022-06-03,95.08628817996794,100.7961344274924,89.73835276663722,97.20534940458154,2238264.0936190723,217571243.27997094
2022-06-06,97.29793249911083,99.48050254894949,87.11880423310184,93.93119679345011,1160046.6350237054,108964568.76399127
2022-06-07,94.01556834091429,94.75579256322361,90.55292259794585,93.46598403916515,562002.8808877601,52528152.295020215
2022-06-08,93.49772616626926,93.62232153255647,85.45455988657514,91.3320523150256,10000.0,913320.523150256
2022-06-09,91.46121456609988,91.96547118216985,90.44450606284532,91.06658263445395,10000.0,910665.8263445395
2022-06-10,91.0303135950885,92.61318226631441,90.986957956925,91.65750229229387,10000.0,916575.0229229387
2022-06-13,91.55045648184317,92.79158388603466,91.4251413320628,92.46981428099808,10000.0,924698.1428099808
2022-06-14,92.37517040645136,92.65315276213705,91.27621851339876,92.39818505047403,10000.0,923981.8505047403
2022-06-15,92.34641263634373,93.517336677717,92.23532643319213,92.26815156880318,10000.0,922681.5156880318
2022-06-16,92.2177036456008,93.10907461284624,91.1589810394911,92.41538270601473,10000.0,924153.8270601473
2022-06-17,92.41710874799212,93.16315256418531,91.43269283446314,92.24273895987793,10000.0,922427.3895987793
2022-06-20,92.29819711435846,92.86014815200754,92.24571549432447,92.39455998706246,10000.0,923945.5998706246
2022-06-21,92.36957552522281,93.92417477311064,92.32259790082351,92.78709279071464,10000.0,927870.9279071464
2022-06-22,92.76711432054319,93.76920103189737,92.48230030300918,92.8782113855004,10000.0,928782.1138550041
2022-06-23,92.86771335795989,93.22255242546615,92.2942697975567,93.17411019318972,10000.0,931741.1019318972
2022-06-24,93.14967433082853,94.19853523446346,92.85373441750887,92.94765059019285,10000.0,929476.5059019285
2022-06-27,92.93003087802262,92.97248531439224,92.54965138602472,92.81931151600796,10000.0,928193.1151600796
2022-06-28,92.84636299565426,93.06435848152331,92.57682331481897,92.95375516981468,10000.0,929537.5516981469
2022-06-29,92.99832991097195,93.98821054616484,92.90433140738824,93.61069867095885,10000.0,936106.9867095886
2022-06-30,93.59468018648369,93.97099038894808,93.33036760974692,93.93090711272657,10000.0,939309.0711272657
2022-07-01,93.93442419412742,94.85457741426494,93.60641383651951,94.46188025995144,10000.0,944618.8025995144
2022-07-04,94.49591947752452,94.59490510406874,94.32251281608579,94.4518122943629,10000.0,944518.1229436289
2022-07-05,94.46740371727464,95.03265255605818,93.98906606152859,94.82084559786267,10000.0,948208.4559786267
2022-07-06,94.82080575848333,95.25097586334648,94.03812145569503,94.25127418159323,10000.0,942512.7418159323
2022-07-07,94.26790831950304,95.3966205176049,93.39335137187382,94.40094714300304,10000.0,944009.4714300304
2022-07-08,94.40339609718069,94.91105791111498,92.90132017425611,93.72361914694592,10000.0,937236.1914694592
2022-07-11,93.70854836982492,94.2472240178262,93.58239808408999,94.11547522988175,10000.0,941154.7522988175
2022-07-12,94.13668325791215,95.00829118716044,93.06269048737134,94.25885830233571,10000.0,942588.5830233571
2022-07-13,94.24492774418488,94.9063595009344,93.94220269947932,94.61513899934542,10000.0,946151.3899934542
2022-07-14,94.60531002552325,95.03325554049513,94.43518159863147,94.71899282541239,10000.0,947189.9282541239
2022-07-15,94.7337501462705,95.12763352815688,93.95721491034149,94.53493052882793,10000.0,945349.3052882793
2022-07-18,94.50483340546249,95.03306229943072,93.9412682169338,94.28107739172454,10000.0,942810.7739172453
2022-07-19,94.31181019609187,94.58791431547613,93.76550153807635,94.3398829064184,10000.0,943398.829064184
2022-07-20,94.31235362188137,95.88148256978029,93.76244970357986,95.1006156777646,10000.0,951006.1567776459
2022-07-21,95.05596020939777,97.63673333236964,94.22780070458055,95.42245307921783,10000.0,954224.5307921784
2022-07-22,95.46969096720035,96.2683894740082,94.78729160475442,95.00882151233941,10000.0,950088.215123394
2022-07-25,95.07076964028869,95.75656648904086,94.43466972161782,94.54118219250414,10000.0,945411.8219250414
2022-07-26,94.59717272245162,94.63098205008647,94.12386714529526,94.16474815024655,10000.0,941647.4815024656
2022-07-27,94.25575068478884,95.48789604773336,93.72524416882315,94.03203862272194,10000.0,940320.3862272194
2022-07-28,93.9753926074171,96.58676119908414,93.42351902654524,93.9727469140617,10000.0,939727.4691406171
2022-07-29,93.96393662728534,94.2989694681748,93.24286719842135,93.51585191156457,10000.0,935158.5191156457
2022-08-01,93.45603606651044,94.14180740232767,93.39014319311605,93.54397091131872,10000.0,935439.7091131873
2022-08-02,93.49094537479446,93.58723668701037,91.7412753018617,92.11489991577729,10000.0,921148.9991577729
2022-08-03,92.19971500026647,94.05985689865115,90.44878386417736,93.54654070639904,10000.0,935465.4070639905
2022-08-04,93.59291266225554,94.61945030877258,91.1810507522244,93.82726244577415,10000.0,938272.6244577415
2022-08-05,93.88919519319823,100.74270838735005,93.17776115742019,96.2486338165914,237829.41438335113,22890756.215797536
2022-08-08,96.31198275081702,98.39179982627853,95.467508244365,96.5198007744388,10000.0,965198.0077443881
2022-08-09,96.49565774504855,96.7177004752834,96.03962930927736,96.26320901482507,10000.0,962632.0901482507
2022-08-10,96.43943153806475,97.24330689656664,94.00378501416516,96.3135964700067,10000.0,963135.964700067
2022-08-11,96.22678612913998,98.68305504987414,95.8151373046337,96.48273125938988,10000.0,964827.3125938989
2022-08-12,96.5527657252393,98.25111455853664,95.44395431102241,95.82187995539351,10000.0,958218.7995539352
2022-08-15,95.77183238927208,96.03470697915827,93.61476515979608,95.3503561654434,10000.0,953503.561654434
2022-08-16,95.2627638956782,98.16378227439318,93.45458270414224,97.57509935375796,10000.0,975750.9935375797
2022-08-17,97.89533638480813,100.64538346348883,97.85589505131229,98.94427386114194,104613.27933124629,10350884.959662972
2022-08-18,98.90277716420896,101.31400833449766,97.78794651949727,97.90304995959794,328039.9396537165,32116110.6006613
2022-08-19,98.04382431287506,99.42484963626295,96.25843045197378,98.75105762313584,346923.76171426836,34259088.383880764
2022-08-22,98.59977336478099,98.74307766010797,96.29234494697008,96.69200520834518,1386465.5307037074,134060132.31599393
2022-08-23,96.45488807133404,105.57701764238134,91.55566328021266,102.46032904961288,4455021.523283872,456462971.19877315
2022-08-24,102.9591038172758,106.20454698828334,95.69937420510412,98.38498245393808,2444693.245184515,240521102.03273946
2022-08-25,98.65148120674252,115.43480069446436,93.19395584801323,103.12057219402449,5433417.637591772,560297135.7575682
2022-08-26,103.24078500302845,109.985847969101,96.66891407602178,103.15095683020878,5326063.414903681,549388537.385684
2022-08-29,103.49840708903974,117.26039152052573,96.94297780789424,103.21786952852894,4612848.39047624,476128383.3230612
2022-08-30,103.66069779873675,105.29094320713605,90.03729108764628,98.12960203269702,7268045.833230465,713210445.1703073
2022-08-31,98.52223598917296,105.72259455138258,92.9145359166691,97.0494263539305,4106074.8321825406,398492207.029627
2022-09-01,97.23787595446066,101.04590757879123,87.40476895027436,94.61300846485379,2353535.0335696475,222675030.053455
2022-09-02,94.85628238774589,98.23337641632455,87.87288981895905,92.03231105800634,2269579.5883631483,208874654.64713925
2022-09-05,92.14597138787047,96.72748377750374,84.65936275830339,93.50691501398475,2118966.7097040787,198138040.0417622
2022-09-06,93.59307122392374,107.65678532759533,93.2750571708956,103.12746250402523,3824088.928728147,394368587.60947
2022-09-07,103.42826317792439,103.9230860926773,101.31382676053994,102.04429539037139,1051638.3917555064,107313698.692154
2022-09-08,101.61538623095066,109.71088965837157,96.5248172120387,104.01583116306325,820016.520919535,85294699.99088888
2022-09-09,104.16845347033389,105.84382498045372,101.870303290867,103.73345511398679,252114.3799122612,26152695.71221916
2022-09-12,103.75206987010104,105.14891330872459,100.94651488146943,102.41898949648967,10000.0,1024189.8949648967
2022-09-13,102.46913686582732,105.50052549792663,99.97088231728407,104.70634970853727,495903.359334211,51924230.56408632
2022-09-14,104.68764455091511,109.2089940429129,104.06069616967834,105.20888935581527,10000.0,1052088.8935581527
2022-09-15,105.12703979037332,111.01170096728637,102.6251313324279,106.51308595570488,10000.0,1065130.8595570489
2022-09-16,106.585753119081,107.45141195257838,102.20823855240506,106.29788933999723,10000.0,1062978.8933999722
2022-09-19,106.2036448260761,106.69630631965819,103.57632067511815,106.09812132602553,10000.0,1060981.2132602553
2022-09-20,106.01004073324984,107.21866880472207,104.46287778401278,104.97177578853116,10000.0,1049717.7578853115
2022-09-21,104.90088058439721,105.63156942915238,104.06890527928698,104.49263593810063,10000.0,1044926.3593810063
2022-09-22,104.62598031019458,106.76808749682084,104.1051611340979,105.61195154093113,10000.0,1056119.5154093113
2022-09-23,105.61602088451221,105.86729204533158,102.88472423372087,103.74202095731633,10000.0,1037420.2095731633
2022-09-26,103.74386506289075,104.25164002315769,102.98668413198293,103.74546459264022,10000.0,1037454.6459264022
2022-09-27,103.69089454362992,104.42370117747126,103.65610493562146,104.14793889366447,10000.0,1041479.3889366448
2022-09-28,104.15204960101275,104.2897564645914,104.10163174995468,104.20417486827682,10000.0,1042041.7486827682
2022-09-29,104.2339288775896,104.42753064161317,103.99032040921996,104.29157806315143,10000.0,1042915.7806315144
2022-09-30,104.2562528485386,104.41729604404244,103.43881711412774,103.9835839130163,10000.0,1039835.8391301631
2022-10-03,103.98689494706035,104.97910405020554,103.90507874765623,104.17432433748206,10000.0,1041743.2433748206
2022-10-04,104.18210593971979,104.48006606077416,104.15575800397109,104.37274543954949,10000.0,1043727.4543954949
2022-10-05,104.39416163248701,104.63055542245718,103.59605487664726,104.15441464392643,10000.0,1041544.1464392643
2022-10-06,104.18787533759799,104.67460661721188,103.74622266827548,104.54293895392057,10000.0,1045429.3895392057
2022-10-07,104.60995216287864,105.30436309002597,103.61595872521764,104.17202433748251,10000.0,1041720.2433748251
2022-10-10,104.17246829533325,104.85085083670208,103.11173719346108,103.13311661372408,10000.0,1031331.1661372408
2022-10-11,103.13450034807904,103.92262701797794,102.98386223326158,102.98582524955727,10000.0,1029858.2524955727
2022-10-12,102.9650855063834,104.52195046873783,102.54107545737884,102.81191234568145,10000.0,1028119.1234568144
2022-10-13,102.84402345714929,103.36594931147593,102.27827622870346,102.39577024432158,10000.0,1023957.7024432159
2022-10-14,102.39488328198506,102.77270514037808,101.8024721269734,102.13092771121977,10000.0,1021309.2771121977
2022-10-17,102.14653020684196,102.41697639311147,101.71769763977001,101.85126946352617,10000.0,1018512.6946352617
2022-10-18,101.87430491351931,102.32585974509921,100.78489456674647,101.14932062955853,10000.0,1011493.2062955853
2022-10-19,101.14470074090511,102.5538414808295,100.5369253256968,101.50556616145133,10000.0,1015055.6616145133
2022-10-20,101.49984804506101,102.07749891722013,101.29020683915931,101.43768162911562,10000.0,1014376.8162911561
2022-10-21,101.44305123761619,102.76211499241356,100.84490445700003,102.28094221744692,10000.0,1022809.4221744692
2022-10-24,102.29065973670416,102.37589754264683,101.10801337837047,102.18860786764914,10000.0,1021886.0786764914
2022-10-25,102.19191724647276,102.80313760919447,101.52903185351866,102.32690744709649,10000.0,1023269.0744709648
2022-10-26,102.31867366654922,102.42862976314179,99.87995804520901,101.37004788067254,10000.0,1013700.4788067255
2022-10-27,101.36730916560244,103.96994826426452,100.71613521399276,102.03294033720101,10000.0,1020329.4033720101
2022-10-28,102.11346362381524,103.06706184873536,101.0480400663643,101.22370360444755,10000.0,1012237.0360444755
2022-10-31,101.16201390340719,101.82440210790519,97.79077621436845,101.77555016509805,10000.0,1017755.5016509806
2022-11-01,101.78683031679424,102.97556703892373,99.47868953830728,102.870353850422,10000.0,1028703.5385042201
2022-11-02,102.8732766561895,105.36736151321338,99.80031862391736,104.0717103222309,162696.36138186094,16932088.592214026
2022-11-03,104.16867578638734,106.54140915316967,102.36426608430322,103.17383305156356,10000.0,1031738.3305156357
2022-11-04,103.10487594074155,103.13753839599612,99.36468692218338,101.97641229058895,10000.0,1019764.1229058895
2022-11-07,101.93258578345927,105.67258825558547,97.01655697460359,103.51164566730036,559660.620447146,57931391.83766645
2022-11-08,103.42576818848232,111.65741377210233,98.44622315820949,105.59876307566695,428924.7257639204,45293920.49323965
2022-11-09,105.81405441917104,110.72886048408809,100.32577598484215,109.50976296956397,1230216.6602035924,134720734.86010402
2022-11-10,109.70762929395619,110.49019732163104,106.46260484781632,109.17882901169891,2425184.4303545547,264778796.24351436
2022-11-11,109.35476870788926,114.28801476419909,101.99829321068998,108.55641951863227,3590654.996258275,389788650.1204863
2022-11-14,108.65539202111087,127.78122935292109,94.54959165839641,120.50934480047188,6997767.143033562,843296333.4732445
2022-11-15,122.04174310850699,128.21463840839525,108.32448572570355,115.90102024564122,5508985.307853214,638497017.6984354
2022-11-16,116.06062228318402,124.70569003660455,114.39079138542273,119.4056723910838,2829563.8236998124,337865970.9423622
2022-11-17,118.46464626933935,127.33482245916585,115.56871055477355,117.29095197805253,3414902.6946438192,400537187.9671904
2022-11-18,116.78992687003645,122.55087894720627,107.97703198244052,111.7967366480687,1545724.5988335842,172806965.90623987
2022-11-21,111.41936502093112,119.11341172512952,102.29108963296645,108.3878033211247,1148115.8950883104,124441759.82668881
2022-11-22,108.2937409183679,110.1608010552228,104.95826745282164,109.28623831147407,927617.4692003727,101375823.80091839
2022-11-23,108.99098678683623,116.13674818141659,108.8072463315649,109.53655165172577,453229.69263614475,49645217.637534864
2022-11-24,109.54084304281079,111.12944029488057,105.55160336171045,110.76494910818633,1453426.357173014,160988696.48476553
2022-11-25,110.27094907966658,117.66606202848726,109.14297684868713,109.3074272792927,2308619.9377006935,252349305.9557438
2022-11-28,109.29333124983033,110.77924313503193,104.36327289756314,107.74341434774972,1919619.6716017814,206826377.667482
2022-11-29,107.51895790323404,108.8783088109619,99.48190112604019,108.7107700230685,2031913.4643812713,220890877.33312878
2022-11-30,108.82696680569063,112.50840703048021,104.50255040521772,108.12413030676214,1094486.7030225806,118340422.89663199
2022-12-01,108.14875122229382,110.78850406459004,102.37384362629832,104.78079577772745,413691.57591792895,43346932.531222746
2022-12-02,104.60092856998536,106.83971451245377,101.67834972589061,103.92884661359545,577852.870655506,60055582.3595819
2022-12-05,104.38043643655412,108.81377952323155,102.95362559417724,108.47150382926563,1811247.1230254574,196468699.24100226
2022-12-06,108.12276282058035,109.47348446878182,94.95168850506232,105.9385685557723,1619981.6132058704,171618533.18970072
2022-12-07,105.76468788536837,112.93506229289977,104.99629035771935,107.78150610217425,2001979.215016093,215776334.97968304
2022-12-08,107.17199569289268,121.94061681783506,101.58935426972363,107.34778489448986,3954993.953303296,424559840.15821034
2022-12-09,107.81169216107769,116.60175008238699,100.99277110750018,110.98306913629938,3180728.7251392817,353007036.0059463
2022-12-12,111.57462660681651,121.78738314292409,101.27355658614292,105.29758715213573,7551381.442505898,795142245.5612853
2022-12-13,105.25413667738756,108.6622958753688,93.81357738146325,99.73093446918577,4820865.865783302,480789457.74516904
2022-12-14,99.13663411433987,102.89472460074818,97.07332766802067,101.02651843889274,1029712.8115660788,104028300.34444454
2022-12-15,101.18359925039579,109.2115708441448,96.96074464924092,99.66917583599319,802836.421054906,80018044.41766089
2022-12-16,100.07923220412353,102.72429684904972,99.57433035280744,99.74375039894262,1333706.4050267814,133028878.76846236
2022-12-19,99.5451934088343,103.93469428303236,99.08680101645979,99.17028853680634,1146919.876022403,113740375.03373985
2022-12-20,99.28629835577134,103.84588740686236,98.67544672816575,101.87137411080245,1431024.9809972025,145780481.20106998
2022-12-21,102.11220775852762,108.73225597994494,100.11943700782119,102.67073258546411,1511720.2628996728,155209426.8561998
2022-12-22,102.67967866423655,106.60632501498462,99.20453786375717,103.11133774224952,1491758.3893098459,153817203.10996166
2022-12-23,102.77885435731237,103.611115922714,99.49225930892949,100.35821698269463,2008974.991430123,201617148.10275137
2022-12-26,100.3183288533902,101.11510279512036,93.87703166171512,97.42955906227124,670363.5997847386,65313229.93842395
2022-12-27,97.29502800538955,103.05276704250728,95.33959463843638,95.87932855688281,870347.361668028,83448320.64798498
2022-12-28,95.94898880133267,99.24814527278151,94.33729369892912,97.24634361486,10000.0,972463.4361486
2022-12-29,97.05964858731558,100.10661583428535,96.18687613815901,98.20289845940313,10000.0,982028.9845940314
2022-12-30,98.2345988098855,99.46567342285769,96.44170715698306,98.73565635573934,10000.0,987356.5635573934
2023-01-02,98.73926220651867,99.22887361749872,97.45393563646175,98.624574716715,10000.0,986245.74716715
2023-01-03,98.5714765998691,99.03333281986708,97.99058060969337,98.40481650907375,10000.0,984048.1650907375
2023-01-04,98.36333662874077,99.35864358452586,97.22230022548716,99.02724396117459,10000.0,990272.4396117459
2023-01-05,99.04414293266098,99.30218191934159,98.78221215547651,99.20350416335893,10000.0,992035.0416335893
2023-01-06,99.24403039433786,99.95617470046581,98.16412815733946,99.48727740052125,10000.0,994872.7740052125
2023-01-09,99.51443804038104,99.92241574120969,99.19362247031849,99.27387680170703,10000.0,992738.7680170704
2023-01-10,99.36660406107072,99.65542379455417,98.62692213075171,99.15049063019251,10000.0,991504.9063019251
2023-01-11,99.15604481909011,99.48003533088107,98.53678585829783,99.46575455736232,10000.0,994657.5455736232
2023-01-12,99.42688346510946,100.34879330897566,99.42057414772478,99.79972802719026,10000.0,997997.2802719026
2023-01-13,99.80017237389298,100.147690976677,99.51913477385091,99.54850993938174,10000.0,995485.0993938175
2023-01-16,99.5246603987442,101.6472192931274,99.29418292535789,99.72787235860929,10000.0,997278.7235860929
2023-01-17,99.64997038197495,100.5292388905169,99.10348447286071,99.41944777704508,10000.0,994194.4777704508
2023-01-18,99.45272437227709,100.81811374604256,99.16853122673218,99.9063597427938,10000.0,999063.597427938
2023-01-19,99.87401301180176,100.59534990345658,99.56764546560109,100.19289760027183,10000.0,1001928.9760027183
2023-01-20,100.16029901937175,101.3816529345703,100.07062326073019,101.05262497510381,10000.0,1010526.2497510382
2023-01-23,101.13249431317543,101.91931676593946,100.38465338790388,101.769481731902,10000.0,1017694.81731902
2023-01-24,101.73517589454784,104.56167673920753,99.30117804554489,101.42375733719244,10000.0,1014237.5733719245
2023-01-25,101.38162928546244,102.55908639564866,100.86858182529738,101.53429106019792,10000.0,1015342.9106019791
2023-01-26,101.62042473311072,102.3414996637465,99.62887341855962,101.03930716036422,10000.0,1010393.0716036422
2023-01-27,101.29624293836669,101.59749717494353,96.35874725909247,101.26967251414581,10000.0,1012696.7251414581
2023-01-30,101.08454264685683,103.43847850508064,100.6308021883438,102.06952191649891,10000.0,1020695.2191649892
2023-01-31,101.95459202310217,102.9770332360391,97.79363250502828,102.05314901492079,10000.0,1020531.4901492079
2023-02-01,102.01394438490632,102.52994549762099,100.6498401306767,102.08061426710886,10000.0,1020806.1426710886
2023-02-02,102.16183080829695,102.40318682793915,97.63578609715347,100.63472726899438,10000.0,1006347.2726899438
2023-02-03,100.67943890333385,104.76064961192624,98.05326789294972,101.82258437007674,554326.8864162943,56442996.16072507
2023-02-06,102.1617924296601,102.28705430444705,98.89369407051274,101.7770489483879,1714401.9065092842,174486766.75600496
2023-02-07,101.31629773313242,106.62091933496765,99.3485953766612,103.77136944027983,1953961.3781520145,202765248.044251
2023-02-08,103.73216828570136,107.17005784785849,103.38324574749225,106.73785884346158,2101985.4222212704,224361423.28806794
2023-02-09,107.04693858210605,111.35435940780633,103.58792851330332,106.63507751678607,858318.9143428284,91526903.96507117
2023-02-10,106.14878935211213,109.16029704968108,102.28696352176988,108.3412713073668,1317807.248934785,142772912.6876582
2023-02-13,108.58767681484558,110.25420398021875,106.31208546399331,106.70360517135134,764584.6702259904,81583940.77186194
2023-02-14,106.51354769741297,114.08786919736747,102.73458043732047,108.68963803521319,843153.1108698928,91642006.42871262
2023-02-15,108.74282774413277,111.92199876711013,106.12144193467199,108.41396757542532,743079.2269927714,80560167.22116643
2023-02-16,108.19447366368661,109.33379798721653,103.63692521227196,106.9860014489811,502282.44771213917,53737190.67872869
2023-02-17,107.15062152290709,117.09700275095818,97.43419527868384,106.1982526009634,1484174.8940007086,157616780.29709533
2023-02-20,106.52391454715212,116.47461902477934,90.7652173152913,100.09746045668928,3093023.0312169883,309603750.5588717
2023-02-21,100.0244009688914,100.66136444483955,96.4129644692226,97.44247067373949,4643418.834846172,452466203.64038765
2023-02-22,98.116067959892,101.60284166818019,85.34376486196786,95.82897720823401,2952668.3462687605,282951187.65806305
2023-02-23,95.51506467232913,100.40926731915445,89.15172583291796,96.12617422435729,2240300.9479580573,215351559.238409
2023-02-24,96.34825344219072,98.12113513721133,94.52550495458146,96.12510459121168,1341235.9125970611,128926442.37988175
2023-02-27,95.91146004871428,96.014935022907,93.65485536372665,95.13200334388986,486115.18397427164,46245111.307356045
2023-02-28,95.35806926450215,95.5122394408976,94.85953863581273,94.90783131131583,1511830.3639406841,143484541.15220767
2023-03-01,95.12367503110201,99.32454638289299,85.83609941963321,89.62438224595266,1480926.0640929576,132727083.64626142
2023-03-02,89.38726653710488,98.90909302591967,83.78756528919769,90.30183435184904,3429993.5738219717,309734711.53117836
2023-03-03,90.86228452418582,98.07815467330276,89.08413885735946,92.69757852208238,3607840.3127735443,334438060.6884599
2023-03-06,92.67895850574538,100.02813853888817,87.56652406468096,95.60758771872332,2008637.0987642687,192040947.61518675
2023-03-07,95.26995570267535,102.06536537070629,93.80987504965879,98.46704662695542,1481025.3588084478,145832193.06149483
2023-03-08,98.39006468851079,98.89735210365052,93.5887287585148,98.06015608079815,1056045.6553039157,103556001.78755075
2023-03-09,98.20579672193222,101.38467952925869,94.29722554966557,98.00895998715706,269790.14214726,26441851.24664022
2023-03-10,98.01927128012254,102.66730038298411,95.9098590464059,96.75895433849804,2265885.0941965226,219244672.36564466
2023-03-13,97.02156351654327,97.5527868007826,90.9950386397959,95.48050473833949,2620369.632876442,250194215.14806002
2023-03-14,95.83771922202308,98.70549564496437,92.06380333898001,95.94881128338058,1984655.6126284113,190425346.8385855
2023-03-15,96.28590173645544,107.87974047709123,95.73865534614102,101.75950781937202,2852462.463076949,290265176.31594396
2023-03-16,101.95872561080354,104.30643166381957,90.8356043805678,95.62584469176542,3564288.475811191,340838096.2245702
2023-03-17,95.70526519511304,97.61767584398913,92.22149551056,93.90618254890242,2895371.458616678,271893280.73973966
2023-03-20,94.06091915615535,111.63335566064491,91.57462273150054,94.99261304028308,2378749.551073063,225963635.62483057
2023-03-21,95.47682162008836,99.63437705329288,90.82231041265668,91.84562885222157,2377300.767481031,218344683.96016425
2023-03-22,91.68752576256983,103.67721218565562,90.40478922978103,93.20958390149336,1954518.738036812,182179878.30008316
2023-03-23,93.15719853151998,108.41025613736808,79.71583065192637,89.5570744437291,2084900.7876161123,186717615.04432562
2023-03-24,89.84086051314277,99.20582314681457,84.27916451449966,88.60608789242283,2496064.4915530058,221166509.72370136
2023-03-27,88.38830587325424,93.49669248338249,83.2643103177363,85.27957914655435,1364159.8985295368,116334982.03520519
2023-03-28,85.39078921811237,87.09249870965657,84.98340287536077,86.01521357985287,10000.0,860152.1357985287
2023-03-29,86.0207177210006,88.49776706771598,82.95468598117617,85.25406363767314,325645.4391433129,27762596.992042016
2023-03-30,85.32270995435479,88.43730773501608,85.21791975232586,86.55133132203038,251597.90638264822,21776133.755253766
2023-03-31,86.45968326331682,87.1128962082023,81.4540759604348,86.44869074905279,331300.67415097053,28640509.524629958
2023-04-03,86.42422157116987,87.17847234310955,83.38769179898756,85.60955901346429,10000.0,856095.5901346429
2023-04-04,85.80069853173721,88.46202317605868,83.90021528541564,85.30487390447304,663840.0809641639,56628794.39938317
2023-04-05,85.08320731404547,87.00650003386188,81.69708255115734,85.90967701090244,1363774.752872754,117161448.53492159
2023-04-06,86.03729225206796,88.25313264162752,85.74942060829474,86.23212583704148,10000.0,862321.2583704148
2023-04-07,86.36825171316994,88.31985600983572,85.25367605598387,86.24243927039892,10000.0,862424.3927039892
2023-04-10,86.25134090283424,87.60523843515828,85.7074707324079,86.27614454482058,10000.0,862761.4454482058
2023-04-11,86.1910311415613,87.43289810182944,85.80277029873946,86.60756323337259,10000.0,866075.6323337259
2023-04-12,86.57057253818532,87.3219501116622,86.50435026947899,87.20925092048904,10000.0,872092.5092048905
2023-04-13,87.22251645583141,87.4192880886957,85.84046932761707,87.30941140647752,10000.0,873094.1140647752
2023-04-14,87.3400241579838,88.05390951978835,86.71321331629575,87.7156384281761,10000.0,877156.384281761
2023-04-17,87.67607227318322,87.92289837496185,87.01811840111237,87.59646356849774,10000.0,875964.6356849774
2023-04-18,87.60735790966996,88.59251133149779,87.57457065081935,88.12244106414192,10000.0,881224.4106414192
2023-04-19,88.12971644488863,89.15836416835026,87.57802603015278,88.46553660369206,10000.0,884655.3660369206
2023-04-20,88.42240755852835,88.63859263905798,88.33017838209149,88.586034966515,10000.0,885860.34966515
2023-04-21,88.59156134503878,88.84934205264896,87.66280894972421,88.70437760364507,10000.0,887043.7760364508
2023-04-24,88.68285941444226,88.87721200807913,88.17621601413668,88.41812363889386,10000.0,884181.2363889386
2023-04-25,88.3751336766608,88.9398023672532,88.29065664505009,88.6554093728511,10000.0,886554.093728511
2023-04-26,88.70756512862505,88.89166297049026,88.6755916608587,88.78281346297496,10000.0,887828.1346297496
2023-04-27,88.76118361455138,89.43750893972884,88.24082995244588,88.56803130701658,10000.0,885680.3130701658
2023-04-28,88.50054913579993,88.84849647604814,87.06582478543581,88.54479328182946,10000.0,885447.9328182945
2023-05-01,88.46330202190398,89.96593636155241,88.2523705806295,89.06036827827847,10000.0,890603.6827827848
2023-05-02,89.14902135801574,89.58454382690054,88.91797810173904,89.30495013136832,10000.0,893049.5013136831
2023-05-03,89.3480435369868,89.87440613880874,89.26555987148919,89.57656212344047,10000.0,895765.6212344046
2023-05-04,89.60491550658706,90.2941463770045,87.1620865325971,89.43452137973398,10000.0,894345.2137973398
2023-05-05,89.36720429561029,91.76192209523978,87.26825663628883,90.2630039597229,10000.0,902630.039597229
2023-05-08,90.29378442367805,90.9489294653544,89.4386912797637,90.3468053748306,10000.0,903468.053748306
2023-05-09,90.35353771202779,91.52387441937245,89.46532208463907,91.12952777280074,10000.0,911295.2777280074
2023-05-10,91.19739048723893,93.29781078897406,91.01179730430239,93.23468095029742,10000.0,932346.8095029742
2023-05-11,93.1084718536352,95.1526468127983,87.98226512566693,91.5029048281222,10000.0,915029.048281222
2023-05-12,91.56036636800039,92.31168398733749,90.16880586527095,91.16785430579854,10000.0,911678.5430579854
2023-05-15,91.25038261279562,92.55902009435843,91.11547925728736,91.23937680551208,10000.0,912393.7680551208
2023-05-16,91.13244266380158,93.7791197733436,88.90551521834723,90.4112403513689,10000.0,904112.4035136891
2023-05-17,90.27403435186393,93.7273182464091,89.79155870804482,92.01887008219398,313806.1902430393,28876091.05096248
2023-05-18,92.00206275080554,92.28636869782984,90.3865880022205,91.51702512156442,250533.18270649234,22928051.575535547
2023-05-19,91.27997941422126,96.0372339126273,90.79442813269297,94.55438137792952,555829.879712691,52556150.42760247
2023-05-22,94.51468595430903,96.08970102102971,92.1135234650649,95.55388879148967,31846.163687367916,3043024.7834183304
2023-05-23,95.49688648582621,98.1474816280528,92.06029393244694,96.28066497866668,1039800.3374780819,100112667.93743175
2023-05-24,96.62640679007933,98.64264789473144,95.44468270749488,96.09362539730968,1627071.343698463,156351184.1960574
2023-05-25,95.81511195166728,100.08789076738535,95.5187578781638,98.33437646309766,1502116.6384077189,147709703.01266736
2023-05-26,98.27325031949246,105.35876170389575,97.46259154399408,99.08902699492482,830823.5957105098,82325501.70337921
2023-05-29,99.53862153096608,104.65836899014327,95.08928745150529,103.96174250076575,1951464.1589329597,202877614.39046177
2023-05-30,103.66849758894237,107.49337497847027,101.30827671953395,104.29640784213707,274644.47855714685,28644432.547187258
2023-05-31,104.4425440151774,107.14741126884236,102.02756512028023,105.37512116806987,10000.0,1053751.2116806987
2023-06-01,105.31891626909056,105.78596851716367,104.38537556508994,105.45979579444574,10000.0,1054597.9579444574
2023-06-02,105.55198042972356,109.89246897796373,100.55493624901366,105.58078718039421,52641.89507822867,5557972.721027102
2023-06-05,105.57958314800857,106.08716405868556,102.02187451309119,103.42382109727232,10000.0,1034238.2109727232
2023-06-06,103.50645751262695,105.60447986348888,98.82389192595988,103.12833115334949,10000.0,1031283.311533495
2023-06-07,102.68384230808438,107.76897862629819,102.37358377122122,103.35901004796406,10000.0,1033590.1004796406
2023-06-08,103.26479386360518,104.90907640748014,101.10423854978573,101.5557900474136,10000.0,1015557.900474136
2023-06-09,101.18325773030601,102.39414008272297,98.58596637261648,99.0174741152638,212390.8947039545,21030409.91866653
2023-06-12,98.94383321056299,100.57646521263392,96.07015948507986,98.15403244576248,1024079.4744408898,100517529.96131049
2023-06-13,97.97648231161098,108.2803015410864,91.34766796099815,98.8568220918808,1478998.8183626237,146209123.06097582
2023-06-14,98.872837510543,99.81788489876229,92.15150783968974,94.62817368139231,1740043.892631717,164657175.68520007
2023-06-15,94.84983672666145,95.78382093635281,92.66572673581561,95.07678446225245,10000.0,950767.8446225245
2023-06-16,95.18219301283514,104.91778631830161,91.00601612612725,97.00567531243013,969855.3597716299,94081474.13002685
2023-06-19,97.08171944308704,97.98170287703168,95.97539143138478,96.50288535804094,667081.5758906842,64375296.84263998
2023-06-20,96.57679953681318,99.74107333789868,95.91833359899013,96.74908281002962,10000.0,967490.8281002962
2023-06-21,96.72067299154905,97.98803143478449,96.12273438181325,97.2799334703371,10000.0,972799.334703371
2023-06-22,97.5526760748409,97.98114004267454,92.98542121704521,96.06003526593994,504140.9508640676,48427797.51900683
2023-06-23,96.17283243156587,97.1558424485761,92.92688106144183,97.07952266334115,310862.00227506383,30178334.795033667
2023-06-26,97.08678227455367,98.0515452466948,94.7787639158262,97.5778681914748,10000.0,975778.681914748
2023-06-27,97.84157223998047,98.17334089102653,92.1244947228818,94.94357358683109,1072442.7209628923,101821544.39540173
2023-06-28,94.8649072786483,98.65528226978591,92.03759424929251,96.14341704089837,1210928.6251147927,116422815.8111732
2023-06-29,96.03072739811584,98.5155201268679,95.49389820978956,98.14682662877996,1302139.36971678,127800846.96610162
2023-06-30,97.91093438204997,101.0159583571244,92.67455954210305,95.17036463399414,1360417.7693991563,129471455.16828266
2023-07-03,94.97955759859146,97.43662417630978,93.67404123471378,96.3818640532351,10000.0,963818.6405323511
2023-07-04,96.23137254318254,96.38468416517532,94.74169811270448,96.03344194114607,10000.0,960334.4194114606
2023-07-05,96.1648691460627,97.85764958448343,93.02318943623916,94.56712780543923,10000.0,945671.2780543923
2023-07-06,94.49303633237773,94.63221982591699,89.60344729925156,92.80789603223288,428032.62987930997,39724807.81224222
2023-07-07,92.80429507512487,96.15272097943533,91.64739378951815,91.77047861640551,10000.0,917704.7861640551
2023-07-10,91.84226295012331,93.1110836714739,90.87475347657919,92.43151020580606,10000.0,924315.1020580606
2023-07-11,92.42257111768535,93.51641045227579,91.32819079465713,92.25110234603896,10000.0,922511.0234603896
2023-07-12,92.20825473980729,92.36652634899488,91.68901921208182,92.19301551818657,10000.0,921930.1551818657
2023-07-13,92.16153918569452,92.43855166627138,90.98851039408986,91.83655129864731,10000.0,918365.512986473
2023-07-14,91.82062659553863,92.36036031415264,91.41613686751457,91.96649955025785,10000.0,919664.9955025786
2023-07-17,91.99740818756756,92.14170245419247,91.45330195668825,91.70804955444767,10000.0,917080.4955444767
2023-07-18,91.68559166666493,91.75238117830216,90.6497911515469,91.54771353027901,10000.0,915477.1353027901
2023-07-19,91.52500337087174,92.2267064790022,90.63601643553623,91.91244431824018,10000.0,919124.4431824017
2023-07-20,91.9320478880646,92.3887757437666,91.3981597955471,92.27291208264778,10000.0,922729.1208264778
2023-07-21,92.27370332693033,93.15039362736785,91.41747524483023,92.13918564274573,10000.0,921391.8564274573
2023-07-24,92.14138231728144,93.55640536529937,91.97687991306513,92.2165218476704,10000.0,922165.2184767041
2023-07-25,92.22318658231748,92.73132296573627,92.18107441334482,92.47089237864297,10000.0,924708.9237864297
2023-07-26,92.52240439819386,92.89855122587271,91.87056508225469,92.5510967300382,10000.0,925510.967300382
2023-07-27,92.54060412661504,93.07491614778421,92.52295580210333,92.99574901992995,10000.0,929957.4901992994
2023-07-28,92.98132059028735,93.46832085845949,92.87789933928933,93.46713361654308,10000.0,934671.3361654308
2023-07-31,93.52223301883957,94.31567865792644,93.16273994199399,93.48599159487051,10000.0,934859.9159487052
2023-08-01,93.45790220900483,94.17986441766381,92.64649071021611,93.15418606279553,10000.0,931541.8606279553
2023-08-02,93.10087648775294,93.87199871433248,92.56162423556991,93.16185328077273,10000.0,931618.5328077273
2023-08-03,93.18794502068843,94.05433196605192,93.18699687953712,93.62688665149805,10000.0,936268.8665149806
2023-08-04,93.61010970488209,94.16983125859753,93.34286076162803,94.04784805010249,10000.0,940478.4805010249
2023-08-07,94.04671565865206,95.63153223805621,93.54502581130743,94.53166939774518,10000.0,945316.6939774518
2023-08-08,94.53544274408888,96.02050779756333,93.23519856147074,95.08466252109667,10000.0,950846.6252109668
2023-08-09,95.01439275476409,96.11112603114789,93.85303512991615,94.76304285265181,10000.0,947630.428526518
2023-08-10,94.81597358378158,97.16900228519768,94.0535695102705,95.05933184504215,10000.0,950593.3184504216
2023-08-11,94.90152602020925,97.14692701831677,94.58934590511213,96.45800802521471,10000.0,964580.080252147
2023-08-14,96.57552154531179,98.20259948613248,91.57076889435699,96.77819782423627,10000.0,967781.9782423627
2023-08-15,96.92736974587258,99.52777492510972,94.49813980177724,97.87830585957174,10000.0,978783.0585957174
2023-08-16,97.81028475140084,98.05679447417121,94.88523301282666,96.81303926638614,10000.0,968130.3926638614
2023-08-17,96.97857807418484,99.00701218648011,89.08389611537504,94.91407716383591,157422.93183148743,14941652.299211077
2023-08-18,94.95040924450024,99.9935586022018,94.7146797168367,99.38698667864573,1171873.2421013569,116468950.30178893
2023-08-21,99.73006884838787,100.74739784957545,99.67028437947953,100.68928814195188,439675.40736572514,44270603.78117757
2023-08-22,100.69285156842768,103.3001726556785,100.24579686841228,101.95739265976731,883789.1845717288,90108840.91983531
2023-08-23,101.46324936373543,106.70732267093786,97.66337631199002,105.79882010159496,1306916.2000327548,138270191.9351255
2023-08-24,105.30941858200713,114.29307363555813,96.63826444764086,111.51786429352735,1500892.8163243218,167376361.40998578
2023-08-25,111.75573870133935,120.53311646853437,107.91089324554537,118.96490218501539,1210031.2478987165,143951249.0470829
2023-08-28,118.79203235812123,124.43008048136824,103.0250684292502,109.74538062181797,2288421.4014047664,251143677.72028017
2023-08-29,109.84034683842864,117.9027728802588,107.94774224167827,110.26726494177697,1280809.921996288,141231407.0088214
2023-08-30,110.00300003189652,113.04455554763464,108.7004720037815,112.2267760094655,684561.719181149,76826154.72319743
2023-08-31,112.0808569662197,113.21354969354948,100.98463152932138,107.09978358346774,823025.6497352847,88145868.97029191
2023-09-01,106.5484926342628,107.73111098521925,97.9054935627887,102.4819362454658,1026788.773982436,105227301.672828
2023-09-04,102.56825326441539,105.2356424392029,100.64446024566871,101.91869152425095,977042.0246580356,99578844.71735191
2023-09-05,102.11561139777332,108.8416357072244,102.08108389763157,106.7247967518008,1791073.3289221653,191151936.99678934
2023-09-06,106.47441591643792,124.13711261058917,98.85984105151272,109.44591250685801,1573241.4998704046,172184851.54697436
2023-09-07,109.57219033939286,118.65118917530569,106.35218774475624,114.84768685929139,1198322.0215049058,137624512.28238845
2023-09-08,114.62962630485178,116.98646107178456,104.99736650082636,115.09640095525178,1424751.2102373438,163983736.55495754
2023-09-11,115.1847744610498,119.4076489354782,111.95280397916412,117.33216393003359,1141637.2867382015,133950773.27620542
2023-09-12,117.13741920523073,123.4488225595035,116.0901442679562,122.94900606623173,3298237.886288679,405515069.88918215
2023-09-13,122.6823830895909,125.87561222394167,118.80059331333459,123.42224134987283,1013282.2805546855,125061570.18616995
2023-09-14,123.54391803771065,124.10667717285443,122.33029078913727,122.49284070401131,1190666.6583718457,145848141.31551996
2023-09-15,121.84099897066372,123.70797576660739,118.72696629432082,122.0994448454581,1991884.6149114182,243208005.67689323
2023-09-18,122.66457858100736,123.4877524890217,100.69281889318019,110.24202784639958,1672982.311193561,184432962.53713447
2023-09-19,109.81479207558768,111.11087803362823,109.38913526839042,110.77155829665715,1211824.3701366894,134235673.8619061
2023-09-20,110.30374196126232,110.62410652821411,100.5693504868557,106.2237468044377,871282.9293360251,92550937.28081872
2023-09-21,106.27914042281694,109.73706582786753,103.67897983846298,104.09730461502808,1360906.628649312,141666711.87511835
2023-09-22,103.90621497820523,106.34509687036945,102.21586974990178,105.24932093046253,296172.6093326016,31171966.010459486
2023-09-25,105.34846610168341,106.62812180589165,101.1713729170989,105.81765654317508,360908.8734916998,38190531.21852891
2023-09-26,105.56509221806452,106.66580968429004,101.92671335932889,102.23067976285331,311027.7158617358,31796574.817632847
2023-09-27,102.39840351807709,103.31047929787721,100.82843271961895,102.81559460202791,10000.0,1028155.9460202792
2023-09-28,102.97405733539489,110.52476721411367,100.36104143057203,103.73957347736685,10000.0,1037395.7347736685
2023-09-29,103.61085999948514,104.19025133435413,103.135750828001,103.8880539566204,10000.0,1038880.539566204
