Date,Open,High,Low,Close,Volume,Turnover
2018-01-01,100.0,102.12236388599905,98.74179453569984,100.53618542330169,865837.6178664749,87048011.29629375
2018-01-02,100.45592623296605,101.85968692145268,98.99408405545832,100.98021664698791,1772764.8025634917,179014173.82701614
2018-01-03,101.05521513492094,103.3069462837544,99.53455862909904,102.83517472123995,2206297.8948483723,226885029.50383624
2018-01-04,102.90330725833094,106.80572636285875,102.02493314223744,106.42192835735271,2722104.034486899,289691560.53942555
2018-01-05,106.55753622580276,111.53478262679872,105.47817680916864,109.96848519074159,1645775.8650924594,180983478.84770006
2018-01-08,109.94198720915529,113.33298567166452,109.24819817820232,112.20913736069636,2269638.0755016715,254674130.5730336
2018-01-09,112.03559305909944,113.48994666704985,109.18694220004258,110.02613854097771,3690037.10727331,406000533.9862018
2018-01-10,109.86479420952384,113.0183221605732,107.21859743835289,109.36557594295971,2426331.073735924,265357095.30742916
2018-01-11,109.52219380197272,111.70715628951721,106.86135090595774,109.84125925271951,2698273.018247295,296381706.1319191
2018-01-12,109.86403679267048,115.68853857026349,108.14788998432253,114.31357873779572,3267664.9552087,373538475.1459855
2018-01-15,114.39564482487856,116.53398109851216,114.39420932193462,115.92885198921883,4735301.071642454,548958017.0588273
2018-01-16,115.73333770533971,124.06831650284552,113.31081317556071,118.86024512901365,5411057.2351164,643159589.3730581
2018-01-17,118.89994720681015,123.56273015154495,110.13650148931475,118.37213004473985,5109552.669646907,604828633.0818913
2018-01-18,118.42238457690706,120.42642770359117,114.82143372787219,119.73389498902878,4600902.589433172,550883987.497942
2018-01-19,119.87143326145534,122.19088817279396,116.88125436579486,121.34648102978336,3290671.753404864,399311437.4997873
2018-01-22,121.05214452759506,123.81432299452557,119.30445771131306,120.43104782363281,2540907.769224728,306004185.07094336
2018-01-23,120.2503030048996,124.4300460289086,109.83778796756177,122.27635735016808,4229079.2297560265,517116403.1598215
2018-01-24,122.69498038461455,126.86401517097973,122.21650920738252,124.8963589027132,3316082.1979488158,414166592.34591335
2018-01-25,124.80590593261624,127.11160926166755,124.17084328662266,124.53235029312746,2640778.438443274,328862345.5427559
2018-01-26,124.51638796013728,129.93722359470235,121.3030162990746,126.48395267058416,2516931.533057369,318351448.9023291
2018-01-29,126.41012054988417,137.35453415178395,124.16821829841933,129.57526014374935,1677157.6130558543,217318134.01378202
2018-01-30,129.28292230137228,130.08566218669952,127.90247738216368,129.7048211890641,2370400.294761537,307452346.37855
2018-01-31,129.50370610742,130.90114411433913,128.907487061979,129.70542352936846,2494162.2543895333,323506371.55655885
2018-02-01,129.8039003683205,133.62214394591905,124.9736717778825,128.88553207109547,3481128.630490078,448667115.7486376
2018-02-02,128.6574362157054,135.18350297252817,123.92437903301368,126.8007261846638,4187962.0162665043,531036624.89638156
2018-02-05,127.13738649683381,130.10869167824976,125.6413468099132,127.06032254946864,1948915.6814906537,247629855.11191994
2018-02-06,126.89929183115076,129.51387731143362,125.32683656387542,126.61844461002075,656671.8987289878,83146774.4361735
2018-02-07,126.4048917951329,129.3891547784531,125.97693471664547,126.2759003410375,678826.7503030903,85719459.07010338
2018-02-08,126.23453040342635,126.83279448882377,124.24140799254224,125.46215739870983,587261.0306003024,73679035.85530369
2018-02-09,125.31865045703071,125.9842837365234,119.0453170526167,123.6528874836611,971953.5929499314,120184868.268378
2018-02-12,123.83383625346613,127.26648377968888,121.25508703666932,122.43062257713026,1032549.203738743,126415641.85525443
2018-02-13,122.33188863355899,125.14749369579809,120.00603915619591,123.19511683020879,4496470.273214222,553943180.6321869
2018-02-14,123.28654446019047,126.51595180732515,118.61659263817948,121.11792153763083,2244147.1571621294,271806439.3000601
2018-02-15,120.8876841014857,123.05574109207477,119.63106787561819,120.07078229338148,2571341.318547144,308742963.66125065
2018-02-16,120.25318946500049,130.68999528365237,113.23980478887742,124.69116040363777,4065242.5050442023,506899805.27615285
2018-02-19,124.90154635674756,130.52380976241687,121.79755194931457,128.48851430707967,4453747.620027591,572255414.7960371
2018-02-20,128.9731230479353,137.31030249414283,107.5791966012534,125.7926782749992,7171495.236117534,902121592.9876225
2018-02-21,125.86196876539208,130.86677132497323,125.70629251390474,127.77005136699367,5793664.0684938375,740256755.6345631
2018-02-22,127.87852418835614,129.1827504129667,124.8715905041606,126.39316582920796,3769091.8742425092,476387454.2866537
2018-02-23,126.42842589449639,132.37630108203575,124.82855865144087,130.04342518452782,3409314.567984522,443358943.95221597
2018-02-26,130.25806379906317,134.55160389066936,123.42111276105933,128.67915219736085,3590067.5142602944,461966844.06630135
2018-02-27,128.60755781445948,132.20881559386657,125.64136407345758,128.8182716803705,1993219.4594357496,256763085.84419557
2018-02-28,128.89693111679546,131.2012456981865,127.95698726856656,130.86582743312897,993136.6514656683,129967649.6482217
2018-03-01,130.7785072838313,132.2847027583097,128.98824723140498,129.6208174086855,1890123.1085755364,244999302.33660662
2018-03-02,129.7056992506874,131.90283949200528,128.6573455771653,131.21799021030424,748325.5690238996,98193777.19029841
2018-03-05,131.18202843347103,134.70817261971354,128.39181975707936,130.19515649688407,805340.8926148057,104851483.54732494
2018-03-06,130.10751144457845,135.24606708889044,129.8397213651902,130.5122587601493,1248045.7807997884,162885273.88825458
2018-03-07,130.4165292125632,136.3360270089284,127.3437951104019,130.1016869877776,1457395.706244265,189609639.99112245
2018-03-08,130.28538847796693,132.38335742189938,129.25195949340323,129.99047091709897,684156.5247905783,88933828.83853318
2018-03-09,129.75402829291747,132.38498539578072,126.84399787607634,130.23210734009908,1150269.9395510617,149802078.23770314
2018-03-12,129.94528448546515,131.74341795900372,128.96005620393893,130.08934214920689,2711826.214613559,352779688.28205186
2018-03-13,130.21921622906865,130.74877134729323,127.87097570302201,127.99873954761765,3198907.1693909084,409456085.6118737
2018-03-14,127.8336054408906,131.05366410113277,123.76465102918672,129.4288561080581,1420896.6069603674,183905022.4867014
2018-03-15,129.33365913368303,131.82458415914243,124.0394716706211,130.87656277337226,2085982.93942964,273006277.11644685
2018-03-16,130.7880663000092,133.89566441038394,130.71439572644232,133.16191235831937,2124668.550784992,282924927.35010856
2018-03-19,133.66415766782694,138.09246044662927,131.85595952999898,136.26262500975074,3211140.6584416246,437558455.3947952
2018-03-20,136.14726541645481,136.16326334409237,131.73280355413453,134.01243864055763,1405627.98853365,188371634.56481624
2018-03-21,133.86038824246674,136.8743980111656,132.96571440376988,136.70817527027603,3234487.6775695225,442180908.33472234
2018-03-22,136.62617772059548,143.89878676075043,132.95633567114365,139.39910277620896,2262299.1131081674,315362466.57869184
2018-03-23,139.43221919347366,140.15653820780858,135.29041052198556,138.6071102037885,1118823.8867525747,155076945.7697451
2018-03-26,138.67434160401825,140.85651390927586,136.6942100195135,140.03384544335157,835180.4775310335,116953533.9078853
2018-03-27,139.82634355547336,145.0419556471817,139.6297209102954,142.10753864293477,1132385.536811184,160920521.43109575
2018-03-28,142.17407213487172,142.47758668906226,138.5487147864394,141.2923671600793,1236719.786464444,174739066.14326906
2018-03-29,141.51914384997482,142.13066069266955,137.60252543834642,139.69489391790063,540404.9047318078,75491805.83922309
2018-03-30,139.5375161524499,139.90766100369035,139.34115293622062,139.37985060381902,10000.0,1393798.5060381903
2018-04-02,139.43344336052306,142.11136739272374,138.38480383620546,142.03207245864346,18699.676720786138,2655953.838959905
2018-04-03,142.0980176998784,142.42354006513855,141.04667665869124,142.23631163637958,10000.0,1422363.116363796
2018-04-04,142.25019635678157,142.28905956793727,139.44938832879183,141.10791929314593,10000.0,1411079.1929314593
2018-04-05,141.08521776259823,145.80420376973663,140.07158133810975,140.823298690627,321728.89749821334,45306924.62979702
2018-04-06,140.64996899463677,140.7760110934072,137.63076239461938,140.09536951006965,10000.0,1400953.6951006965
2018-04-09,140.1897979053414,141.05010990899234,137.08706961493857,139.78003139482732,10000.0,1397800.3139482732
2018-04-10,139.74451225828287,140.10306135398045,138.10607621550676,139.88247602269627,279887.9900473185,39151425.05683468
2018-04-11,139.86182783609817,141.48054685077543,135.6856535084833,137.4072259885858,100067.7743486213,13750035.284095816
2018-04-12,137.50064789063254,138.8814355687185,135.67116888665913,137.68306007044166,10000.0,1376830.6007044166
2018-04-13,137.4682597509964,139.1158832548298,136.22686257496156,138.9844215855204,10000.0,1389844.215855204
2018-04-16,138.97736577945633,139.49171425078183,138.38607796919055,138.79588275055337,56917.0083824031,7899846.421956285
2018-04-17,138.8637575300455,139.16723794796565,137.55617888755043,138.35665052231994,455087.5871042749,62964394.24603199
2018-04-18,138.4274467682511,139.98737043517357,136.54068840122707,139.4445719581349,151729.06108360417,21157793.97641289
2018-04-19,139.48402586118567,139.54659046155282,136.8086707768444,138.61923341190302,10000.0,1386192.3341190303
2018-04-20,138.74448891997622,138.9796253893937,137.44775818648645,137.85423447147315,10000.0,1378542.3447147314
2018-04-23,137.86907289934956,138.46706632142082,135.7974967641208,137.11602892424278,10000.0,1371160.2892424278
2018-04-24,137.1796287441761,137.33422208739236,135.76338957260776,137.0173498637038,10000.0,1370173.498637038
2018-04-25,137.06565736050533,137.82542194374884,136.9241111895697,137.26536206055184,10000.0,1372653.6206055183
2018-04-26,137.2063500489022,137.26803816448955,136.84125593669066,137.22936569881,10000.0,1372293.6569881
2018-04-27,137.20716779311851,137.6228811247915,137.08236840566306,137.38769515800607,10000.0,1373876.9515800606
2018-04-30,137.4620279739175,137.78907378709636,137.30279809591013,137.68481919799763,10000.0,1376848.1919799764
2018-05-01,137.67355136786122,138.59902145746526,136.98511046537112,137.8891910402547,10000.0,1378891.910402547
2018-05-02,137.88691692543557,138.25697781937598,136.6659749559779,137.61976929176635,10000.0,1376197.6929176634
2018-05-03,137.57773467513758,137.79801612838625,137.02121492544052,137.53432604274843,10000.0,1375343.2604274843
2018-05-04,137.52264263072865,138.38800050760278,137.52104927549846,137.95859823014644,10000.0,1379585.9823014643
2018-05-07,137.91133983060226,138.34604289365356,137.54680316565467,137.58276088756364,10000.0,1375827.6088756365
2018-05-08,137.557521445051,137.7611242543217,137.1574654416032,137.47793968400916,10000.0,1374779.3968400916
2018-05-09,137.5000644763324,137.78823986618556,137.06212749893993,137.31100440506057,10000.0,1373110.0440506057
2018-05-10,137.28169445092004,137.31058151170646,136.51269245110205,137.24757562751375,10000.0,1372475.7562751377
2018-05-11,137.2292169750633,137.5823057698229,136.1900190507532,136.92714545589354,10000.0,1369271.4545589355
2018-05-14,136.97419574128253,137.26587272060144,136.2604443415042,136.45318339805783,10000.0,1364531.8339805782
2018-05-15,136.46279524161363,137.02082071112895,136.11718752248305,136.97734168581036,10000.0,1369773.4168581036
2018-05-16,136.98792934045753,137.5028599051885,136.93195850187863,137.17183015252095,10000.0,1371718.3015252096
2018-05-17,137.1922777293797,137.27274152706283,136.70324504138668,137.0252819755622,10000.0,1370252.819755622
2018-05-18,137.01393821036606,137.83448774686912,136.98485409786886,137.01316297273226,10000.0,1370131.6297273226
2018-05-21,137.0051233334083,137.70382081103517,136.84744453823964,137.15231054368067,10000.0,1371523.1054368068
2018-05-22,137.10994421814604,137.16238554575884,136.98071726485753,137.0816279174453,10000.0,1370816.279174453
2018-05-23,137.09669403902342,137.21464298157628,136.9830556956501,137.2084576346439,10000.0,1372084.576346439
2018-05-24,137.2041786622,137.22304409769916,136.8186012492144,137.08188265770002,10000.0,1370818.8265770003
2018-05-25,137.08177843225937,137.77133664215106,136.8142740344521,137.00818070143373,10000.0,1370081.8070143373
2018-05-28,136.98576390334156,137.03770973275158,136.9384926261768,136.99076078942818,10000.0,1369907.6078942819
2018-05-29,137.00348239184646,137.15290084646847,136.88542882208793,136.89678405145347,10000.0,1368967.8405145346
2018-05-30,136.90963443701105,137.10162086381553,136.28235929296,136.3940342194351,10000.0,1363940.342194351
2018-05-31,136.3977339870089,136.73002698489944,136.36915445393154,136.39836181519743,10000.0,1363983.6181519744
2018-06-01,136.36583544662997,136.78432320902945,136.1819059893124,136.45189954103637,10000.0,1364518.9954103637
2018-06-04,136.43464197430603,136.55263173730347,136.0432367748993,136.5494012283815,10000.0,1365494.012283815
2018-06-05,136.54868189642315,136.73962148322937,136.08465441576587,136.34596084201996,10000.0,1363459.6084201997
2018-06-06,136.32882779053963,136.48198088093926,136.14220247860422,136.41638412947285,10000.0,1364163.8412947285
2018-06-07,136.4242717633343,136.88854346347074,136.31693538609667,136.46052891180656,10000.0,1364605.2891180657
2018-06-08,136.48707425066888,137.03285558680489,135.42394809215898,135.994333724495,10000.0,1359943.33724495
2018-06-11,135.9725345743024,136.29893719887556,134.8903840273969,135.36079955056047,10000.0,1353607.9955056047
2018-06-12,135.35511019009584,135.61884156437753,135.0410769765966,135.51005498008772,10000.0,1355100.5498008772
2018-06-13,135.4905247238064,135.523933047636,134.79652756099122,135.2385306417622,10000.0,1352385.306417622
2018-06-14,135.274827948603,136.5629692901429,135.2007367746953,135.5918704344909,10000.0,1355918.704344909
2018-06-15,135.6184745699798,136.68881004902977,135.09609898264264,136.22848985178993,10000.0,1362284.8985178992
2018-06-18,136.3324367077345,137.16171250918316,135.84452385914798,136.00110050594026,10000.0,1360011.0050594027
2018-06-19,136.00154333115202,138.0519259356885,133.67038516886024,135.57284416502108,10000.0,1355728.4416502109
2018-06-20,135.531114694028,135.73762605013775,135.392339356242,135.56761873751083,10000.0,1355676.1873751082
2018-06-21,135.5783547359973,136.25208713438462,135.28723940289146,135.74458191762233,10000.0,1357445.8191762234
2018-06-22,135.73648189504942,135.9106075094964,134.7473260445845,135.34927560445536,10000.0,1353492.7560445536
2018-06-25,135.36330659987107,137.30740408729594,134.8053121755341,136.2661931806483,10000.0,1362661.9318064828
2018-06-26,136.34169748613058,137.50883180044366,136.1233568557372,136.86912347941075,10000.0,1368691.2347941075
2018-06-27,136.85547837397277,137.66445638617932,136.09069490598597,137.18648894323834,10000.0,1371864.8894323835
2018-06-28,137.2307683874192,137.4082237459072,136.66633996763213,136.85640021129177,10000.0,1368564.0021129176
2018-06-29,136.74314767874878,137.36650876959416,135.6457291075311,137.34770373425792,10000.0,1373477.037342579
2018-07-02,137.40264014268516,140.0754036560213,135.07148828741012,137.79302356820517,10000.0,1377930.2356820516
2018-07-03,137.80015760183875,137.8808059086118,136.6790402323067,137.1633673655792,10000.0,1371633.6736557921
2018-07-04,137.14770566002412,139.80771332926668,136.14220378198897,138.5485872203464,10000.0,1385485.8722034642
2018-07-05,138.51604107555815,138.97398060102643,138.12726736612026,138.352302175863,10000.0,1383523.02175863
2018-07-06,138.46054565721045,138.957449199367,137.7661095103858,138.6341427523372,10000.0,1386341.427523372
2018-07-09,138.59444385373604,139.0736671519496,136.61037283928806,138.22125016117337,10000.0,1382212.5016117338
2018-07-10,138.30859583597808,138.62761182063744,137.84555382476302,138.48584143230036,10000.0,1384858.4143230037
2018-07-11,138.45096228156734,140.55699142123711,136.70396578890217,139.2931762146134,10000.0,1392931.762146134
2018-07-12,139.29625486646728,139.93171806337347,137.27982485154376,138.80802893145366,10000.0,1388080.2893145366
2018-07-13,138.83208039509014,140.08004921051895,137.5218657464284,137.7095413710721,10000.0,1377095.413710721
2018-07-16,137.8211862574595,138.41379269267853,136.4123605209809,137.46241581248262,10000.0,1374624.1581248262
2018-07-17,137.47441045650783,137.64707526646586,135.23976416221103,136.85321059859504,10000.0,1368532.1059859504
2018-07-18,136.87183219625572,137.27924164495823,134.61694812375734,136.27715828729555,10000.0,1362771.5828729556
2018-07-19,136.27240160802495,137.06270537702213,133.19672023352695,136.17374801782444,10000.0,1361737.4801782444
2018-07-20,136.14811914479063,136.7476153204495,136.03446305056488,136.11744127109193,10000.0,1361174.4127109193
2018-07-23,136.0529913178908,138.52774048057532,134.56944345944314,137.51966271701278,426166.6925993344,58606299.82748533
2018-07-24,137.7104938624726,137.94295224497992,136.18734915096803,136.4591628603304,253261.06523691525,34559792.94734498
2018-07-25,136.61526468911902,136.94673287537287,134.50917474599547,136.83142804685238,242350.73759660628,33161197.513551634
2018-07-26,136.74626362726258,138.65353201834876,135.22426106274415,136.19326823273227,561217.9557113003,76434107.57921477
2018-07-27,136.2179147837264,138.45235353145105,135.90709930254746,138.15183831005564,934208.0265871182,129062556.2370197
2018-07-30,138.01982182490616,143.03327683294808,135.71633209737317,141.04821204924897,520568.3263325913,73425231.67868197
2018-07-31,141.1938295614284,141.51315134424317,139.3792745328786,141.51198026321416,973702.8740073391,137790621.88876146
2018-08-01,141.60892044438364,145.06678620296358,141.40874644208142,143.84745069232358,1070891.5795370403,154045023.6842789
2018-08-02,143.86190176143333,147.73842142129448,139.79159941328834,143.24350044212093,488596.78377994796,69988313.61340185
2018-08-03,143.16612061408043,144.05188375165486,140.75198703055008,141.691012830563,43671.69587914888,6187886.82114493
2018-08-06,141.76544895704006,142.20814432645676,139.68434276497928,140.48459109947214,20913.249594933597,2937989.317905448
2018-08-07,140.58249209179084,144.5010830183011,137.99304005897625,138.05918945377502,1599727.8543831883,220857130.9227696
2018-08-08,138.03963806584022,138.30194338014869,135.17476622420787,136.92711926179072,504087.16853444016,69023203.84425369
2018-08-09,137.02611192769584,139.27747842848407,133.3514504250613,136.6114678530858,1092899.741097774,149302637.84762433
2018-08-10,136.50298041763807,139.7499785636199,136.23608103154393,137.5536405141151,10000.0,1375536.405141151
2018-08-13,137.5007589488179,139.3325829089007,136.70095367103556,138.18932514662546,10000.0,1381893.2514662547
2018-08-14,138.0725077280812,138.77842249331906,137.655632481859,138.76916772407705,716293.0115580095,99399385.06047769
2018-08-15,138.78539585699642,140.11614614757616,137.4602915750396,138.23609757633895,570087.8154918264,78806714.88941003
2018-08-16,138.42866673173518,138.78435632392373,137.02889340084275,137.4123156912941,537890.425827261,73912769.0011002
2018-08-17,137.42047234826254,138.25633772355658,136.75550757236599,137.455420050722,1014321.0675849896,139423928.41119152
2018-08-20,137.6444674202212,139.26900289167574,135.68174888378172,137.68165107861293,1685277.7201319756,232031819.03377095
2018-08-21,137.67809839230515,140.0804580656379,136.20212866394124,138.20164111514555,2267267.919503986,313340147.32317257
2018-08-22,138.06753071253397,142.35879271575067,137.60462062375615,139.47654316264618,5115312.303196394,713466077.2471869
2018-08-23,139.8432703012405,144.886185541136,138.51991234987716,139.05688070390337,4307135.675665413,598936851.8265316
2018-08-24,139.2241910772273,140.61427276481396,132.93073149917396,133.37746460382348,5200202.466716054,693589820.437136
2018-08-27,133.77561059295473,135.88893730037967,128.1661350606114,130.31097543400588,3724323.940325238,485320285.4960021
2018-08-28,130.57303785863135,133.12390240525693,126.88262149331203,128.13485116093912,2926315.259783063,374962970.2622877
2018-08-29,127.92031524906196,134.0681043705117,127.54277377127724,132.75980909058995,5292115.763230328,702580278.4117601
2018-08-30,132.06514723204936,136.2153378759575,126.7791229865568,131.59492388368716,3384868.455175627,445431506.7151304
2018-08-31,131.63657058963778,133.86999605857622,125.84289589763424,133.51237236374956,4250831.778667708,567538635.2891428
2018-09-03,133.29458266493708,137.95569158553866,132.03123532692126,136.27422457511133,1666569.030789811,227110402.37177634
2018-09-04,135.93801124686405,139.63528311350788,128.55521291996547,137.0772729625854,4172760.775139106,571990667.7813127
2018-09-05,136.76787764715684,136.94057299031326,135.6920882026128,136.25403903970027,3016457.1514051566,411004470.4691413
2018-09-06,136.1540219698676,138.55531837232718,132.91473933027444,135.79115144604214,1727595.9911840567,234592248.87644953
2018-09-07,135.75445768317545,140.85685859127753,129.1710045370857,133.84669399278292,2235990.9420029493,299279995.3849032
2018-09-10,133.85027071430335,138.06569715017827,132.23480947749158,134.6691224263143,4504685.089713018,606641987.838555
2018-09-11,135.28752071630132,145.8120263175632,128.84257382191007,138.11137337492985,4372055.122783708,603830537.4785556
2018-09-12,137.73169889956853,141.8690360297149,135.9096518857223,139.91872875546875,5845051.273878903,817832143.7516693
2018-09-13,139.91791284935297,142.55274482203026,139.05717484917412,141.83652537822587,2625271.9167563333,372359446.8457534
2018-09-14,141.20461350804752,146.89636563732222,134.62253575642433,145.55009791989283,7973831.775020508,1160591995.6509879
2018-09-17,144.944074053418,175.5385777193243,133.30728362967972,158.36868689908806,8207154.431570397,1299756270.5058353
2018-09-18,158.4026190977792,158.86803196215234,150.53286389536248,155.4537657082558,6448066.927150134,1002376285.3643497
2018-09-19,155.60516710308397,169.809992927561,152.90230443188773,156.01632395755988,5941464.082267117,926965385.0411927
2018-09-20,155.56357878484806,159.7628169013926,153.8868251264918,158.53265361596354,5439466.934667108,862333127.4090675
2018-09-21,158.80355051196915,163.22900352879356,153.8112160415854,161.49895453530166,3150351.389095122,508778455.7576975
2018-09-24,161.26796367541314,166.0536129692592,151.83200440418534,155.54665968071933,3386181.542423056,526709227.99641234
2018-09-25,155.7518146006564,156.73824034321026,153.71506845013863,154.43854591602297,2670240.8097962476,412388107.91055614
2018-09-26,154.4250277746331,157.82956771693375,149.4857546357381,153.84091970836195,3963848.3614322585,609802077.5072222
2018-09-27,154.16358773024194,158.54860474549892,147.65494268920068,150.23769825241226,3918927.5885601686,588770660.5231563
2018-09-28,150.33348118989693,153.5594325495323,148.745109177755,151.66444654889625,1215632.2880292248,184368198.17092082
2018-10-01,151.61581473514394,152.04413430236295,148.90347000820063,152.04267233017595,1732506.6364676487,263414938.83830595
2018-10-02,152.0986132457742,152.30546023620127,150.7991010099846,151.5837317946464,317720.99789826665,48161334.53093827
2018-10-03,151.3725754684741,153.62935151932552,146.37047883228885,149.0273631315513,925344.2647357909,137901615.76247907
2018-10-04,148.81645055524453,151.01920284950563,144.95812823839105,146.8887764674264,1142670.2211422063,167845430.68934223
2018-10-05,146.82404360340084,147.77635914294487,144.90824679566592,145.08911873605916,1865751.0452847516,270700174.9412458
2018-10-08,145.2776687753685,148.5021845193839,144.9850270926991,145.71358388705102,744711.8444865951,108514631.82327797
2018-10-09,145.5513371896987,146.67494967661398,138.13900596797575,143.0768267822783,1914080.5645435776,273860573.3805269
2018-10-10,142.87297249229437,145.95827148126617,133.40330796992336,136.16234549334138,4642201.879419384,632093096.1553408
2018-10-11,136.54799822745906,140.9749967997497,131.3181034930589,132.84540038180555,3619414.2291183975,480822532.4148376
2018-10-12,132.85629398576788,136.65024997990795,123.24890220533217,131.4632991082187,3885506.6975527797,510801529.1673682
2018-10-15,131.46399015457982,136.14473033759037,127.96151846616692,134.591494247439,2412920.0591166015,324758516.25612223
2018-10-16,134.40346966427913,142.31736857316272,130.7270829905985,139.15992741890935,2482101.338769324,345409042.1495169
2018-10-17,139.16812813546403,143.03743089040586,133.69749744812952,138.53935147381233,579015.6741978637,80216455.99654424
2018-10-18,138.6590500472032,144.239166161327,132.9733562269021,140.44764592621516,1754411.3879549704,246402949.42441937
2018-10-19,140.43964650819245,143.29235471074767,138.28151713692847,142.5686290278585,1278233.601062795,182236012.08086526
2018-10-22,142.6728148785624,144.4781938741699,140.7087083820061,144.3240814825369,723156.5058652689,104368898.47712575
2018-10-23,144.37383441158488,144.703477025722,143.70698959919287,144.14883368404568,1116472.5393333926,160938214.38517338
2018-10-24,144.2766461558357,144.74867529065708,141.18429404407493,142.5766215732705,681268.7724282634,97132999.95619106
2018-10-25,142.6669358465243,143.05608483305988,138.90517159505407,142.04568351004409,243763.5587524402,34625561.31783116
2018-10-26,142.03376485884237,142.99500018281842,137.35676236804957,140.3612824801929,10000.0,1403612.824801929
2018-10-29,140.43512190565713,141.42551536014963,138.1172349508323,140.56351226596792,10000.0,1405635.1226596793
2018-10-30,140.67478063111662,141.86608180081618,140.2859446115431,141.04297390926337,10000.0,1410429.7390926336
2018-10-31,141.05978934937073,141.1948528679376,138.31105143819934,140.00712426120418,10000.0,1400071.2426120418
2018-11-01,139.944359429912,140.2872189292451,139.30882521013783,139.98043009984673,10000.0,1399804.3009984673
2018-11-02,139.989526018973,140.4220578206794,139.347917225276,140.11809267038473,10000.0,1401180.9267038472
2018-11-05,140.10872841283842,141.2396816774325,139.91092834790692,140.71256011534317,10000.0,1407125.6011534317
2018-11-06,140.82588864226418,141.75764502670947,140.74007988674975,141.31635678911866,10000.0,1413163.5678911866
2018-11-07,141.35585087729308,142.41354885252633,140.33560737862652,141.73557235350341,10000.0,1417355.723535034
2018-11-08,141.68397400570012,142.3820778004772,140.59410647269945,141.4156327067341,10000.0,1414156.327067341
2018-11-09,141.40743355387244,142.41496746409476,140.73466504899213,141.25560073887402,10000.0,1412556.0073887403
2018-11-12,141.30738601295235,141.83568135059187,141.08095207946917,141.68321252780996,10000.0,1416832.1252780997
2018-11-13,141.6479590544902,141.80436700313885,140.51584139411483,141.49975866521817,10000.0,1414997.5866521816
2018-11-14,141.48910964623497,141.5399056674637,141.18264597601967,141.4906635065141,10000.0,1414906.635065141
2018-11-15,141.4906031096401,141.89535698057134,141.02278556352633,141.8715187271266,10000.0,1418715.1872712662
2018-11-16,141.8682635772226,142.07165542948323,141.61897005772155,141.89873545962598,10000.0,1418987.3545962598
2018-11-19,141.88599402657604,141.97419059510935,141.52970009000035,141.60647387306338,10000.0,1416064.7387306339
2018-11-20,141.60912088455942,142.37865573372676,141.04805070725004,141.5437016595346,10000.0,1415437.0165953462
2018-11-21,141.51358755704976,142.2491951937153,141.4922934259974,141.6795047617306,10000.0,1416795.0476173062
2018-11-22,141.66702602340663,141.73824811314026,141.4658956095229,141.63906154909193,10000.0,1416390.6154909194
2018-11-23,141.62614319265856,142.26239363261055,141.6104906247544,141.88600730118154,10000.0,1418860.0730118153
2018-11-26,141.87937638931302,142.39499071705703,141.6553133007933,142.1591186418994,10000.0,1421591.1864189939
2018-11-27,142.1524993253552,142.2755475983814,141.9083060209043,142.02040680214296,10000.0,1420204.0680214295
2018-11-28,142.02007892178193,142.038426394055,141.7742480379134,141.91315260068166,10000.0,1419131.5260068167
2018-11-29,141.90545239037883,142.02487730604554,141.71044360173605,141.89095062082504,10000.0,1418909.5062082503
2018-11-30,141.8817453252249,141.94079336985132,141.16394503759477,141.6354018750167,10000.0,1416354.018750167
2018-12-03,141.64273637445964,141.84765777359195,141.3660525898136,141.71569329751114,10000.0,1417156.9329751113
2018-12-04,141.73446685462207,142.1037202425792,141.1179257547416,141.67738695804263,10000.0,1416773.8695804263
2018-12-05,141.69745866334392,141.9541866793015,141.1266262275051,141.8443536367682,10000.0,1418443.536367682
2018-12-06,141.8194554811296,142.17938226922024,141.29560826853876,141.71672916259107,10000.0,1417167.2916259107
2018-12-07,141.7215883009668,142.21797274414436,141.33375362505413,141.52983602210455,10000.0,1415298.3602210456
2018-12-10,141.54528714432448,142.17320117902364,141.5262756394211,141.92052607326642,10000.0,1419205.2607326643
2018-12-11,141.91443389946357,142.5399270714618,141.70204306566782,141.73345783040284,10000.0,1417334.5783040284
2018-12-12,141.7429689850197,141.81460691363662,141.52732661049316,141.60900899650872,10000.0,1416090.0899650871
2018-12-13,141.60391061760365,141.87374199879895,141.22930363565325,141.453504177005,10000.0,1414535.0417700498
2018-12-14,141.46106312987607,141.73450346160803,141.21746956567944,141.38888379846196,10000.0,1413888.8379846197
2018-12-17,141.35614646044095,141.53550003024768,141.0091966091843,141.19473907295344,10000.0,1411947.3907295344
2018-12-18,141.20405804427102,141.23021808479882,141.038285084952,141.18521166766587,10000.0,1411852.1166766586
2018-12-19,141.17454648068232,141.57292418914838,140.93088820659042,141.03601338044572,10000.0,1410360.1338044573
2018-12-20,141.01999679299874,141.27057993455497,140.69410247176094,140.94784934230626,10000.0,1409478.4934230626
2018-12-21,140.9410517718751,141.51464332107113,140.72251646049185,141.02457784227087,10000.0,1410245.7784227086
2018-12-24,141.04496202235836,141.7029547275673,140.82113099018895,141.17306617002444,10000.0,1411730.6617002445
2018-12-25,141.19255423548034,141.69170232065818,141.15572330039873,141.2719861365639,10000.0,1412719.861365639
2018-12-26,141.27676360186697,141.42897120095486,140.67177554529377,141.116093855492,10000.0,1411160.93855492
2018-12-27,141.13388950279725,141.29669687468245,140.4568726922355,141.200188335996,10000.0,1412001.8833599598
2018-12-28,141.1901415458046,141.5093707978387,141.11806913750752,141.17208290081987,10000.0,1411720.8290081988
2018-12-31,141.14038267558618,141.39750731800564,140.53557857290298,141.1455160967543,10000.0,1411455.160967543
2019-01-01,141.10239757616847,141.84673721150673,140.62884817087829,140.7530447219508,10000.0,1407530.447219508
2019-01-02,140.75134299280091,141.8233429258177,140.34383707278283,140.9576097068565,10000.0,1409576.097068565
2019-01-03,140.95382393432985,141.22293077920187,140.67718110116277,140.9267972773741,10000.0,1409267.972773741
2019-01-04,140.92702550530893,141.46735340724442,140.86921723968845,141.28794745402348,10000.0,1412879.4745402348
2019-01-07,141.28893061309006,141.6817964425703,141.1730890843834,141.43800679285278,10000.0,1414380.0679285277
2019-01-08,141.46330452210745,141.61619832347765,140.39841568300358,141.2013280543439,10000.0,1412013.2805434389
2019-01-09,141.17956412067497,141.22874543964699,139.8243388243792,140.88602851574066,10000.0,1408860.2851574067
2019-01-10,140.86485598611557,141.3854133378485,140.4918724224273,141.190926648325,10000.0,1411909.2664832498
2019-01-11,141.26364680854962,142.58936659038727,140.7606634537586,140.8547245680067,10000.0,1408547.245680067
2019-01-14,140.88028644753805,141.61899773268715,140.83314445969515,141.0906810795841,10000.0,1410906.810795841
2019-01-15,141.07962483664411,141.26358656561808,140.17505743146924,140.98949415294948,10000.0,1409894.9415294947
2019-01-16,140.90299982675586,142.23911230171305,139.6460042244679,141.8733738449455,10000.0,1418733.738449455
2019-01-17,141.8507778754822,142.50453045169263,141.5829872888728,141.89400909022203,10000.0,1418940.0909022202
2019-01-18,141.86848378960147,143.610725103075,141.3313446431364,142.8937993822591,10000.0,1428937.993822591
2019-01-21,142.88692589010594,144.61448286746324,141.5902593950652,143.7074078271082,10000.0,1437074.078271082
2019-01-22,143.71641587890335,143.77562724016988,141.40797628749473,143.44831451690473,10000.0,1434483.1451690474
2019-01-23,143.42834808269944,144.99679330120125,143.04263976528586,143.195745435887,10000.0,1431957.4543588702
2019-01-24,143.2887011381619,145.86234053477705,142.67045555361995,144.44199127278722,10000.0,1444419.9127278721
2019-01-25,144.37098369525307,145.33973343317018,142.83251436813384,144.44611887272214,10000.0,1444461.1887272215
2019-01-28,144.42207586809758,145.30146143609468,141.08724801975492,143.7919528007123,10000.0,1437919.528007123
2019-01-29,143.71877738084876,145.32052201660977,142.71912760737726,145.04548541215308,142984.0191216355,20739186.4596782
2019-01-30,145.11898070739042,148.37653948791737,143.35986417252172,147.63296201699868,55975.80183858643,8263873.426707075
2019-01-31,147.64747193706282,148.12560261863553,146.52714374851914,147.60916909899342,68837.61166315315,10161062.660357215
2019-02-01,147.70210099563155,154.26383521503433,143.9253053656474,149.36606991076152,530665.933672941,79263484.94825205
2019-02-04,149.37061626827216,150.82998559984708,148.8491103447114,149.21872323196118,134114.60213033005,20012409.69665031
2019-02-05,149.68938610618721,152.47241835783387,148.20376108924722,150.9775819164268,512701.532242126,77406437.58276312
2019-02-06,151.07582671399274,153.20984670307993,150.4935034666902,150.67524071984514,883689.833783603,133150178.42702432
2019-02-07,150.575113333429,152.50275556688433,150.13798083237793,152.4205913174535,665126.4155360126,101378961.55685733
2019-02-08,152.41674764681463,154.75115058695962,150.9573693131282,152.98134680815662,10000.0,1529813.4680815663
2019-02-11,152.93770086772693,153.74178294428614,151.8538024403433,152.83416801299057,10000.0,1528341.6801299057
2019-02-12,152.8976577992596,153.1505970718092,152.45333696350193,153.0762575784361,10000.0,1530762.575784361
2019-02-13,153.19281485118827,155.4605839218987,151.48640435193406,152.45501879054666,456067.295889198,69529748.16454148
2019-02-14,152.5033277488794,156.72239985032988,149.1247370101776,150.97171529037382,625408.4989603885,94418993.84522782
2019-02-15,150.93459110277288,155.3260563296821,147.10590915231467,149.19894343574632,1236807.4741896424,184530368.38252872
2019-02-18,149.06779494801495,150.30700575839188,146.7402382670835,149.18274462843632,1515966.5088772133,226156044.55909148
2019-02-19,149.51125697510557,151.3786891835048,144.14455731517853,147.09806116393264,2615623.7909203055,384753188.3786325
2019-02-20,147.2877801381404,149.41504136851003,144.2182033101578,147.95890874492886,1680319.1088518747,248618181.6889747
2019-02-21,147.3214252223369,151.0720170649239,142.69383179486286,149.2315742865702,2407386.076535493,359258014.11696124
2019-02-22,149.2468243198015,157.86907815121722,139.00881259279208,151.08880922655075,4083390.096889489,616954547.3465226
2019-02-25,150.8099915883766,156.30034719673657,139.98803314486,149.68218919939466,5183162.948010352,775827177.0353777
2019-02-26,149.5727967363214,152.35862124604526,145.9716810503083,150.008224209265,3501634.5222705044,525273976.51565635
2019-02-27,150.45529321618088,150.47268788407615,145.44409607511753,150.1086556737613,2927282.5326781124,439410445.75759465
2019-02-28,149.83224154852402,157.3583602461307,147.46571592937883,153.47184540472537,3077166.4017636767,472258406.29609
2019-03-01,153.24965128338445,155.43677782382787,150.46253749128357,151.92372244838526,2339290.4509665295,355393713.19879705
2019-03-04,152.4643898686617,154.29486374400219,147.99447727371194,151.21829315024468,1905163.4241421842,288095561.17105675
2019-03-05,151.11471596718533,152.6876061125278,148.29258744222196,150.8667151580785,2660703.830304903,401411646.88661826
2019-03-06,150.78911198684733,155.35238024111075,148.75804616342347,150.63235082104472,3911058.9444595925,589132003.0036222
2019-03-07,150.98253557507226,151.08725708924962,147.79084963288554,148.5367111798884,3479786.5717672347,516876052.97824377
2019-03-08,148.3647884206697,155.2811156820472,133.28577574396667,146.69608621339918,4089239.9707495077,599875499.2963477
2019-03-11,146.70712234394156,157.1520223443944,141.92641112497495,151.2175593484958,8078468.800486667,1221606335.2825642
2019-03-12,151.30844110584366,153.8285714372229,147.62384884426078,149.06013477927814,5430903.422407419,809531196.1172929
2019-03-13,149.80081930162265,161.110973543534,143.297635460604,154.36705126822616,9405674.020088451,1451926163.6712167
2019-03-14,153.64535249882556,170.58894891188513,146.38537697079659,164.03260561729803,6685084.843536545,1096571885.6580064
2019-03-15,163.7189167368032,169.2347913795234,142.52819706191482,169.16123137735732,6283204.091780937,1062874541.1609135
2019-03-18,169.1154574046153,174.2718619235571,160.7044236429382,163.2326467129704,4725278.220471568,771319670.3827289
2019-03-19,163.5263297265683,174.474537542587,162.53941636486852,165.9876556974729,4725943.138890734,784448222.5840294
2019-03-20,165.83914249105936,167.3162319543161,163.7741676694172,167.2597322480212,1965501.7136442265,328749290.3571602
2019-03-21,167.3684119763241,170.05871243205564,166.16102718467064,168.71621250637386,2784849.573929117,469849272.5133096
2019-03-22,168.63403605636066,169.74346800096083,163.74964759654384,166.24760204154342,985362.3376939639,163814125.78367102
2019-03-25,166.15491775937542,168.51556523946746,163.53110625455545,168.20717148472642,2561958.4353053677,430939781.86415136
2019-03-26,168.50884169105257,170.86868303444228,165.0661262918612,165.81135658552432,2675166.08444442,443572917.55331457
2019-03-27,165.76368886937874,172.0967542445344,165.76123650911214,168.59190167075823,1618125.0095824332,272802772.5065163
2019-03-28,169.08978712266855,173.32665185946038,165.92950509801443,170.52176397828873,1091488.3278088272,186122515.01967385
2019-03-29,170.57957470104694,175.32772763389048,169.82089221729927,174.78783319608,1014203.6559469076,177270459.4425026
2019-04-01,174.97129748265303,176.98217111892882,173.74013416696624,174.26839266350856,699604.1795853074,121918895.8770041
2019-04-02,174.3653199215082,175.05749233769916,171.28059641549646,172.3732789697433,302843.4201069704,52202113.338249974
2019-04-03,172.20390381604653,174.13694849443252,171.15638836393484,173.59049158817155,10000.0,1735904.9158817155
2019-04-04,173.41762125500676,175.59079129161304,172.60612164780594,174.64775027421013,10000.0,1746477.5027421012
2019-04-05,174.6993670761798,175.15862712479606,173.8173266757764,174.31050515152629,10000.0,1743105.0515152628
2019-04-08,174.15198211014524,177.6872322100637,171.3694408800435,176.3652093551915,436620.8258649732,77004723.3625126
2019-04-09,176.25499549789123,180.53294367372916,174.53307023370175,177.88645542124505,1508345.7988309776,268314287.70356897
2019-04-10,177.81687829795288,179.01309175057685,173.8500664982575,175.37113581493244,1846443.11305922,323812825.95485514
2019-04-11,175.15849750411613,176.52353920304336,162.87613313324164,174.70245857234582,2272043.3178800684,396931553.6165178
2019-04-12,174.89779967180093,176.47887856667245,171.2921851563501,174.07017066877134,865846.3444885121,150718020.9580471
2019-04-15,174.22380690970155,176.33857716708593,173.5693476003568,173.9765934571957,1180831.9470419032,205437119.591778
2019-04-16,174.01094672413515,177.67672557142862,173.23369801626595,174.4769042293274,1707322.4986850738,297888344.09165156
2019-04-17,174.60206283970865,181.04001184834314,172.2899557034882,173.0687522793463,1855743.191785544,321171158.75321573
2019-04-18,172.7726042605756,177.8216166284803,172.27934576678857,172.62576733163425,3040973.672900134,524950413.7196838
2019-04-19,172.77976441492922,175.529890209026,170.70060958753203,173.776687982028,964855.0426968787,167669313.7026218
2019-04-22,173.61551134618037,176.93661793947516,173.09910925046069,173.7532184163178,1184118.3261880442,205744370.16091588
2019-04-23,173.9762498711852,174.25800177214472,171.8621041225843,173.45452188015364,490944.88164748315,85156609.7156728
2019-04-24,173.34274717476026,173.9345129979942,171.33748600625108,173.04704344706442,636156.5324548975,110085007.1108565
2019-04-25,172.9806378917269,176.50093435791436,169.77537805090995,172.9997891557911,62727.98193058291,10851927.648159117
2019-04-26,173.12520708120545,174.7183306394974,169.7171010061154,171.01365777893628,10000.0,1710136.5777893628
2019-04-29,171.0880519167325,173.5687054194893,167.06872658383972,171.26712248363424,12814.790479726578,2194752.290693442
2019-04-30,171.13769980882512,172.8380577821992,167.34076885326115,169.9598251304876,352611.12695252645,59929725.47591555
2019-05-01,170.0422152110652,170.82996053974634,169.15526644663447,170.18732018086325,391635.6561520212,66651422.8077865
2019-05-02,170.18725117448722,176.86541260777378,167.86513783707585,168.62757401194594,10000.0,1686275.7401194593
2019-05-03,168.62933658895585,170.30173552538548,167.73303347416268,169.57345452158208,10000.0,1695734.545215821
2019-05-06,169.64876554520336,172.47441358777547,168.4568083953714,169.9350664968745,155659.80019370627,26452058.496807672
2019-05-07,170.00907916886916,170.45546045310468,166.76518890294156,168.3956035732569,118950.57528529046,20030753.92055262
2019-05-08,168.47369370194306,169.56292455703644,167.45847098878716,168.62356354379858,10000.0,1686235.6354379859
2019-05-09,168.66994636757718,170.99000109264125,166.99255799400376,167.9555137353441,10000.0,1679555.1373534412
2019-05-10,167.98994184516334,170.85790090442114,167.6572382779474,169.9146693911268,10000.0,1699146.6939112681
2019-05-13,169.90200328674226,175.91556422232355,166.1837699337732,170.62517844756587,318785.3534189843,54392807.813584544
2019-05-14,170.79505290303166,171.24546418982356,169.28798803623732,169.79363239220638,10000.0,1697936.3239220637
2019-05-15,169.69031375748014,171.8261999064394,169.18328296186502,170.17526289527888,351725.57328827726,59854991.90132526
2019-05-16,170.35959120876612,170.9712923571677,168.67046049839828,170.203448044109,10000.0,1702034.48044109
2019-05-17,170.4363518449464,172.3115481671713,169.67765288517361,171.5516932469689,10000.0,1715516.932469689
2019-05-20,171.74684277204761,171.98546838683632,171.09339499885832,171.92945366101083,10000.0,1719294.5366101083
2019-05-21,171.91591616305786,173.2090817130257,169.53237781475278,172.516561728704,10000.0,1725165.61728704
2019-05-22,172.77530333724258,173.2723497822787,168.79227699950536,171.22877104513861,168180.01394875193,28797257.10279906
2019-05-23,171.33582257807183,174.7571079055457,171.18763704495163,172.02592152833137,10000.0,1720259.2152833138
2019-05-24,172.11808328535034,176.5711874749329,171.34722667779178,173.88115665552453,10000.0,1738811.5665552453
2019-05-27,174.1482150094787,175.10328756524535,172.69728296007304,174.45119833425952,10000.0,1744511.9833425952
2019-05-28,174.47197840891184,175.17549711797184,173.8043385489108,174.47853388008014,10000.0,1744785.3388008014
2019-05-29,174.54178494408268,176.69689699021365,173.6709928742194,174.72983103420685,10000.0,1747298.3103420686
2019-05-30,174.64069947564596,175.79265489466454,172.59528192433285,174.0986323889122,10000.0,1740986.3238891219
2019-05-31,173.93795143158417,175.83567364036003,173.20800023891354,174.28266984524421,10000.0,1742826.6984524422
2019-06-03,174.30622009236265,175.0343320944806,173.2931116613393,173.47127347743648,10000.0,1734712.7347743649
2019-06-04,173.5233582226159,175.1937056039457,171.94055791159786,173.60368634634878,54990.29960065895,9546518.723964546
2019-06-05,173.6511307433312,175.60822612712371,171.2442683824516,173.39167169892684,10000.0,1733916.7169892683
2019-06-06,173.40776121197064,173.58039438020936,172.1983040159297,173.00244836843507,10000.0,1730024.4836843507
2019-06-07,172.87650672671165,174.22095461951392,172.8532989150789,173.41524689960707,10000.0,1734152.4689960708
2019-06-10,173.4304995321235,173.67787682372995,172.73887193083672,172.85412158540555,10000.0,1728541.2158540555
2019-06-11,172.88385727504956,172.9857544671634,172.6581021691131,172.86152252799968,10000.0,1728615.2252799969
2019-06-12,172.9051105750404,173.07389403295986,172.49183443902126,172.5160014527103,10000.0,1725160.014527103
2019-06-13,172.48558134986249,174.02924043285046,172.2496220135354,173.13251880484754,10000.0,1731325.1880484754
2019-06-14,173.10959904609192,173.96492391825745,172.87644021154836,173.66424335211616,10000.0,1736642.4335211616
2019-06-17,173.646306739673,174.12753721092193,173.3781942922319,173.90389466535703,10000.0,1739038.9466535703
2019-06-18,173.8874172380971,174.96809963314152,173.70327925151696,174.41768785279243,10000.0,1744176.8785279242
2019-06-19,174.3632580795993,175.1134672841548,173.7524191081554,174.6411948657331,10000.0,1746411.948657331
2019-06-20,174.6202434423444,174.9545313488813,174.292221055831,174.83006448248034,10000.0,1748300.6448248033
2019-06-21,174.88878298788904,175.47599939827157,174.0393565891862,174.69844648248844,10000.0,1746984.4648248844
2019-06-24,174.66940208280488,174.97218337344563,174.2392968690238,174.47114736675633,10000.0,1744711.4736675632
2019-06-25,174.4222636790239,174.58639359121773,174.2791586414399,174.52250756422043,10000.0,1745225.0756422044
2019-06-26,174.5153193352499,174.55820158979353,174.2632567856127,174.40021413663322,10000.0,1744002.1413663323
2019-06-27,174.3832515124603,174.70191651360554,173.2322678633652,174.27602620443665,10000.0,1742760.2620443664
2019-06-28,174.30271592740877,174.78836259184862,174.058762264982,174.58871279731156,10000.0,1745887.1279731155
2019-07-01,174.5641653514548,174.89304293812134,174.2230301110177,174.56888153168734,10000.0,1745688.8153168734
2019-07-02,174.56145329874704,174.76259846668052,173.49407483677118,173.9596943841741,10000.0,1739596.943841741
2019-07-03,173.91650909491477,174.3504505487862,173.32194390411905,173.88285095755015,10000.0,1738828.5095755015
2019-07-04,173.8326484703187,174.0557232411817,173.3124240870177,173.52451260210145,10000.0,1735245.1260210145
2019-07-05,173.5429864918696,174.74826974048247,172.40210698237672,173.40982840485069,10000.0,1734098.2840485068
2019-07-08,173.4158696190074,173.56131778969362,172.4713834631062,172.89191864246555,10000.0,1728919.1864246556
2019-07-09,172.8899524411757,173.5310637749262,172.76370307035154,173.33241596613558,10000.0,1733324.159661356
2019-07-10,173.3531183865144,174.35758926822854,172.55786626124103,174.12433522599292,10000.0,1741243.3522599293
2019-07-11,174.08553183477602,174.42576084472063,172.65433126220884,173.63577953592466,10000.0,1736357.7953592467
2019-07-12,173.63643952899756,174.07318671665567,173.19369277868455,173.9267889587625,10000.0,1739267.889587625
2019-07-15,173.93770166578364,174.7234062065878,173.93045217267326,174.28634921028168,10000.0,1742863.492102817
2019-07-16,174.33561238202662,174.5281594729706,173.33036559522571,173.86523730384314,10000.0,1738652.3730384314
2019-07-17,173.78871866201857,174.37006283854367,173.33245136782176,173.9318444248401,10000.0,1739318.444248401
2019-07-18,173.9175601577108,174.57930429384612,173.6720855915466,174.52298162914892,10000.0,1745229.8162914892
2019-07-19,174.55592217900048,177.1523435463242,174.51678718066657,175.19870884470373,10000.0,1751987.0884470374
2019-07-22,175.16750091817406,176.33957239281588,173.89309814784716,176.10055225322074,10000.0,1761005.5225322074
2019-07-23,176.1064379973625,176.5329965356504,174.44428684171504,175.34489179965905,10000.0,1753448.9179965905
2019-07-24,175.40874205211546,175.61598064155237,173.7992195221543,174.7047215713658,10000.0,1747047.2157136581
2019-07-25,174.75647957833786,176.84841195186235,172.80989023972973,175.08901249600132,10000.0,1750890.1249600132
2019-07-26,174.8211351942858,177.52741053437757,174.18710671769236,175.73043392647125,678485.662460549,119230579.87708159
2019-07-29,175.57996501836797,178.29154899719862,175.00568561663334,175.83389304228575,97737.45817146052,17185557.766345467
2019-07-30,175.62564162868426,176.0220687408211,172.66511388713144,175.59241904450172,10000.0,1755924.1904450173
2019-07-31,175.6555528534755,175.7197008720039,172.67605792692058,175.24863910718216,10000.0,1752486.3910718216
2019-08-01,175.2645371366957,175.53361439249187,174.52814657876388,174.82239073371028,10000.0,1748223.9073371028
2019-08-02,174.92709661014382,175.63003124700515,174.13659465878837,175.21756621446193,10000.0,1752175.6621446193
2019-08-05,175.22049838117698,176.59680849065666,171.6904135315477,173.49838290498792,10000.0,1734983.8290498792
2019-08-06,173.39243327106996,176.69934462895876,172.60107644970998,175.02509658939488,10000.0,1750250.9658939487
2019-08-07,175.15882186993574,175.8228731113413,171.0298259501768,174.43165982605493,120980.13282048398,21102765.373853605
2019-08-08,174.28446779313487,174.39223852650383,169.4448734546513,172.91171938654904,10000.0,1729117.1938654904
2019-08-09,172.9103470462776,174.155934004422,169.44223960796225,173.7948094511718,732520.4499249656,127308252.01379603
2019-08-12,173.7602881627557,174.1090882992239,169.73324976887352,171.623954578112,782953.2633478269,134373535.305592
2019-08-13,171.74822838660154,176.03325169862907,171.48724432293957,172.325679594502,867210.5527640377,149442647.85658655
2019-08-14,172.48128436570397,180.10254544493907,166.4935708731786,171.71971335747708,912734.8208166979,156734561.80203158
2019-08-15,171.64650383938778,174.23629136054183,170.63814740555716,172.80587227248998,849603.5165186304,146816476.75777677
2019-08-16,172.65141294462472,177.85093850929647,171.81132624264941,174.5557272093741,1682716.3582443024,293727777.6004439
2019-08-19,174.54255309779887,184.69664389325683,172.25693879130543,177.72625541417278,1684163.2455527217,299320027.1382652
2019-08-20,177.59501889166276,178.62403620664847,176.60394602960588,176.71861213894422,1811678.5741152577,320157323.25950974
2019-08-21,176.99802747860372,179.68002876862136,170.96283388246877,175.9886190321459,2995757.694159976,527219259.5501399
2019-08-22,176.08341815438374,177.32119012573978,175.42498216500076,176.06450947867498,2069808.81181453,364419873.1667643
2019-08-23,176.45297410937067,176.47769176442804,171.34260233868426,172.27682176831388,2077111.394567499,357838149.5148389
2019-08-26,173.0804477297869,177.4743927076117,168.34683218059584,174.23635993905938,3526537.3070380935,614451023.5676104
2019-08-27,173.84060566580473,195.0233555670469,169.27561208449836,175.0016767238142,7365888.506011501,1289042839.1126835
2019-08-28,174.76321100809557,178.1663075392061,162.3314694144224,169.98290403068472,5673381.177314079,964377808.1928723
2019-08-29,170.25907924757902,178.86300511338828,167.03485960044858,177.40167920341884,6423459.964478739,1139532583.9944613
2019-08-30,177.64324408062248,195.52913125412567,165.20319179137357,186.12684572511318,7243092.301702518,1348133923.4117396
2019-09-02,185.92221521395118,186.53564823440232,168.1080538278495,178.8477166215392,7206128.9741933625,1288799712.7147975
2019-09-03,178.06160600907796,188.0566580128114,167.49332844046916,181.64204525036408,6045061.389026092,1098037314.3667061
2019-09-04,182.97971914681582,200.71963450358746,180.1677484614785,188.52842158648755,6649978.572991972,1253709963.9501393
2019-09-05,188.57100429739427,198.51323583922337,184.23829324784583,193.28438283505557,7212905.9963575695,1394142083.9532444
2019-09-06,192.8058943605901,203.54696584060343,184.94292389527516,189.48756982280358,3086629.210196396,584877867.9841946
2019-09-09,188.7642022510686,195.02332309759527,176.92989070794175,185.45522931702206,2838881.915042502,526485496.5581539
2019-09-10,185.8202296198745,188.3452272351418,180.38864082222258,185.24547458972432,2447954.816380248,453472551.7345605
2019-09-11,185.31925026296832,186.99865155782695,179.55595459218335,184.20396269119627,2086982.9444652062,384430528.4394318
2019-09-12,184.20349490079826,191.6743154002405,182.96409782586088,184.28307357211813,2551646.948586539,470225342.3564439
2019-09-13,183.82007522792486,193.36210440937313,183.28574516673746,183.97552028600725,3783516.680888282,696074449.877209
2019-09-16,183.91624019073464,190.49318471821599,180.5179553503501,187.025365806731,7029093.982913974,1314618873.4443777
2019-09-17,186.79373634742566,189.0826643118774,176.67027132878323,183.96881223587104,7544028.974238261,1387866049.8636093
2019-09-18,182.71534828453517,185.83210048999058,180.9999031803523,183.32112215474876,6601504.347415449,1210195184.8776526
2019-09-19,184.6401625440952,200.88604497309083,181.65946585757294,198.65929231191552,4735544.406384165,940759900.4839283
2019-09-20,198.94224951378396,204.29293919186546,192.44517017134885,198.01520037670613,6859676.267331014,1358320170.5948863
2019-09-23,197.6429792937203,211.96492586699992,186.04865848250702,206.29976750208075,17699071.67256757,3651314371.053353
2019-09-24,205.04551378661367,219.28557758358266,195.2131310513783,210.40634799366336,20327668.125425562,4277070413.497989
2019-09-25,209.72236701430344,217.53150956320806,199.95821539520554,213.16161780372732,15374094.785334082,3277166916.709661
2019-09-26,215.713787029087,227.25789848372088,193.7411113655692,204.0872907210705,15069275.11970949,3075447532.311945
2019-09-27,204.4096547969729,221.20542498510062,199.9329136095215,208.716794143572,9379595.112769589,1957679022.3019843
2019-09-30,207.83283487520552,222.00439376381004,201.8486802975738,208.5540415092062,9260069.041363396,1931224823.2306168
2019-10-01,209.08700813091477,218.35024913764988,202.18096202438784,213.67261736741702,4859321.37923613,1038303917.7308308
2019-10-02,213.9801446269527,255.64574330014102,210.8109149073949,227.01045237261033,5319128.702161149,1207497812.905738
2019-10-03,227.5380534966748,245.394802699691,227.25935796796023,229.13893312261635,8379486.799005619,1920066665.239195
2019-10-04,229.0034368563391,241.25070089734487,227.7223398771794,236.82008353218603,8497467.986521449,2012371078.3800862
2019-10-07,236.58686291766583,251.89037038926617,201.7530950816449,224.16136156981946,17263400.506683532,3869787362.9032917
2019-10-08,224.52445495193024,231.00717982553775,192.31317959499137,226.64451647630867,26078399.671456035,5910526284.01308
2019-10-09,226.29163777358707,263.7874998522763,219.6968421977539,253.30154590119434,21319214.372333594,5400189957.91106
2019-10-10,249.88860410528824,269.44701787336396,177.81005743065714,252.43802272909193,27911140.524170015,7045833126.035309
2019-10-11,249.9179251733208,264.5065741652576,167.53014423015324,237.70834831343882,31686230.258297414,7532081458.979186
2019-10-14,237.70669427360238,254.93621225118275,233.3803554633802,241.91864610914098,23444962.961705055,5671773697.774643
2019-10-15,239.08829980802102,260.8967565225257,225.80000862968564,239.11576108933176,24858545.00098142,5944069907.483075
2019-10-16,238.8919500444331,278.0585689595007,232.53409069498417,235.79953719996638,21369276.193725273,5038865436.778679
2019-10-17,235.37848546199004,255.58542968512452,220.3815876855327,231.39014460886517,11486761.503539303,2657923405.391505
2019-10-18,232.17093059689756,261.92480454337203,229.09575760255572,253.9418461435547,13239139.761805614,3361971592.465459
2019-10-21,254.11119851580997,256.25056119042773,242.08025820634865,244.69241375316616,13025770.225953393,3187307157.58266
2019-10-22,244.35347764930557,257.0206770829312,223.63554719963213,240.4747208292585,12932057.617318729,3109832945.2726073
2019-10-23,240.23328346303938,251.7133447710175,218.18760526324002,236.23297450238866,9278210.345834441,2191819228.0553064
2019-10-24,236.53549467069624,263.51665303900637,220.54625094881376,245.39498695039535,7941112.502739456,1948709198.98137
2019-10-25,245.8369512702544,261.9571624587258,243.87776085219363,244.18421270043123,4505909.861458402,1100272052.019329
2019-10-28,243.65450674952803,255.27749948576067,230.19489733219348,250.69439540361174,4392827.458576117,1101257223.840124
2019-10-29,249.82465401093197,252.75173296169123,249.2585847016798,251.74788452837856,4654300.587870431,1171710326.9555697
2019-10-30,251.3245176788644,253.67242189161095,243.02197275866345,251.73820240472148,4170252.148660795,1049811779.4782958
2019-10-31,250.41669489335,271.0420547527324,225.75030669703244,243.74507715650586,5774865.021295548,1407594920.1840904
2019-11-01,243.26500643534325,257.39049056732205,234.75067404154822,251.22108522963836,3944641.5245646737,990977124.6430324
2019-11-04,251.62457793373838,258.95702427992023,250.941031961185,253.9725474767354,3774575.0425708913,958638439.2038362
2019-11-05,254.40251090693184,257.28060498809697,249.33986773375676,255.85262875712064,2545273.6502201906,651214954.3150678
2019-11-06,256.59069548813665,260.61522859920876,245.92355470643798,255.39188764677635,2732142.413444065,697767008.289299
2019-11-07,255.4244853995413,260.21753913643363,240.67617868805414,253.10683167998508,4166677.038725687,1054614423.9056011
2019-11-08,253.19291055849558,256.30936744027196,244.98711994847025,245.88048510252273,4818382.195710938,1184746151.6907642
2019-11-11,245.27540319065932,257.99666220593446,240.2450511177702,255.70055321155047,12416459.695007522,3174895612.9423428
2019-11-12,255.2224689548182,279.19765606880605,251.03493920069647,258.2901393589689,9124184.43379372,2356686868.9415145
2019-11-13,258.57495054045484,285.8797798180713,243.11195516606432,254.86989046388393,7783046.418870957,1983664188.2529647
2019-11-14,255.96250511863428,284.4692387297876,244.46389439611082,247.64532529506457,15723842.092777085,3893935989.95401
2019-11-15,248.05295918253515,249.22108907757556,204.09980194101206,248.9763398941708,7695508.30984491,1915999492.610362
2019-11-18,247.56641829201544,272.19567627665015,240.4600661118314,248.499664507327,6806336.649500772,1691372373.924866
2019-11-19,248.7191502299384,264.76156036784283,242.2364256203226,256.1046606574289,3603382.6248627175,922843084.3593416
2019-11-20,256.1005043492953,261.4026128639654,243.9120301166193,259.62671685192953,2733400.1543925204,709663707.9274874
2019-11-21,259.29984986859046,260.68429785075625,248.84935313370957,256.56738371596623,5427164.032230982,1392433276.7468967
2019-11-22,256.6324013042929,262.444653360215,243.11203641288924,251.15017744021867,3911619.9055667,982404033.361768
2019-11-25,251.56023824115002,254.67593646671165,246.04772677955864,250.166855025446,3641760.5349160726,911047779.7757399
2019-11-26,250.21418581314458,259.15640637132526,237.266195248254,246.89095503729686,2756698.2865590784,680603872.7182508
2019-11-27,246.60846247527545,249.72639683624126,240.0112934204153,247.26125237410477,1856888.6315616225,459136608.5591644
2019-11-28,247.9287184942957,249.938704701657,242.8025597495826,248.10725690449323,345567.0116231676,85737683.33050725
2019-11-29,247.97859525057387,250.89972769820477,246.08984526375286,249.40635403678505,396106.40339274576,98791453.88080874
2019-12-02,249.48981898003723,255.88251993553723,246.402543366225,250.21899965474503,196412.23281019647,49146072.413722254
2019-12-03,250.3719364965654,250.93713318583332,247.92748158381815,250.01564300625154,10000.0,2500156.430062515
2019-12-04,249.83861441166988,254.59105642448117,249.45225247301605,251.26556451408283,406291.17191841034,102086980.66916765
2019-12-05,251.33468795241055,252.793105754594,248.86208799447385,250.15599943909416,10000.0,2501559.9943909417
2019-12-06,250.07615349517658,250.53984501673727,249.19651683044648,250.1077790907361,10000.0,2501077.790907361
2019-12-09,250.08937205501425,250.92083531534496,248.50252954229836,250.64751352138111,10000.0,2506475.135213811
2019-12-10,250.58281776378152,251.12886246015924,249.5065155493159,250.9072514151014,10000.0,2509072.514151014
2019-12-11,251.0168787388601,251.52870453440244,249.89635872426524,250.13270806006966,10000.0,2501327.0806006966
2019-12-12,250.03383602899814,250.47358846358517,249.1052651796769,249.34204020489796,10000.0,2493420.4020489794
2019-12-13,249.380220086198,250.1907972737205,246.88925814400287,248.1374928565598,10000.0,2481374.928565598
2019-12-16,248.13878183428463,250.50866556423725,246.8399266312707,249.509560770851,10000.0,2495095.60770851
2019-12-17,249.4094017718249,250.4710621227876,248.25062059511626,248.7566698331129,10000.0,2487566.6983311293
2019-12-18,248.82557346797844,249.07011499449575,248.4978784604466,248.7136449282379,10000.0,2487136.449282379
2019-12-19,248.67965387335303,251.1002962444663,248.59609485154763,249.78524468517813,10000.0,2497852.446851781
2019-12-20,249.77447915102877,250.37724474696762,249.69285702766993,250.2063373646369,10000.0,2502063.373646369
2019-12-23,250.21381018482464,251.2008751227538,249.96236643024105,250.71307216503973,10000.0,2507130.7216503974
2019-12-24,250.6779164745403,251.25823795648284,250.0116845820291,250.53752707510438,10000.0,2505375.2707510437
2019-12-25,250.50738280843632,251.6294266093527,250.48206134036528,250.82761261469932,10000.0,2508276.126146993
2019-12-26,250.8254466614627,252.11837202070024,250.14386112676758,251.98843049264016,10000.0,2519884.3049264015
2019-12-27,251.9541252302567,252.16751951836753,251.10000366578672,251.9871346892356,10000.0,2519871.346892356
2019-12-30,251.99010957319837,252.27774192055242,251.97413173682844,252.15607557261862,10000.0,2521560.755726186
2019-12-31,252.20364072339285,252.6957252157626,251.1885566158086,252.0495888404961,10000.0,2520495.888404961
2020-01-01,252.01012495147856,252.17598566089154,251.91080739098305,252.05745001910395,10000.0,2520574.5001910394
2020-01-02,251.99627588045988,252.55759711013437,251.8965434280302,252.21176602443188,10000.0,2522117.6602443187
2020-01-03,252.205927584712,253.63737435262846,251.5106448833665,252.7500711627058,10000.0,2527500.711627058
2020-01-06,252.7698330503391,253.8480005506943,250.88114719440006,252.3048497884501,10000.0,2523048.497884501
2020-01-07,252.33131486370408,253.21072874832288,250.51208044914998,251.7421511544941,10000.0,2517421.511544941
2020-01-08,251.69655060019272,252.1481000486856,250.67993748650682,251.76688376373778,10000.0,2517668.837637378
2020-01-09,251.62826679452712,253.34303956952576,251.4274821929521,251.9063516345324,10000.0,2519063.516345324
2020-01-10,251.94078505398744,253.0849766909247,251.763822045011,252.48339683503139,10000.0,2524833.968350314
2020-01-13,252.50977811685746,253.05424801963812,252.05968385302478,252.76902878015034,10000.0,2527690.287801503
2020-01-14,252.82599182668145,253.2332106141193,252.1801303263309,252.54614423485924,10000.0,2525461.4423485924
2020-01-15,252.50848622020212,252.83207622729222,252.28313080266403,252.77473541024702,10000.0,2527747.35410247
2020-01-16,252.79542537472403,254.48074729141408,251.8822452733871,253.21215173342685,10000.0,2532121.5173342684
2020-01-17,253.24987244575135,253.83805077207083,253.1719439223183,253.33477226955412,10000.0,2533347.722695541
2020-01-20,253.2635835909368,253.32369293699406,253.0366015128515,253.21955994816423,10000.0,2532195.5994816422
2020-01-21,253.25912846061112,254.03276718377677,252.6790943552372,253.49059901942533,10000.0,2534905.990194253
2020-01-22,253.54452700672195,253.95262300895365,252.42148564354645,253.36952749098606,10000.0,2533695.2749098605
2020-01-23,253.4061263655302,253.58892982272235,251.4510482654693,252.18079661408476,10000.0,2521807.9661408477
2020-01-24,252.23037266797158,253.57415260083192,251.94791253506088,253.48531301750742,10000.0,2534853.130175074
2020-01-27,253.57962935081716,254.68445029587852,247.90900466254934,251.85781140058577,10000.0,2518578.1140058576
2020-01-28,251.81937728438527,252.15181488265435,249.82424102642057,251.45248252561498,10000.0,2514524.8252561498
2020-01-29,251.18827613026022,251.20105785487965,249.19019661391397,250.9462879645434,172034.91339532036,43171522.91685735
2020-01-30,250.80913976720055,252.27297977395824,242.24966801680557,250.5123692384393,10000.0,2505123.692384393
2020-01-31,250.47590574812386,250.69189978690022,246.27564796217555,250.05720628015632,215511.23292346878,53890136.82683465
2020-02-03,249.89804795870435,250.8296937331863,246.45187868053665,247.5128491213134,192108.3453057072,47549283.88659668
2020-02-04,247.76085439850087,253.29617046187778,242.10651334410815,248.88715351226907,857537.1828741024,213429988.47646546
2020-02-05,248.76566520828206,250.89970626398105,245.21448045225515,249.05060146520103,1488246.4167550711,370648665.2212807
2020-02-06,249.02147671421932,249.47598748021394,247.4229116651281,249.19930386240608,734140.9764803465,182947420.27576938
2020-02-07,248.79074060046713,252.34846345524235,248.5569517865739,251.7083106753393,524324.7728442159,131976902.8178486
2020-02-10,251.82764201223782,258.25527392642783,251.55345429548416,255.32273256095218,2247830.978470058,573922347.7581341
2020-02-11,255.14489415447946,260.7455583330527,252.48627711802237,258.67116749826226,994569.8166642444,257266535.63507277
2020-02-12,258.9995109178351,264.6395916630955,257.70931062110003,262.83397270531543,690482.1017365041,181482153.88132116
2020-02-13,262.4986137122289,268.75893620268454,259.5891156247219,263.7558381650212,214830.39895613404,56662771.94000103
2020-02-14,263.7979069692462,264.47555679949255,261.42222513027605,261.66481032255257,10000.0,2616648.1032255255
2020-02-17,261.58304818239645,265.6876284265773,260.8267808896024,262.1223389862552,142404.0360949746,37327279.02229786
2020-02-18,262.0141627927523,271.97168616735297,258.69796616704224,262.23632444926693,1343646.0903006706,352352812.08107567
2020-02-19,262.8276990348465,272.6799029360107,259.535596181456,262.57621703986786,1515950.4739567754,398052540.6713648
2020-02-20,262.93068393761007,263.9386966941433,257.2790553556108,260.4254810971528,2265089.699621001,589887074.7520044
2020-02-21,260.09880606861145,261.6322628871225,253.38657085943473,257.2425383563975,2877288.6203036746,740161028.270894
2020-02-24,257.78491065206055,263.45790604345115,254.30011301677823,260.50901961523215,3184918.912347823,829700103.4097428
2020-02-25,260.2826912562169,266.0248173003466,259.523718423212,263.862822821317,1966098.4834281849,518780295.78207123
2020-02-26,264.1981389424986,266.88251714538893,257.48919345546625,259.19563084851876,2771101.9839376323,718257526.8722965
2020-02-27,258.2190741027989,276.3568967400556,246.6896846792179,262.35285086963586,5339554.266134092,1400847284.0934052
2020-02-28,262.111768594684,275.9164163094667,249.4221160845928,261.37398313277987,5633307.348782404,1472399979.9624171
2020-03-02,261.1896407403566,263.7002929060005,254.17746169073365,259.2697836633513,3374224.9088808657,874834562.1570332
2020-03-03,259.06373381231026,264.78652396194764,252.82804408132156,263.4562739392583,3954469.5202917056,1041829805.222419
2020-03-04,262.55156364794186,267.5133239614204,260.55370369373566,263.32432224778273,4498922.228951897,1184675646.7842422
2020-03-05,261.66075690300977,264.6755222260484,246.985573731832,258.81068100045593,7660021.713995857,1982495436.2775474
2020-03-06,258.7769542604732,262.06177457796815,255.65844347458682,259.5135913634526,10035067.468782784,2604236398.3983717
2020-03-09,259.8119264380299,265.3621575642022,247.701374660572,249.67566353032817,3672940.2917198725,917043804.4424362
2020-03-10,249.68196475266475,254.3185304137663,240.0976901993559,246.63401575068602,4481963.601444299,1105404681.4726148
2020-03-11,246.32577560248217,255.66490044545725,222.72442324807812,243.1467073266303,7255775.990255993,1764218041.130365
2020-03-12,241.69572815844688,253.01382916611774,218.91964907235032,230.48055376648745,8190151.949586069,1887670756.772274
2020-03-13,230.17134361774964,250.81284361673286,221.51294648024273,232.60347687962343,8562255.4513862,1991610387.9239397
2020-03-16,232.0186206251809,238.31330781700618,198.305657197651,235.54746726250698,8683455.019521201,2045365836.936122
2020-03-17,235.11217545390352,239.27124464358667,226.76133210552288,232.15953294814264,6942172.1762167895,1611691450.0760808
2020-03-18,232.21599886951358,235.64942274511762,228.2697858001175,231.612282064126,2468290.7106287144,571686444.2863998
2020-03-19,231.65318396688187,236.3241481969425,228.54816715600293,233.47966557991265,1241916.1997159382,289962178.98795325
2020-03-20,233.58443834674407,241.13322521382972,230.4852355320181,236.4579169695744,1580943.1209854425,373826517.2355956
2020-03-23,236.37046470391675,242.2855036219776,222.8409087801304,234.1287314919127,1957777.7047089827,458372010.54666257
2020-03-24,233.80113460918608,239.2881780787273,228.2869665440334,235.48556780287325,3264547.851543427,768753904.4403539
2020-03-25,235.40669122711614,242.6614213822515,231.54305223277692,239.29632725084184,3318247.830245393,794044518.6857975
2020-03-26,239.13805120303275,241.99012723490983,234.76132768574405,239.21268069662779,3348760.7241530516,801066029.836232
2020-03-27,238.4729289479909,239.93745338366216,227.9665302103862,235.86215487636224,3693139.600557939,871071864.4468232
2020-03-30,235.72476426265033,241.15776495552052,231.7011277731676,233.08225116030968,2430046.6455998337,566400742.5809685
2020-03-31,232.3038100326293,241.60787100199718,222.8677765094292,231.64263357403487,4805341.034793449,1113121852.5209324
2020-04-01,230.91169881181483,246.21953555278273,220.1193481632119,227.92648160259628,2280392.852405203,519761919.5204266
2020-04-02,227.769201436232,235.48005074044443,227.589647622736,231.70339182282586,485911.758379421,112587402.54310527
2020-04-03,231.59953381839188,234.13186099114984,228.34702874061165,230.82889166200843,11356.819025538249,2621481.9484710046
2020-04-06,230.9452858032289,233.7898971631526,227.6107431019002,231.49368995105718,300862.0972108158,69647677.04974543
2020-04-07,231.4646673145268,232.57604925462013,228.21824714904568,231.6569526994944,10000.0,2316569.526994944
2020-04-08,231.70281422685946,232.49472828916677,230.4945752362852,232.2392431698392,10000.0,2322392.431698392
2020-04-09,232.37438388239818,232.37963391236363,231.0210987483104,231.87584253851807,10000.0,2318758.425385181
2020-04-10,231.8830374559463,232.75155895742793,230.5447676667238,230.90158613609364,10000.0,2309015.8613609364
2020-04-13,230.92278758920062,232.6043666090317,230.53317637632367,231.88172308552458,10000.0,2318817.2308552456
2020-04-14,231.83687809160412,232.38545844134262,231.6892308182784,231.83322664326832,10000.0,2318332.266432683
2020-04-15,231.88398198227392,232.02777292075254,231.05074612456818,231.90774758951872,10000.0,2319077.4758951874
2020-04-16,231.91114948510352,233.04049556794826,231.64860294826914,232.1114771806826,10000.0,2321114.7718068263
2020-04-17,232.11652675926035,234.31132468209356,228.41299990096317,233.69607858635138,10000.0,2336960.7858635136
2020-04-20,233.58830406272224,235.36449526942621,233.462311228884,234.4156300387651,10000.0,2344156.300387651
2020-04-21,234.33368899375307,236.3058349575075,233.51819261683232,235.41803888427418,10000.0,2354180.388842742
2020-04-22,235.3372311422273,238.31325176998982,234.67358017374627,236.37124254600656,10000.0,2363712.4254600657
2020-04-23,236.38740880011963,239.23961475425227,231.7628869960237,236.6882311109172,671713.9432639625,158986785.04368627
2020-04-24,236.943094157878,239.96399284352046,235.80454210090147,237.29950881143353,1155703.0954750213,274247776.8880758
2020-04-27,236.88460150546032,243.12164005976896,233.33882118914906,235.31076699747015,1438666.7597153378,338533778.6823812
2020-04-28,235.13957507447222,237.08181682750856,224.22904008155925,226.9985956741366,4512179.18665752,1024258338.8013248
2020-04-29,226.8597260083523,235.96601927684847,214.78702150435223,226.0182135819241,2538899.7054945584,573837575.8995533
2020-04-30,226.8636123693532,239.41683968301047,215.43504543639662,222.03176318731138,3510265.202033392,779390372.0625379
2020-05-01,221.97348805282036,229.3901787215532,220.6363782609397,228.77751955867024,1549636.97838679,354522104.1317225
2020-05-04,228.6437917143111,232.59847016371947,226.1623329688465,232.50373299013424,1362287.1508069537,316736847.9671107
2020-05-05,232.80911996633765,239.45477604881407,229.72155690049706,237.54331673931011,3848687.0913406895,914229896.7688355
2020-05-06,237.20477635333307,238.29331230531213,233.3121379007164,235.91481365239963,1237441.238271521,291930719.1326205
2020-05-07,236.06764531660133,242.6761892606866,233.820353852097,242.12906239330093,2111814.247467742,511331603.6881787
2020-05-08,241.76234473174367,242.30369533149036,237.30517991229172,238.49256406137766,724358.6808270906,172754159.09056994
2020-05-11,238.94126566962643,242.86984721067216,232.11028623453646,235.7939896589353,648513.924607897,152915685.63267
2020-05-12,235.77295581313595,246.68873495905171,232.1916077137787,233.5984464499595,1704042.8957232863,398061773.12505
2020-05-13,233.47814816067668,234.55015633122966,230.84495245978852,231.0950079347219,1427578.4865511847,329906261.6769843
2020-05-14,230.67520390037856,235.38735222573686,229.90158209259857,231.5141542563386,2532772.9059841996,586372777.252301
2020-05-15,231.44765492631777,245.90872720151958,223.99719753865114,232.234357352819,3329297.145645648,773177183.0555916
2020-05-18,232.25577026082755,243.1776484567046,227.22157974638122,239.9861437410663,4023815.451406774,965659953.3088297
2020-05-19,239.52546029844848,256.0317673784305,238.07259223134238,246.11688715679452,6810390.162206797,1676152027.0455937
2020-05-20,246.92949371578365,257.14998906562494,241.56497423940917,254.80507206680744,6041675.183631131,1539449480.5693724
2020-05-21,254.58617664134448,258.8109531307696,238.73503882443163,257.3880060733794,5721442.448440593,1472630663.6677182
2020-05-22,257.4192565273692,260.43875509395895,256.5529974757325,256.6888183800471,2583428.320517656,663137162.9632267
2020-05-25,256.7820094546108,262.1208294585015,251.29189342685896,254.21040693623067,2649503.2867837613,673531308.7121806
2020-05-26,254.7263590418432,257.749125365716,247.14347662427153,248.44098378780632,2797647.4537905594,695050285.711178
2020-05-27,248.30591993371112,251.88339413925186,245.5392599074367,245.59530399923312,2564142.2102636197,629741285.6269592
2020-05-28,245.62186513992197,251.536892470747,241.73827398828263,243.28001746352123,4718807.435876115,1147991555.4069352
2020-05-29,243.51205692455179,259.031736709343,237.9144675060569,249.9985534475833,6377551.392850199,1594378622.7501698
2020-06-01,250.43099861238915,254.91571658227772,231.71476591549336,237.90818614731236,5496781.356828156,1307729282.2513492
2020-06-02,236.85235556767125,243.6430512516673,226.95017099473975,230.28862102902363,6567478.660682597,1512415604.4061344
2020-06-03,231.12937975295873,249.10541794737938,226.90201040949964,231.94485230051347,9053454.675114347,2099902207.4287903
2020-06-04,231.88572690185575,232.18011549637802,224.47541980971857,227.73143592507066,2865204.6272603497,652497163.9851563
2020-06-05,227.49168984152712,231.69707419057713,223.15383530052821,228.81793173905714,2847846.1278100116,651638260.8765694
2020-06-08,228.79814750480412,232.03644202188417,226.2706244670242,227.2862389960936,3747716.9593513026,851804492.5128334
2020-06-09,226.76890262400178,231.54372308203224,224.00625701319103,225.29863567714844,1766590.646537892,398010462.46499866
2020-06-10,225.12923934307562,232.57688602819633,221.12753727208027,222.45822129286904,903106.252233061,200903410.5102359
2020-06-11,222.48829179185887,225.79229686215533,222.28303491881417,222.2919549154941,361422.1827996297,80341243.56435475
2020-06-12,222.556767923472,226.8783626156641,218.25070834828202,220.85872106031564,720323.7540530972,159089783.06953242
2020-06-15,220.83967986626666,223.97141109076605,218.87907153194993,219.7186682948112,432578.9109426623,95045662.24474148
2020-06-16,219.78976321220068,225.84921060450773,216.12617117053964,218.52355155710163,435196.4257143683,95100668.57206011
2020-06-17,218.46174668720997,219.79192130907498,218.22565168547965,218.8949305347781,556371.5358149052,121786908.68373148
2020-06-18,219.04624776791044,222.5675624648112,217.37469779575423,219.16260445305565,325635.76268794294,71367181.85374674
2020-06-19,219.07383674876291,222.7358023151255,212.75742759829603,215.5460949640379,744836.0331148296,160546498.32640633
2020-06-22,215.61418164942276,216.02917796179278,215.11042495842787,215.29997437243676,152576.2533237109,32849663.43043738
2020-06-23,215.2663183206609,216.40985230258488,214.593356775742,215.68189089373448,10000.0,2156818.908937345
2020-06-24,215.62617185580686,217.5177290648754,214.61938381061472,216.27100391860688,10000.0,2162710.039186069
2020-06-25,216.23463376535025,216.56989254737059,216.06456924457333,216.5533311937751,10000.0,2165533.3119377512
2020-06-26,216.53185717988472,216.95369139641696,216.06974322380276,216.62140800554445,10000.0,2166214.0800554445
2020-06-29,216.66615466401288,217.71228027303442,215.27490830309648,216.1754316278408,10000.0,2161754.316278408
2020-06-30,216.29902142783095,216.31439637981103,215.50309819613253,215.8762619721433,10000.0,2158762.619721433
2020-07-01,215.86928096902156,216.529445670407,215.08425683794965,216.17260927595464,10000.0,2161726.0927595464
2020-07-02,216.14822838623505,216.59294350913476,215.7357769404202,215.9450454914527,10000.0,2159450.454914527
2020-07-03,215.96186191499405,216.54364691004767,215.5945087792181,216.27772662812274,10000.0,2162777.2662812276
2020-07-06,216.29318493014372,217.2471920497116,215.94359815209788,216.69141796714996,10000.0,2166914.1796714994
2020-07-07,216.67378501638092,216.7642727526155,216.28322717916333,216.3464462242029,10000.0,2163464.462242029
2020-07-08,216.4084514590382,216.5685989798347,215.92821643512121,216.48948161066218,10000.0,2164894.8161066216
2020-07-09,216.51761290178044,217.11718885548197,216.2768647843574,216.45309068283532,10000.0,2164530.906828353
2020-07-10,216.48346317300383,217.53495523618753,216.2262596711849,217.11244699084,10000.0,2171124.4699084
2020-07-13,217.11431514329075,217.53685513334395,216.8687797973958,217.3855439189322,10000.0,2173855.439189322
2020-07-14,217.38959825269453,217.8105946779798,216.87049863295096,217.21915788664657,10000.0,2172191.5788664655
2020-07-15,217.25073360374142,217.67063956856558,216.74426269832531,217.35191123884672,10000.0,2173519.1123884674
2020-07-16,217.30632336273885,217.46822692934185,216.8877440960963,217.05292659463316,10000.0,2170529.2659463314
2020-07-17,217.02654492723147,217.17204734276947,216.73806595794395,217.003612609935,10000.0,2170036.12609935
2020-07-20,217.0063946391303,217.33799589225728,216.35721832414788,217.0703480357067,10000.0,2170703.480357067
2020-07-21,217.02254403091723,217.53214389837842,216.38459524858766,217.1189896115332,10000.0,2171189.896115332
2020-07-22,217.17248902564887,217.43565264991614,215.69545512924734,217.2192463398273,10000.0,2172192.463398273
2020-07-23,217.19887834239418,217.31069574355726,216.65026321907501,216.92393991222082,10000.0,2169239.3991222084
2020-07-24,216.90992070104198,217.39854482410502,215.86323898131326,216.32174620307288,10000.0,2163217.462030729
2020-07-27,216.33225097759433,216.51122815243252,215.6960034523042,216.20401870932278,10000.0,2162040.1870932276
2020-07-28,216.25294834379568,216.51369211700987,215.0238860975996,215.91481549475006,10000.0,2159148.1549475007
2020-07-29,215.91341716881797,216.58994983565222,214.9327077859626,215.68816434634056,10000.0,2156881.643463406
2020-07-30,215.66330226606317,217.3102394804381,215.479606462691,216.3807711272952,10000.0,2163807.7112729517
2020-07-31,216.35045127595328,217.17176062366607,216.02901002480002,216.75854040772253,10000.0,2167585.4040772254
2020-08-03,216.7661033283776,217.22509007969927,215.89449784656395,216.70182716062345,10000.0,2167018.2716062344
2020-08-04,216.68297181239996,216.70046131149036,215.72725246470662,216.23638559728082,10000.0,2162363.8559728083
2020-08-05,216.31341297715784,216.47559319624688,215.59169535435873,215.8157195635782,10000.0,2158157.195635782
2020-08-06,215.85648163911372,216.03079200796975,215.31904564386898,215.93267893100935,10000.0,2159326.7893100935
2020-08-07,215.83003531579388,217.06773875324546,215.66178166106695,216.27931789705488,10000.0,2162793.178970549
2020-08-10,216.2447208782567,216.47787836868343,215.98736518410522,216.1719875892184,10000.0,2161719.8758921837
2020-08-11,216.18378191562618,216.56631382966464,215.9597985723698,216.2170999734593,10000.0,2162170.999734593
2020-08-12,216.3187207196023,217.31499482195406,215.95334852529484,216.328988702776,10000.0,2163289.88702776
2020-08-13,216.25288912474934,217.56103662968212,215.8285922668709,216.73114851516746,10000.0,2167311.4851516746
2020-08-14,216.70329362332959,217.13177470937003,214.8876489142901,215.55186327046977,10000.0,2155518.6327046975
2020-08-17,215.640677122627,216.23725233521424,215.3158619094883,215.6668204098804,10000.0,2156668.204098804
2020-08-18,215.586717274206,218.10840515889655,214.58537201159808,216.13573475726088,10000.0,2161357.347572609
2020-08-19,216.14286420887615,218.2238956877572,215.58654874289365,217.0865194909215,10000.0,2170865.194909215
2020-08-20,217.03860034840983,218.32639163740672,216.5801870428993,217.46613226551602,10000.0,2174661.3226551604
2020-08-21,217.55213309418693,218.55863371793072,215.3730882789122,216.06112348523192,10000.0,2160611.234852319
2020-08-24,215.98642612396867,216.9043809853285,215.10374161640183,215.6669702734787,10000.0,2156669.702734787
2020-08-25,215.6683046953647,216.1742474355653,214.5770808478896,214.7835332435867,10000.0,2147835.332435867
2020-08-26,214.65987495956225,216.3491251214067,213.6216773704664,214.9477818252421,10000.0,2149477.818252421
2020-08-27,215.05074010279068,215.46717599379986,214.04049199855365,215.15056984214084,10000.0,2151505.6984214084
2020-08-28,215.23917776705454,217.85393602031877,215.155686493436,215.9011551953673,46700.845538619695,10082766.500388406
2020-08-31,215.89590077566442,217.03823901769798,214.23207916879664,214.5067755770337,10000.0,2145067.755770337
2020-09-01,214.51327303466385,217.58443939172815,210.7383204707666,212.5129667455786,407788.15415387024,86660270.4429423
2020-09-02,212.51713203681172,217.33380003369948,210.03032698862745,214.84719320823964,139173.48108432186,29901031.779986583
2020-09-03,214.80433321195116,216.07818287683872,213.44403036685736,215.0587128420542,10000.0,2150587.128420542
2020-09-04,215.07171705493352,216.63048922231138,213.40117700933143,216.5096988060152,10000.0,2165096.988060152
2020-09-07,216.53957404608718,220.29756083063702,216.09408191189286,216.86784385211547,10000.0,2168678.4385211547
2020-09-08,216.86233983870994,218.5540121805165,213.96179535518027,215.70165361301443,10000.0,2157016.5361301443
2020-09-09,215.65603732960344,216.58332491268382,215.02959089190895,216.32048924582125,10000.0,2163204.8924582126
2020-09-10,216.30588637279322,217.00332281912523,216.25895347345212,216.76458252008715,10000.0,2167645.8252008716
2020-09-11,216.74967385687103,216.81628081605132,216.4377459077514,216.61808073337858,10000.0,2166180.8073337856
2020-09-14,216.63283804529325,216.67089600987376,215.91202501953893,215.99360879450296,10000.0,2159936.0879450296
2020-09-15,215.99943114895729,216.4294543414729,215.86235172261712,216.24445794991263,10000.0,2162444.5794991264
2020-09-16,216.3221600092251,216.9700238647569,215.82348379807476,216.18918989199045,10000.0,2161891.8989199046
2020-09-17,216.1825967335519,217.34025258918786,215.4692430336912,216.29486329337476,10000.0,2162948.6329337475
2020-09-18,216.29731090425028,216.75666044123437,214.9865519516741,215.4249990502168,10000.0,2154249.990502168
2020-09-21,215.39152898315177,216.75099080324586,214.42944423694112,215.66828942253866,10000.0,2156682.8942253864
2020-09-22,215.6731100444457,216.16225235331902,213.97349775468254,214.36204246023868,10000.0,2143620.424602387
2020-09-23,214.32389382019548,215.09340427776445,213.29390297284908,213.61918132398836,10000.0,2136191.8132398836
2020-09-24,213.49601443461816,216.13616555005115,208.95898188206564,214.89299217374568,10000.0,2148929.9217374567
2020-09-25,214.9201851611812,216.8484173320791,210.8820319783503,211.84389581144,348351.95226497075,73796234.68133219
2020-09-28,212.0903727255708,214.7166934944389,202.1861850226764,208.97660070727036,178786.52156254507,37362199.528417766
2020-09-29,208.82849646320608,209.12879526567215,205.5022398213144,208.20824999635258,577218.5441164249,120181662.93592326
2020-09-30,208.11880689792451,216.14522688028325,207.37896335860034,210.48171780876933,10000.0,2104817.178087693
2020-10-01,210.47529202111068,215.5493355998463,209.83223918067156,213.11590238089323,290646.6328159865,61941419.4265471
2020-10-02,213.1608486740452,215.59452610417318,209.72623595551073,212.03960161324088,579515.8611680606,122880312.33062977
2020-10-05,212.3210768867057,217.48570144202642,209.79886516057542,214.2148031314312,984063.984557277,210801072.72066888
2020-10-06,214.024705356921,216.60743104410466,211.62085892561723,215.91864032760716,1713675.6048862443,370014506.56962764
2020-10-07,215.85239870134023,217.72416756757045,212.3758474896695,217.1499469742641,3232551.853764071,701948463.6364272
2020-10-08,216.80889811754457,220.66341612205014,212.13826915007917,218.66883903236052,3186757.647940702,696844595.1526891
2020-10-09,218.17605599431806,224.46953556488018,207.37455810343582,214.64112157960153,5618155.99537734,1205887304.0569549
2020-10-12,214.4288565814407,220.17066830638677,211.15642915756294,218.21216112295141,3673632.6360886386,801631316.6927067
2020-10-13,217.808195521216,227.28250533604822,215.36733792530325,222.05533674976982,2855911.5310952333,634170396.7649027
2020-10-14,222.19449127795545,232.94179004455745,220.9752284468608,230.82610603562682,2233288.8993886528,515501380.2984735
2020-10-15,231.10304864426223,238.1414663102288,223.14711079484846,233.27567799472746,1878428.8600955717,438191765.90365756
2020-10-16,233.08508616007748,236.10509345350704,216.7733743340618,224.61905155198784,1836426.9158550396,412496472.08390117
2020-10-19,224.29940648447865,227.2974381165198,218.22486923624885,219.31156739246535,2874957.9013370317,630511523.5295771
2020-10-20,220.09145371295173,236.46541642916054,215.90166997790766,221.29168570079347,6778387.825767772,1500000868.2978866
2020-10-21,221.15542305283537,230.72790870390975,219.41044627294158,221.67159152353145,7663602.738725093,1698803015.8972857
2020-10-22,222.56682040857947,229.747497286181,203.88352020980605,210.56945462543885,4472070.071557862,941681356.0146862
2020-10-23,209.14628207242205,218.4467957446317,201.643197965383,209.86795046616686,6062562.719298975,1272337612.471867
2020-10-26,209.80046914558966,216.274537727025,207.5403394310444,208.56903215536718,2360904.0186688565,492411466.18548036
2020-10-27,208.1502510743061,217.41084475468534,194.9831676435307,208.3507477868117,2928752.3760981695,610207747.6424552
2020-10-28,208.11178065094768,209.26649522698838,204.37965588795646,207.80589568931566,3508916.4391495488,729173523.5364361
2020-10-29,208.05721513135265,216.27510773030772,206.47761895192102,210.76919043513445,1920597.0996780563,404802695.85121113
2020-10-30,211.17298022970346,219.8230469516216,210.38151298803777,216.42060224613607,3407961.7100270735,737553125.715831
2020-11-02,216.37017035886672,219.83770874843313,214.91661285906525,218.1481840528892,1626670.982521388,354855320.8885699
2020-11-03,218.37814897374523,224.93377010027243,211.622380909207,215.35064199261632,1146838.5859434856,246972425.74483392
2020-11-04,215.09870172837165,223.88241669136585,206.90307305953127,213.45066618257565,1205570.6639692136,257329861.3543987
2020-11-05,213.49941238604438,214.02249352298696,210.3862854601463,212.12897549905776,1022754.8139382922,216955930.86745936
2020-11-06,212.10041576460384,214.4255711604648,211.14663274006932,212.0328044800358,224241.64520164832,47546584.91332266
2020-11-09,211.66464976664884,215.35490180129543,210.92454879069825,211.11571816125698,717731.9471243588,151524495.46443635
2020-11-10,211.33783772918383,213.46280887562966,204.08648203345183,210.21864410299065,1286841.8944519928,270518158.22662175
2020-11-11,209.97645480269813,219.3266996883191,198.00219964160976,207.0297921467434,3207295.5839833026,664005738.1052312
2020-11-12,207.1722583752679,212.5358196225567,198.78855560868368,210.36827798090707,3977808.9363767053,836804816.082631
2020-11-13,210.16668041106863,216.3809460011316,206.95647838075416,212.53761195622621,1328005.145470433,282251042.28386664
2020-11-16,212.5731371752963,219.94354258362418,209.50490337420766,214.80644724469013,1002601.6699550285,215365302.72463304
2020-11-17,214.91320216766383,219.0470545521866,213.54722892534886,214.65339759532424,518017.3936133617,111194193.5525825
2020-11-18,214.64758734693714,215.75686716557573,214.37143537504735,215.60572578751643,1072590.8518858885,231256729.09390754
2020-11-19,215.4589235065159,221.25601657806087,206.64426283130507,212.94480295918757,2350700.758693898,500569509.87608486
2020-11-20,213.12584887933886,214.9526349486924,207.12503475846074,209.80504553505907,2048109.0170130797,429703605.57519424
2020-11-23,209.8540197973462,211.518605562379,206.85578158896237,208.3866324664351,1546326.527070747,322233777.66979074
2020-11-24,208.28302309059723,212.08897082131168,205.6048865105937,209.751179583745,1477046.2565946945,309812194.62049204
2020-11-25,209.75659065384622,211.96083789093657,205.67780570825468,209.37397502290142,1193397.496674023,249866377.66101998
2020-11-26,209.35639003821797,211.9238729553454,206.55389088245857,207.42531933333495,533063.245273465,110570813.87571235
2020-11-27,207.36064626865362,208.76566766408988,205.61072023979875,207.586496614041,566153.0017363303,117525718.17796789
2020-11-30,207.75435276358044,208.46480602151937,207.53373838253586,208.38735691300215,566091.3888954251,117966288.30312806
2020-12-01,208.67479016972828,210.23676675851664,207.4371410832555,208.65563064978426,341474.39748199686,71250555.75736116
2020-12-02,208.57498158603113,209.0426179550281,202.92345235142085,207.63917706588342,140335.81037709862,29139212.17957462
2020-12-03,207.61730384270595,208.50884982603222,204.6779761139553,207.73873528833633,314975.61611991713,65432636.139416106
2020-12-04,207.6130046056282,208.45794456899318,205.97778636653226,207.18279081718381,10000.0,2071827.9081718381
2020-12-07,207.03652908258405,207.36584392358668,204.82340793231592,206.82747935137954,10000.0,2068274.7935137954
2020-12-08,206.9786645210614,208.27653890981307,205.7618272467764,206.70342265960818,10000.0,2067034.2265960819
2020-12-09,206.6045199250546,208.0029411380851,205.65877994332587,207.78722486958014,65603.16800749575,13631500.222930366
2020-12-10,207.85810609118903,215.86816756312695,206.36149415933016,211.82437691554222,1167595.5204057118,247325193.59931818
2020-12-11,211.59463441246436,215.85178868338585,209.27959251485734,214.4495909307172,374510.9583542069,80313721.81813052
2020-12-14,214.3800238800172,216.06078294601883,213.76189159258945,215.1166536817884,10000.0,2151166.536817884
2020-12-15,215.17888301954514,216.6141238773993,213.97309513128116,214.57061294867756,10000.0,2145706.1294867755
2020-12-16,214.6485097968441,217.58589962438361,210.0651311230131,214.04457489027706,310279.7342401489,66413693.81250082
2020-12-17,214.0741401680413,216.88799659392555,212.43863542052577,213.68290708363952,10000.0,2136829.070836395
2020-12-18,213.71871563758052,215.44251584989524,213.66688681279643,214.73658148721958,10000.0,2147365.814872196
2020-12-21,214.75480786437885,216.61035733651624,210.17925053062964,212.24464441749137,10000.0,2122446.4441749137
2020-12-22,212.30136688149364,212.3987255055062,212.25327548573557,212.39291466722975,10000.0,2123929.1466722973
2020-12-23,212.48388816119845,212.90716706963497,211.221924357774,211.31804998618406,10000.0,2113180.4998618406
2020-12-24,211.33550069830335,211.98946315478813,210.82303018313354,211.31681636968457,10000.0,2113168.1636968455
2020-12-25,211.31275071363407,211.90045601470493,211.13699141329965,211.73839680444405,10000.0,2117383.9680444407
2020-12-28,211.705251528231,212.0588388060976,211.28412167650782,211.4492725972001,10000.0,2114492.725972001
2020-12-29,211.4333378114298,211.5015425342462,210.67676048892156,210.72644480274155,10000.0,2107264.4480274157
2020-12-30,210.71569101813364,211.13868403368542,210.31203986725333,211.13685037900797,10000.0,2111368.5037900796
2020-12-31,211.18191772502715,211.86758706711643,210.7547112862821,211.61429127944166,10000.0,2116142.912794417
2021-01-01,211.5551657239399,211.94394631528397,211.46661960588267,211.80285344819004,10000.0,2118028.5344819003
2021-01-04,211.77669257204934,212.57979401549963,211.61091127337954,212.20700711502002,10000.0,2122070.0711502
2021-01-05,212.17365887179582,212.27207402994682,211.9073742234224,211.95171986315006,10000.0,2119517.198631501
2021-01-06,211.97868125784768,212.50744606120895,211.7039557023082,212.32485457083627,10000.0,2123248.5457083625
2021-01-07,212.30212130341943,213.29969371911386,211.62244644588174,212.86717316569508,10000.0,2128671.731656951
2021-01-08,212.80795845165966,213.19600889385413,212.58550128522918,213.07168096016392,10000.0,2130716.8096016394
2021-01-11,212.99827973464426,213.32991175001962,212.39799623237755,213.17115572135776,10000.0,2131711.5572135774
2021-01-12,213.18029615967143,214.37087481150496,212.44803152145317,213.58189100085178,10000.0,2135818.910008518
2021-01-13,213.52882754359538,214.42700344598123,213.19053433957382,213.94484429336788,10000.0,2139448.4429336786
2021-01-14,213.97931683773527,214.036767368199,213.19533214479205,213.70466756811695,10000.0,2137046.6756811696
2021-01-15,213.73787297708213,214.82981307279366,213.30189458194633,214.14107862901463,10000.0,2141410.7862901464
2021-01-18,214.08828777912217,215.01408087961877,214.01659758551403,214.47959713993282,10000.0,2144795.971399328
2021-01-19,214.46683451987215,215.24295844309688,214.36693926315002,214.534431273401,10000.0,2145344.31273401
2021-01-20,214.5340995923796,214.97436537432523,214.0310465480644,214.95438064823804,10000.0,2149543.8064823803
2021-01-21,214.90515751041315,215.61160688357666,214.7319330541255,215.2529829591953,10000.0,2152529.8295919527
2021-01-22,215.21200140133232,215.64920119974707,214.28785616040074,215.49396469572955,10000.0,2154939.6469572955
2021-01-25,215.47229049644164,215.68280787168035,214.9501851785966,215.32986987271454,10000.0,2153298.6987271453
2021-01-26,215.32742312146607,215.77817787169985,214.53164095803123,215.59924619856523,10000.0,2155992.4619856523
2021-01-27,215.60681561817344,215.89301700536035,214.96439306442045,215.24105177131844,10000.0,2152410.5177131845
2021-01-28,215.17909811514792,215.7262238257308,215.171296618025,215.20023007956982,10000.0,2152002.300795698
2021-01-29,215.20659965990455,216.2654408133558,214.02541489875244,214.65433830150315,10000.0,2146543.3830150315
2021-02-01,214.64923607241664,215.4363379419293,213.7340071731898,214.10625653649745,10000.0,2141062.5653649746
2021-02-02,214.09633069141452,215.03480355955895,214.05865094579215,214.24859545493095,10000.0,2142485.9545493093
2021-02-03,214.23234998108546,214.52834390974746,214.0035888689303,214.2222423455152,10000.0,2142222.423455152
2021-02-04,214.25381094552313,214.4613335245413,213.61103684949754,214.24947849359134,10000.0,2142494.7849359135
2021-02-05,214.29821188597643,215.33875939685475,214.27148544886188,214.43980043760882,10000.0,2144398.0043760883
2021-02-08,214.423601303639,214.7453418439303,214.403800266763,214.5524056407624,10000.0,2145524.056407624
2021-02-09,214.5454295574894,214.95855580864927,214.12435491325746,214.26733135439213,10000.0,2142673.3135439213
2021-02-10,214.2148186828278,214.5994711526006,213.9512246663903,214.29093370243325,10000.0,2142909.3370243325
2021-02-11,214.2764790596064,214.32512054893047,213.43876911080244,214.26937598064205,10000.0,2142693.7598064207
2021-02-12,214.28996359328124,215.00231881382973,213.8420143901099,214.10232053449397,10000.0,2141023.2053449396
2021-02-15,214.09758149118917,214.2703037049143,213.31161759813634,214.06232510567898,10000.0,2140623.25105679
2021-02-16,214.0723116356667,214.24035767411817,213.66145619524687,213.94502455061922,10000.0,2139450.245506192
2021-02-17,213.94007963647968,214.09063918313635,213.1725113138749,213.73681552050118,10000.0,2137368.155205012
2021-02-18,213.73861927991138,213.96531676258724,213.60646616992284,213.6296766977616,10000.0,2136296.766977616
2021-02-19,213.64974942168607,214.38032695829307,213.61632950445153,213.70498875011643,10000.0,2137049.8875011643
2021-02-22,213.72832080085874,214.60768233229797,213.273504902323,214.36739556307552,10000.0,2143673.955630755
2021-02-23,214.30187206228916,214.58575602433254,214.00671259250805,214.09735998196666,10000.0,2140973.5998196667
2021-02-24,214.08645259385034,214.3793452832409,213.77746414706417,214.32792252138583,10000.0,2143279.2252138583
2021-02-25,214.2030144858211,214.21680661740476,213.394856528058,213.7072072300537,10000.0,2137072.072300537
2021-02-26,213.7067352723445,214.91433209280314,213.44851630840535,214.40544102399124,10000.0,2144054.4102399126
2021-03-01,214.36882157736645,215.11132882046374,213.60069806899958,214.19053958469055,10000.0,2141905.3958469057
2021-03-02,214.14972903206777,214.54568024872876,212.52695561633175,214.2830206709481,10000.0,2142830.206709481
2021-03-03,214.38796575350247,217.32850562359658,213.78054535688807,215.1548892491906,10000.0,2151548.892491906
2021-03-04,215.18657676100904,219.9209493527109,213.90678650920978,216.07331090484823,10000.0,2160733.1090484825
2021-03-05,216.19245003706743,218.35962661360787,213.91676282130652,214.48708787461217,10000.0,2144870.8787461217
2021-03-08,214.55770620426003,215.9763317210169,214.4151975653229,215.12651674083304,10000.0,2151265.1674083304
2021-03-09,215.34219924075964,215.84350750629244,213.77031192394432,214.8338217755514,10000.0,2148338.217755514
2021-03-10,214.80863917639147,216.76598638495176,213.040169200376,215.44828262227202,10000.0,2154482.82622272
2021-03-11,215.41697191965628,219.13781832238328,214.72777052145264,215.6310998551251,10000.0,2156310.998551251
2021-03-12,215.61366334344575,217.75231412026054,214.4175717870898,216.94173620737502,455971.0536793944,98919152.04551402
2021-03-15,217.4620725224806,219.1020949326646,215.566320860818,217.5646448263878,1020868.9340196108,222104987.04426974
2021-03-16,217.49959155619928,218.7519638406093,217.18012964618922,217.35827409117036,27476.456593273488,5972235.183254884
2021-03-17,217.36205121449584,220.31185299913975,216.86698898408062,219.3288421345488,267937.42209156527,58766404.55185889
2021-03-18,219.52093783768618,220.4674751301339,215.63829555511566,217.17606817554014,10000.0,2171760.681755401
2021-03-19,217.30422694214508,217.67241977142876,216.53071663701266,216.57386878833637,10000.0,2165738.6878833636
2021-03-22,216.49788047793004,217.2831430584135,214.92044071850904,215.1203421528965,82007.45666966948,17641472.137868132
2021-03-23,215.32777434502256,216.46995502817956,211.1066726894733,214.94913243185763,10000.0,2149491.324318576
2021-03-24,215.03520649982775,215.85299834204915,213.99564036811418,214.17869748064552,603853.9627237485,129332655.20469874
2021-03-25,214.4450537098991,217.1755564166064,213.3806339319393,213.90621483853107,523318.10941667395,111940995.94177696
2021-03-26,214.04826398540783,214.45947266707967,210.76106841302993,212.75820249889557,1435046.4985090313,305317913.5251155
2021-03-29,212.9769387587993,213.41519978105117,207.7468664358822,211.44140364767276,1774334.4857221711,375167774.2015675
2021-03-30,211.1467949468148,214.48801795600605,198.94969502163707,205.01786222838533,2705143.0771924905,554602650.7079203
2021-03-31,205.7437833012723,207.94901355561427,203.7802355469954,204.82514670539138,4389826.381085266,899146832.516987
2021-04-01,204.58546519161806,208.0448811422316,200.17266320692568,205.8820481519726,2154374.5150453453,443547037.64394844
2021-04-02,205.90874282680193,214.2763525248112,201.47642610280133,203.8216436054754,2848237.8371910066,580532517.3555754
2021-04-05,204.04078470272555,204.45500525773102,200.6893968491554,202.50182947223786,790434.1150987148,160064354.3847592
2021-04-06,202.4383394776417,202.86174068516198,198.51686218707667,201.29964164298963,904046.3570976013,181984207.71239737
2021-04-07,201.32754929180385,207.34556853022747,199.30194371417224,205.26266085343164,1085941.9744203559,222903339.20195144
2021-04-08,205.26522665211724,207.19765745433386,199.4765259479584,205.84530889020957,2848317.9033195334,586312878.6263235
2021-04-09,205.91329038551666,211.8116129527383,202.36610900396207,207.53392857593235,4765618.494235118,989027528.2027333
2021-04-12,207.76568728249487,212.54799321402086,203.71622264119586,206.35788752723911,3656391.7334118257,754525274.0789244
2021-04-13,205.72701880210556,206.24715791104833,202.42308530992076,204.26327449295593,4052899.6361139338,827858550.8639417
2021-04-14,204.04157260090884,206.97893385383458,197.64409234743405,200.58073568980018,3406079.7803671006,683193988.164186
2021-04-15,201.74610741089276,213.77985427129292,193.99191749754678,209.47322866482688,5779264.934688617,1210601285.1786444
2021-04-16,207.81900931314308,220.4162436258575,180.32938602991862,195.55896123722712,11811763.39409281,2309896179.728694
2021-04-19,195.12688292319726,200.61077220950276,188.96515484335796,197.6045517272263,6860727.326177906,1355710947.812117
2021-04-20,198.9444351521532,205.3794547290884,178.868241985547,197.20152549814696,25228287.743131448,4975056828.651725
2021-04-21,194.4756875919706,214.6325596920457,139.539342085283,193.45284435105862,23563588.497329127,4558443217.926207
2021-04-22,192.4321183247262,208.95938967232237,168.96725795998887,175.761461045987,20591940.559623823,3619269558.5316024
2021-04-23,174.84876787871124,180.3455453569308,147.79972129027368,162.27904617594703,12677019.682361392,2057214662.4073138
2021-04-26,164.07632408750277,191.68975214933633,159.58359722802345,173.93586541075314,19660842.64554297,3419725680.257158
2021-04-27,172.8365366036848,189.2628185206456,163.99676381688215,165.374643627887,15012821.98341842,2482740085.356729
2021-04-28,165.95387998149397,175.27923652879352,161.93022292169283,173.63045927843424,18016298.500976622,3128178183.221937
2021-04-29,172.82850993237025,189.52749971083276,167.81481456512932,182.37023795681725,25437833.11605778,4639103678.481263
2021-04-30,182.3829194419767,192.95646987006384,169.7795470274582,189.53766255224386,13174476.192772582,2497059422.9283
2021-05-03,187.64499853997944,227.9068973765662,186.5291936995564,202.6961775451353,18565309.81147206,3763117333.7265825
2021-05-04,199.41354925955105,217.39913217200558,145.41578257051475,177.41363052651025,30235402.291630294,5364172490.987699
2021-05-05,176.8375290456504,183.35066258798201,160.74406381457734,171.6785892167863,21895112.9014746,3758922093.6674156
2021-05-06,170.527518918753,188.03495980072535,163.19995551706216,177.44945960214278,13494449.627102144,2394582793.9576125
2021-05-07,177.33980232898415,184.2744933586306,169.55596065592567,169.77514439403762,7647814.066452573,1298408737.4307377
2021-05-10,169.84605644543421,186.51482159560786,161.16936470920703,180.05424110432574,9093481.22834557,1637319861.5661933
2021-05-11,180.30345972146552,194.38718520653686,175.72070842861925,176.67444394241346,9616497.247900598,1698989303.9465876
2021-05-12,177.60106270365733,179.54828822377235,175.0391674935073,176.28464840303545,10403199.135185858,1833924301.8130014
2021-05-13,176.94802149694144,178.20314167424073,170.4121922025104,171.55452621083677,4666383.4015683215,800539193.5741663
2021-05-14,171.01474350765093,182.59929424213905,160.6739099711067,173.35214251524457,7896416.621523367,1368860739.5340648
2021-05-17,172.8475799491072,179.18045107922188,165.7910150374631,168.48487344781043,10498783.185200501,1768886156.3145065
2021-05-18,169.22396972153732,172.48041098185388,160.52250102967312,167.4271552002088,5916921.138726384,990653273.8009386
2021-05-19,167.40509194967152,168.2949163225168,161.2994083197981,162.9453951201415,4965386.140860719,809086806.6466244
2021-05-20,162.790667034943,169.65640785281647,161.20655987509508,167.78659441425563,5404879.254721381,906866283.3699605
2021-05-21,168.1987585999833,174.7724818836716,161.46711125129497,161.6154614279152,4764793.0844166195,770064232.9465312
2021-05-24,161.4014621179799,167.17714859836158,154.89369571301214,163.16616683944346,4795944.230894954,782535836.5308725
2021-05-25,163.6542185369721,168.84929860165602,155.3007810804649,164.4113842879959,9504704.160541356,1562681568.2824783
2021-05-26,164.20450832061087,188.07059908084247,160.82425744412075,167.42962388994957,8813359.897736063,1475617532.8847134
2021-05-27,168.45265017347518,172.60450738258555,147.43154066949575,159.5507216435041,8532511.790028729,1361368413.5307906
2021-05-28,159.46798048076766,171.74107159892046,153.9027828988021,165.50566008708964,6177414.223178162,1022397018.6384778
2021-05-31,166.28567977573414,178.61036671450867,166.1262731848563,174.9516284674076,19037146.485842306,3330579779.0706973
2021-06-01,175.9893960379756,194.66565102809076,166.87654114068582,176.5239085780252,18632233.97344395,3289034766.5325956
2021-06-02,177.75481393011566,182.1146551958425,168.29237938027183,178.92323433776383,13419387.796322918,2401040267.3508134
2021-06-03,178.40993096652562,182.75109189007068,174.5134631121939,177.91315737180201,9228198.023508275,1641817847.21458
2021-06-04,177.7133294854263,200.07573367427145,175.13387460411323,181.2865768090841,7108783.264586641,1288726983.3146179
2021-06-07,180.09910192885016,207.9065548850889,146.778813146746,174.53781608600727,11175621.911666429,1950568641.8651881
2021-06-08,173.22854012786635,179.83646215790836,160.57734055252575,178.8033792263035,9979178.639885962,1784310862.7145572
2021-06-09,178.45041837520688,196.19747738369847,176.86272114942062,181.7066487298924,12463286.77145933,2264662071.4014754
2021-06-10,181.7667654978761,192.3193652532908,173.07908376121398,176.44375735664056,4330787.408252564,764140402.6249096
2021-06-11,176.96736001790273,179.73707061250337,164.59881802154928,165.80655954353608,4419839.322020912,732838351.7195225
2021-06-14,165.6892655420124,166.2638402822525,164.75230874086515,165.47708385394847,3381734.8128189854,559599615.192664
2021-06-15,165.86321395907854,171.0957220608943,164.559570586651,165.1507907794872,1257143.5706782152,207618254.8208554
2021-06-16,165.19240208987088,171.8502560181125,164.9456064742615,167.97347155280323,2413595.51438938,405420017.476258
2021-06-17,168.13316170078787,170.33346675474826,165.66975413253107,168.078029721618,1071705.017206089,180130067.73477218
2021-06-18,168.02160437484716,171.78886654966144,165.29042059405944,166.99018125102063,2136058.925246897,356700867.0898397
2021-06-21,166.6411235681321,167.52457134089218,160.78131981256684,163.26314271946123,2947488.295902856,481216202.31792957
2021-06-22,163.5206227289818,169.29641389262437,162.97125180929186,163.1195758749281,1204752.8555885137,196518774.83770686
2021-06-23,163.07482421389923,165.46059322138098,158.5482569865452,162.22812448085938,941472.3081401084,152733286.8002355
2021-06-24,162.3392841034439,163.05223373804375,161.0004298897329,161.12749087860578,10000.0,1611274.9087860577
2021-06-25,161.09090868357632,161.4964535160262,159.7150672009202,161.00917603698528,10000.0,1610091.760369853
2021-06-28,161.0812240503614,164.15246365189682,160.546179646873,162.31838296209168,356956.33061557956,57940574.37360265
2021-06-29,162.30434447622417,162.4926391846239,161.91145235801403,162.39855862574862,10000.0,1623985.5862574861
2021-06-30,162.35102731644753,163.75644348916651,160.03009242192238,160.98024631137844,580720.4599544707,93484522.68152767
2021-07-01,160.96196045828833,163.17027064190725,160.0736279827079,161.3721353426405,283101.38552378875,45684675.10043388
2021-07-02,161.43044249812428,162.44310387095354,159.78618711471591,160.4306794332008,10000.0,1604306.7943320079
2021-07-05,160.33174303361133,161.36778372251698,156.51781542937317,159.14875447087974,10000.0,1591487.5447087975
2021-07-06,159.0538953171108,162.71318774607366,157.3614563621085,159.6284521506029,10000.0,1596284.521506029
2021-07-07,159.69330503471025,162.26966149424746,157.8792209308936,159.2640048360022,10000.0,1592640.0483600218
2021-07-08,159.21568036690059,161.5104506513826,159.08060148901984,159.99229285226934,10000.0,1599922.9285226935
2021-07-09,160.00036805250468,160.42719726637438,159.5851523928482,160.13418912429523,10000.0,1601341.8912429523
2021-07-12,160.05033283368562,160.3306013592166,159.48488090601995,159.63623012574584,10000.0,1596362.3012574583
2021-07-13,159.6222796815799,161.2182816608721,159.17459731721294,159.77287154541918,10000.0,1597728.715454192
2021-07-14,159.83177663685422,161.2589489346013,159.58874616942356,160.474304173625,10000.0,1604743.04173625
2021-07-15,160.47940870473886,161.2188585603571,159.94071214431884,160.34599555974518,10000.0,1603459.9555974517
2021-07-16,160.35521135917816,161.07757008935536,158.2227865689084,159.85399524029899,10000.0,1598539.9524029898
2021-07-19,159.8376483967244,160.12257223963172,158.95029577417992,159.58658594612075,10000.0,1595865.8594612074
2021-07-20,159.59200542713535,160.39832066464555,158.6798141420527,159.08369863093668,10000.0,1590836.9863093668
2021-07-21,158.9841667875714,159.37375123860497,157.69326274470876,158.43021570948144,10000.0,1584302.1570948143
2021-07-22,158.31189221955879,158.5630958441652,155.26267952944647,157.5051302832661,10000.0,1575051.3028326612
2021-07-23,157.5317457687465,158.42952053581126,156.4715753534356,157.7898281975165,10000.0,1577898.281975165
2021-07-26,157.69950413792006,158.5651077157725,156.28742047424382,158.35298985376872,10000.0,1583529.8985376873
2021-07-27,158.40896140926262,158.7048904674961,158.03136543659497,158.1961220363539,10000.0,1581961.220363539
2021-07-28,158.22954879016322,158.6556831828116,158.00649989224198,158.51269107358434,10000.0,1585126.9107358432
2021-07-29,158.47237695244598,160.10656227687718,157.65611358963682,158.81268947417698,10000.0,1588126.8947417699
2021-07-30,158.75852136250705,159.3022894939645,158.14896827709094,159.22741511790093,10000.0,1592274.1511790094
2021-08-02,159.1690733589309,159.34105464296226,158.80207840138002,159.1829137501532,10000.0,1591829.137501532
2021-08-03,159.1898065155318,159.7103994135588,158.4772199589411,159.09950393624058,10000.0,1590995.039362406
2021-08-04,159.09674158116204,159.50055426440528,158.43530535352042,159.2000657742076,10000.0,1592000.6577420759
2021-08-05,159.2317415483173,160.07402840971838,158.86307340040605,159.22336883316527,10000.0,1592233.6883316527
2021-08-06,159.23411003049037,159.70288682606628,158.7857182913895,159.2955222164447,10000.0,1592955.2221644472
2021-08-09,159.3322457598984,159.7566611691891,159.02628871249323,159.60562760552278,10000.0,1596056.2760552277
2021-08-10,159.62607882194783,160.0236388036368,158.5265694948656,159.5028895942731,10000.0,1595028.895942731
2021-08-11,159.4797007706735,160.10691733932512,159.41284578090796,159.55470568733423,10000.0,1595547.0568733423
2021-08-12,159.54970559767222,159.65774173154432,159.00242773707296,159.32003640475892,10000.0,1593200.3640475892
2021-08-13,159.29925676417568,159.48494975991804,159.14343002450033,159.28193877881705,10000.0,1592819.3877881705
2021-08-16,159.27380049533932,159.39182063701227,158.7348909696059,159.1211509941422,10000.0,1591211.509941422
2021-08-17,159.1082158922327,159.81030568332528,158.81329219620144,158.9404421439239,10000.0,1589404.4214392388
2021-08-18,158.93426751055762,159.0941532047462,158.80211096765848,158.88806844551277,10000.0,1588880.6844551277
2021-08-19,158.91980669532296,159.06675957166433,158.61747350983015,158.78167610589918,10000.0,1587816.7610589918
2021-08-20,158.76683014346105,159.0669972263783,157.81523630040502,158.87677850767363,10000.0,1588767.7850767362
2021-08-23,158.84460538644603,159.68475102628415,158.47897414454894,159.08827726528364,10000.0,1590882.7726528363
2021-08-24,159.07251899506747,159.2418703696921,158.4159246414114,158.73254951316463,10000.0,1587325.4951316463
2021-08-25,158.72049960362864,159.03349686421433,158.32898032208263,158.97162787242428,10000.0,1589716.2787242427
2021-08-26,158.95706046932676,159.2083435770238,157.97302971424207,158.4416219438563,10000.0,1584416.2194385629
2021-08-27,158.43694055968584,158.52234694770152,158.36342638740197,158.50044301152403,10000.0,1585004.4301152402
2021-08-30,158.4892875688278,158.71681397167498,158.41867754463317,158.67364539868592,10000.0,1586736.4539868592
2021-08-31,158.7095861601724,158.9671017460532,157.64553543518102,158.45877842826516,10000.0,1584587.7842826517
2021-09-01,158.49110386594057,158.74525064407104,158.32637921899698,158.37539568151854,10000.0,1583753.9568151855
2021-09-02,158.32554607176505,159.134192153236,157.42808130090182,157.881023206224,10000.0,1578810.23206224
2021-09-03,157.93083797708877,158.3707009122831,157.87600707042623,158.3449572045107,10000.0,1583449.5720451071
2021-09-06,158.44153853422688,158.7397987389701,154.88443143591965,156.1393301254045,10000.0,1561393.3012540452
2021-09-07,156.13832697384126,157.51138036954697,155.00475323647564,155.51624175627748,10000.0,1555162.4175627748
2021-09-08,155.46812828437044,155.5339695146157,154.0339081913144,154.44021715305612,10000.0,1544402.1715305613
2021-09-09,154.469029363294,154.5821728995432,154.151405775667,154.5700646731722,10000.0,1545700.646731722
2021-09-10,154.56403555310976,156.17471747385196,154.02321333704583,155.3858425050866,10000.0,1553858.425050866
2021-09-13,155.41270454394865,157.71724037351362,154.60968006442397,156.38520251929847,10000.0,1563852.0251929848
2021-09-14,156.31410950746078,156.83791406765775,155.7439928419288,156.82706821189575,10000.0,1568270.6821189574
2021-09-15,156.97666658361265,157.56591298110126,155.99568472429507,157.00538382800949,10000.0,1570053.8382800948
2021-09-16,156.99230895448576,157.13905992763358,155.50744685674442,156.52856327229975,10000.0,1565285.6327229976
2021-09-17,156.5615838419786,157.69569517192127,154.13579815826404,157.30606684130018,10000.0,1573060.6684130018
2021-09-20,157.26767265900548,159.28472045901324,155.97052831407862,157.70153662129604,10000.0,1577015.3662129603
2021-09-21,157.7092106906638,158.01852841876402,156.99104628794325,157.26094569712177,10000.0,1572609.4569712176
2021-09-22,157.10403221010705,158.84881077759212,155.25433997539685,156.39085473352162,10000.0,1563908.5473352163
2021-09-23,156.32004476101636,156.64745664553422,155.36302363535108,156.0509352588209,10000.0,1560509.352588209
2021-09-24,155.93444480421675,157.27956018056105,154.6170328618539,156.56035072417126,10000.0,1565603.5072417127
2021-09-27,156.62579708023117,157.772651422815,156.18302710804628,157.39351188031182,10000.0,1573935.1188031181
2021-09-28,157.26330730721116,159.00647508720874,157.05144041022572,158.91335917247517,10000.0,1589133.5917247518
2021-09-29,158.72667198413407,159.2571116319177,155.84980130268042,157.98777844645014,271858.24305313843,42950279.87232043
2021-09-30,158.14197006141785,161.6283781016405,154.9849641333661,157.4971190746293,741103.644284599,116721688.9105332
2021-10-01,157.3743339678224,165.1403552547246,150.67957096707426,161.01014979907896,2866927.100056227,461604361.84309214
2021-10-04,160.9793969079063,166.17253843870776,160.39477468261384,161.4268279602041,1248292.5017941718,201507898.9311405
2021-10-05,161.60071111256357,167.10582889467764,155.4249683597835,162.66187973451792,756932.8159411344,123124114.67372678
2021-10-06,162.72728723446127,166.0453601213419,160.30150594117828,160.93657204838257,431380.3768679759,69424879.10207143
2021-10-07,160.99186227307897,165.73692598919027,157.25939761153546,160.30274730442613,981211.177683407,157290847.46846157
2021-10-08,160.42943329877738,160.8203010522283,158.64510096864592,160.27267139378608,1751662.38196766,280743609.3379594
2021-10-11,159.77182370147833,166.3172327174829,159.01309011331304,159.36065572047528,3319073.848125584,528929784.8219742
2021-10-12,159.7903319622101,161.98463702756266,154.90810617932013,158.0048894452683,4893549.860841722,773204804.7572044
2021-10-13,158.41306399330432,164.4395149328154,152.9354170656193,153.11844509304814,3561185.5874376814,545283199.836231
2021-10-14,153.56252823634108,158.40668647295757,152.93916964609483,157.05568516980085,2751037.4315328654,432066068.7371633
2021-10-15,156.65428231004796,157.96548928971401,152.20394831421385,157.343180439337,1406674.7470077248,221330678.53789517
2021-10-18,157.0540771465202,161.81025062523068,149.08705499538902,152.3915532149028,4652934.982024297,709067988.9186386
2021-10-19,152.1617100155572,157.61345194946375,141.24614584921662,157.00627466064375,7476666.753426303,1173883593.8345537
2021-10-20,157.8454774222653,161.80971726645637,131.8494399720257,157.35916909739748,7908260.033722037,1244437227.9126563
2021-10-21,157.61077837929835,163.4499806543073,153.24147409852645,160.5038858862857,6823110.249501617,1095135708.8755538
2021-10-22,161.23117051687439,161.67863879691242,154.94919811923515,159.7594201859538,7098706.799945169,1134085282.4293277
2021-10-25,159.93048407023312,163.45417397005892,155.85298956859066,156.98849559880932,4177751.725528036,655858958.3759761
2021-10-26,156.7884043130972,161.87594125805143,152.66522659353524,154.5913398033943,4551622.533166254,703641425.6814908
2021-10-27,154.3697969485214,155.6230374266167,150.059057136557,155.21038374947116,1683048.9805701915,261226678.14345565
2021-10-28,155.11233494015315,158.69267673003182,152.70141732359036,156.62880574335392,1315300.2951329073,206013914.42054823
2021-10-29,156.8726115807733,162.94213997334765,155.77035437568543,157.49437613821092,934436.1655899403,147168440.9405696
2021-11-01,157.33396135671362,159.61155430004754,156.87983861329047,158.7802183752918,1483256.358462229,235511768.5031728
2021-11-02,158.40518310941206,168.63581740897004,156.0795422906098,161.40701568705322,1778470.6215976716,287057635.5191787
2021-11-03,161.49199861276222,163.6972391912322,161.11884479541575,162.25521739406958,2743323.246812773,445118509.79381126
2021-11-04,162.64698709084485,166.15745943353315,161.24798902862213,165.15027786595985,3229120.5330793248,533290153.3007269
2021-11-05,166.016033378406,171.62119217765775,163.83744371072808,169.16787521039026,4548186.705758898,769407081.0733771
2021-11-08,169.40871464803328,172.84332549746563,169.0223460593865,169.76551720805296,1249011.334546088,212039055.2079371
2021-11-09,169.9152410745913,170.8230761428635,168.81512207044537,169.6904730465027,582921.8231207628,98916279.91449201
2021-11-10,169.25742508960897,171.59666243782198,167.9101740152736,168.69274488631825,2381134.858261895,401680175.1846934
2021-11-11,168.62800213670639,169.52425188751806,163.94464409220538,166.54238072287146,1456264.3414909015,242529730.3937194
2021-11-12,166.47989641192729,167.8399537895721,163.53966929632932,163.85359852899924,863011.746697771,141407580.26922697
2021-11-15,163.88907017341307,169.1792284731793,159.67731869921604,166.81967592900833,2390562.582714103,398792875.3363798
2021-11-16,166.65346892157342,167.64862088751164,165.83594129946894,166.8581377923662,1012821.3483653956,168997484.1046033
2021-11-17,167.04603272690446,170.79337470958265,164.1619580693263,165.6846211127939,2644377.8267567614,438132738.3052674
2021-11-18,165.89362236177564,168.41807257865312,162.17784035289674,168.34325210721894,954148.3204920226,160624431.2642681
2021-11-19,168.35771718125122,170.47683511722485,165.56824193434826,169.43882841789187,10000.0,1694388.2841789187
2021-11-22,169.4160761019515,169.54821938852984,167.68497386357416,169.52296165666007,10000.0,1695229.6165666007
2021-11-23,169.536190340437,171.01154114914652,168.62242012232934,170.17575912450607,10000.0,1701757.5912450608
2021-11-24,170.20416265731484,172.31151677407317,168.39423194272365,170.07139379816076,10000.0,1700713.9379816076
2021-11-25,170.13106523349734,170.92400458128793,169.57716750197778,170.36698759218092,10000.0,1703669.875921809
2021-11-26,170.29205989446604,173.6358695615928,169.26176268669602,172.0362170859989,10000.0,1720362.1708599892
2021-11-29,172.1481229763309,173.92776691868218,172.12322617924892,172.88195885654483,10000.0,1728819.5885654483
2021-11-30,172.89057852389337,174.20765317149514,171.83980365975674,172.52120871661384,587294.7445612298,101320799.20461835
2021-12-01,172.4955086902956,175.11665416856454,166.9157342038114,173.74821385771162,715104.1530355925,124248069.31216587
2021-12-02,173.8692424621515,176.45949006343974,172.68325640716117,175.86704008282229,899495.5034554347,158191611.76051533
2021-12-03,175.72948109391422,176.69938615579247,171.60197639837068,175.7398663564615,1598176.452632568,280863316.19969124
2021-12-06,175.9132389687275,177.67306254657532,174.58570123415382,175.0406828877218,994818.3731067957,174133687.37786594
2021-12-07,175.40720342711276,179.85987051907847,175.1740004953047,178.34580183856582,1092833.7089901022,194902304.10605368
2021-12-08,178.42817796477698,181.78670250090553,177.79542453752373,177.91891062711665,1036330.8123502493,184382849.1826712
2021-12-09,177.97078399517906,180.33286495311518,167.92410728332342,174.98786457734036,1609570.413708195,281655289.58166337
2021-12-10,174.85998908053375,179.9737965936386,160.78929978312473,175.5725431629053,3311727.484149289,581448416.6545808
2021-12-13,176.09462314061238,206.56767388555937,173.59835004588797,183.9371827005846,4357419.605976831,801491486.1676698
2021-12-14,184.28733537564892,188.1530009402554,180.89971251863884,186.1175488507142,3622105.2715431047,674137354.8188533
2021-12-15,185.74156500918605,189.74838220118272,179.4737757457406,188.74317592545884,2590720.621659831,488980838.0676556
2021-12-16,189.153489749611,193.5392646143615,178.36720776282377,180.2983566444925,5501538.597784356,991918368.196765
2021-12-17,180.0615896216645,180.2222640877917,177.56853264692936,178.68326033516487,3578141.929344683,639354065.8772651
2021-12-20,178.23295724208484,184.27959848094133,174.2069273321063,183.78707834987003,5737589.767505295,1054494860.1399082
2021-12-21,183.7554005044299,187.34967207884617,180.54064344101886,182.46970206493688,6188554.192811435,1129223639.7750185
2021-12-22,182.07175106699376,202.4354012630599,170.2210475637649,191.27554206690124,9382502.38829669,1794643230.2654448
2021-12-23,191.75393323221525,196.04236507574367,186.29934301028646,193.73803088622273,4082555.314755469,790946227.6648078
2021-12-24,193.2979509591948,198.09141799765638,184.14223136804793,195.55328776863635,3588469.0964195444,701736929.8609897
2021-12-27,195.164381852684,204.02898304283286,188.6069983277091,201.06215233810212,2807832.9660857813,564548939.5670846
2021-12-28,200.79938104087887,201.7903216534165,198.99494063525313,200.02489880108615,1838240.3380863296,367693837.5977925
2021-12-29,200.00406408861986,201.09655209102988,199.46662283536892,199.53160432751338,181332.54999729982,36181574.61776026
2021-12-30,199.61636332643317,200.45494175107305,197.60369201985998,199.8736106008991,141782.57962709054,28338596.110376064
2021-12-31,199.79614292046688,200.67559319158116,199.51517871369876,200.12244498318302,10000.0,2001224.44983183
2022-01-03,200.06297324098688,201.43807322905053,198.7520941090784,198.85101303694557,10000.0,1988510.1303694558
2022-01-04,198.6974387678265,200.89801996297018,195.10709365676541,200.18384105618304,10000.0,2001838.4105618305
2022-01-05,200.15989923869353,202.27896887006114,199.1158337363191,200.61077777345707,10000.0,2006107.7777345707
2022-01-06,200.5198208502081,201.64425441991528,200.33618109015384,200.5831729711158,10000.0,2005831.729711158
2022-01-07,200.83373828033567,202.39250646958027,199.0900282281828,201.4596718435752,10000.0,2014596.718435752
2022-01-10,201.64041846492117,202.06546680423003,199.70962336053805,201.21471956909843,10000.0,2012147.1956909844
2022-01-11,201.1485808432575,203.2621095200795,200.65096657665126,202.1619302508816,10000.0,2021619.302508816
2022-01-12,202.16937543454884,202.340471325367,201.8699319563506,202.27738471251996,10000.0,2022773.8471251996
2022-01-13,202.29742237099032,202.82079647402958,201.71113909712517,202.69501065497857,10000.0,2026950.1065497857
2022-01-14,202.66516192659813,203.16049845273724,202.26206102795908,202.292497023533,10000.0,2022924.97023533
2022-01-17,202.26493989560453,202.56410197143418,201.8702311683965,202.19521662000147,10000.0,2021952.1662000148
2022-01-18,202.22126317510916,204.85333801974735,202.12490532856455,202.4048824506143,10000.0,2024048.824506143
2022-01-19,202.39419077239327,202.6022343456207,202.06176185886156,202.09713370754798,10000.0,2020971.3370754798
2022-01-20,202.08154022577378,202.4485731922017,200.95641402709737,201.8340349133164,10000.0,2018340.349133164
2022-01-21,201.83183304725628,202.3455766765785,201.28055222243276,201.87719729363408,10000.0,2018771.9729363408
2022-01-24,201.95288783525217,203.2971671836921,201.00987858306982,202.64705862805624,10000.0,2026470.5862805624
2022-01-25,202.63555671893207,203.18897827216125,202.07762518193883,203.0248361169334,10000.0,2030248.3611693338
2022-01-26,203.04546370244216,204.0491056744144,201.6828907808177,203.59134203298385,10000.0,2035913.4203298385
2022-01-27,203.59971433082922,203.8026370961772,203.1038652282107,203.75017044267577,10000.0,2037501.7044267578
2022-01-28,203.77768531058013,204.54922145134685,203.68432508295243,204.15296337559968,10000.0,2041529.6337559968
2022-01-31,204.14168755361888,205.4580151009266,202.64816649745512,205.07369446675642,10000.0,2050736.9446675642
2022-02-01,205.03073823741946,207.87860692182122,204.38011126769956,205.32657301235955,10000.0,2053265.7301235956
2022-02-02,205.2636833723002,206.16826295636392,205.02167626114783,205.8331816714918,10000.0,2058331.8167149178
2022-02-03,205.85656874892746,208.05695615658007,204.4701696197433,206.56394144343216,10000.0,2065639.4144343215
2022-02-04,206.5742266293217,206.91663601154184,204.8356906409267,205.07989963373325,10000.0,2050798.9963373325
2022-02-07,205.0629828947433,205.74965722117074,203.55528367016953,205.09584850702103,10000.0,2050958.4850702104
2022-02-08,205.1123376729025,207.1942148627208,204.44318954387708,205.51675249368256,10000.0,2055167.5249368255
2022-02-09,205.6802116059231,207.63967934068089,205.02019448211192,206.1259067099915,10000.0,2061259.0670999151
2022-02-10,206.1727358499279,206.35309699408313,205.494006761726,206.00632879774824,10000.0,2060063.2879774824
2022-02-11,205.93668324689588,206.48207686470369,205.7259847724728,206.42063836923984,10000.0,2064206.3836923984
2022-02-14,206.46742064553277,206.69827606470747,205.7010177066486,206.23268939608286,10000.0,2062326.8939608287
2022-02-15,206.2379397236306,206.60076246100684,206.09557608989206,206.2103917056606,10000.0,2062103.9170566062
2022-02-16,206.17867441307817,207.28958403279128,206.15380778701416,206.76812931027104,10000.0,2067681.2931027103
2022-02-17,206.80955520784127,206.91789323204046,206.10711449817714,206.3858179042396,10000.0,2063858.179042396
2022-02-18,206.38294431235568,206.57515318534516,205.70030247154187,206.39747087177213,10000.0,2063974.7087177213
2022-02-21,206.42900972787464,207.62560772059723,206.36639711998686,206.38643123537523,10000.0,2063864.3123537523
2022-02-22,206.36718056442922,206.43154921676899,206.28600568495017,206.3925641044215,10000.0,2063925.641044215
2022-02-23,206.42503830866076,206.62191290394082,206.23912650569054,206.26091855942335,10000.0,2062609.1855942335
2022-02-24,206.25194124486302,206.9526592242719,205.5957465320379,206.49477827576374,10000.0,2064947.7827576373
2022-02-25,206.52417911846354,206.53753134264304,205.79942363403532,206.1958442184376,10000.0,2061958.442184376
2022-02-28,206.2209325020896,206.92635970283456,205.67045419533025,205.81924179625645,10000.0,2058192.4179625644
2022-03-01,205.78342437218149,206.55756616851917,205.50896795140804,205.99828739536488,10000.0,2059982.8739536488
2022-03-02,206.00940346238198,206.57904804511475,204.94674084128522,205.66046879115652,10000.0,2056604.6879115652
2022-03-03,205.67473059146766,206.12830791339124,204.60755579918302,205.80544721331822,10000.0,2058054.4721331822
2022-03-04,205.803352660706,205.88228124475734,205.6719795537656,205.84087573365073,10000.0,2058408.7573365073
2022-03-07,205.78561333025004,205.80036355057362,204.74301228592805,205.6575762257698,10000.0,2056575.7622576978
2022-03-08,205.66598187485582,205.7339351387767,205.40071897415612,205.5788832179922,10000.0,2055788.832179922
2022-03-09,205.56875541152252,205.58275750509458,205.23468061722895,205.57537228431602,10000.0,2055753.7228431602
2022-03-10,205.61197572251763,207.1799958778661,205.59095207385482,205.74011405349407,10000.0,2057401.1405349406
2022-03-11,205.70234136532773,205.89577522092907,205.4127110307175,205.54711921228326,10000.0,2055471.1921228326
2022-03-14,205.577144693277,205.84390627080418,205.0080632095269,205.5073436269879,10000.0,2055073.436269879
2022-03-15,205.51128509110822,206.19684139890546,205.0159323569691,205.09073771299177,10000.0,2050907.3771299177
2022-03-16,205.1686936407689,205.40003145418947,204.5554947530763,205.02980258416082,10000.0,2050298.0258416082
2022-03-17,204.99853191527856,206.08551940474018,204.0591668449632,204.46368290277897,10000.0,2044636.8290277896
2022-03-18,204.50295287977792,204.56130442156356,203.77769563348318,204.4741077144872,10000.0,2044741.077144872
2022-03-21,204.45227237939073,205.08320050406644,203.49551368912856,204.3189194342304,10000.0,2043189.194342304
2022-03-22,204.2794905844721,205.88523672166784,204.26713070793505,205.20862523229079,10000.0,2052086.2523229078
2022-03-23,205.25874969240243,206.73730346804086,204.64962957962564,205.84260980335185,10000.0,2058426.0980335185
2022-03-24,205.88020204021606,206.396774237874,205.45975481278643,205.78634214685712,10000.0,2057863.4214685713
2022-03-25,205.85459232037763,206.60858685377028,204.59447078292837,206.44806274179848,10000.0,2064480.627417985
2022-03-28,206.27713931545435,207.90053461707592,204.2149177242371,206.8073927800305,10000.0,2068073.9278003052
2022-03-29,206.69946662658057,208.02727359959727,204.32053057973135,205.83317992578475,10000.0,2058331.7992578475
2022-03-30,205.90993509413593,205.98951235167814,201.41879764438204,202.72138594692854,10000.0,2027213.8594692855
2022-03-31,202.62722399089577,206.7293682972057,200.78699468565105,203.9997170668966,10000.0,2039997.1706689661
2022-04-01,204.14839033487291,205.40154344466663,201.88912073053163,204.49480365914,10000.0,2044948.0365914
2022-04-04,204.71492891577626,205.46595115963183,200.1933514943181,201.98256229200715,10000.0,2019825.6229200715
2022-04-05,201.95193456652382,203.5691265835697,197.86489619457907,203.55834761387447,1451843.6997126334,295534904.5071178
2022-04-06,203.5670217099266,212.71996874397115,203.20369158912774,206.38627204695234,2373350.913067889,489827047.20731205
2022-04-07,206.3930959102327,207.4032299781582,203.39182826072425,204.67262170832643,1554475.9351006988,318158665.0195623
2022-04-08,204.56435249950695,210.85976277992813,203.62964126685873,207.7582548707122,4190843.33975573,870682298.7041976
2022-04-11,207.74504740657972,220.11022609491795,200.8213265382381,201.97453008087774,3226483.152331964,651667418.5061176
2022-04-12,201.9103784731262,205.26244023023855,200.11757328457335,201.4741975556643,2018605.6539642191,406696954.31376797
2022-04-13,201.6066815391102,201.94621459550748,195.82113088655097,201.69401820530717,3011524.0962350327,607406395.8917499
2022-04-14,201.5882037944054,205.9636362009083,197.01951629697868,204.30149105641613,2357580.1071197004,481657131.16950005
2022-04-15,204.08888581246754,208.53131671477013,193.24830606906124,206.07181959525306,4363376.438823157,899168922.3273433
2022-04-18,205.9660846478763,211.76122431267038,203.42075233241005,206.97384140555388,2898220.4309391817,599855815.8315423
2022-04-19,206.73624340057177,211.20953228644402,201.81751482900088,209.26757121481305,3451336.049898864,722252712.608462
2022-04-20,209.23083801842284,212.29610285062577,202.8799422651625,206.45258488009316,4145045.6460414175,855755388.0712264
2022-04-21,206.7073800108067,220.29132086770196,199.91107764219169,213.70681399096293,4966496.727737468,1061374192.381317
2022-04-22,214.68342516010108,215.87727817351973,210.4210306177213,212.23976671214584,5271761.415813814,1118877413.0544155
2022-04-25,211.6062309722738,216.4880517395303,209.24204772920223,215.4667177866584,3029976.832165205,652859162.9962534
2022-04-26,214.7858100127931,230.04121077073424,202.23271156277667,215.59201423140735,4718349.375103579,1017238445.6260828
2022-04-27,215.55766417140725,216.63965888213124,209.03692509884354,214.5025945344476,5235626.634495418,1123055497.112925
2022-04-28,214.52012704916473,219.83221425619863,205.90206485830495,217.93674074375224,5185963.759305601,1130212039.3182795
2022-04-29,217.91413089275048,220.7190170596975,214.4701768002776,220.33603558181844,4177532.9215890183,920461042.4554559
2022-05-02,221.27714733300604,246.7621914017259,204.8009504889308,227.33208949979308,6223813.610988037,1414872552.8431628
2022-05-03,226.6116821752219,246.98878836257745,219.45847126544206,231.71785674941597,3454970.5636426467,800578374.1395957
2022-05-04,231.65358528074873,231.7083911530458,220.24695553257763,229.48960914318403,3951474.603703059,906822362.343033
2022-05-05,228.8527186309925,239.7778193411694,224.98127327980342,232.14744425058984,3645135.1905569024,846208818.4356717
2022-05-06,231.9919732157401,240.82605170785328,228.64915740244894,232.81258841202254,4796303.953824441,1116639938.300686
2022-05-09,233.13859041437544,240.97415380675494,224.36832878721015,227.99701490137855,5025167.16312818,1145723112.573654
2022-05-10,227.05247451846205,233.62224015891175,214.84200976703843,221.08233961618367,6746940.092916545,1491629300.9922216
2022-05-11,221.97006742714808,240.65014421644233,207.4334832851777,223.53463882481046,9856939.925261728,2203367506.1112347
2022-05-12,222.8639172463933,226.59373190851937,219.38743321019695,219.54050345970262,7228677.521053193,1586987502.319853
2022-05-13,219.0224888280391,229.68219584313138,209.2967782562113,212.91988991265472,3904600.8779782383,831367189.0919815
2022-05-16,212.04811807340616,215.51178958519432,209.04153430206497,212.55527144515307,6853306.460529998,1456706415.0147748
2022-05-17,212.20587659500018,215.78448474142255,211.4545126422308,213.78919523438685,6116707.702906573,1307686017.2883713
2022-05-18,213.50038522150385,219.89027902983034,213.47177701383313,214.27416762799746,3261658.299044524,698889117.1147153
2022-05-19,214.65796753539865,218.11191038482312,208.66079882209903,208.87804517626606,3512126.035270767,733606020.6600274
2022-05-20,208.12801202841734,217.82274521170976,202.06949813648274,206.2280461232596,4358419.334148749,898828303.4673345
2022-05-23,206.3398641296909,215.4980322011861,198.23278249961066,213.66401863686622,5754611.870600817,1229553497.9679844
2022-05-24,214.07744815253346,220.01717584232708,204.89123171638292,210.02735816933628,4868718.126925611,1022564005.8693453
2022-05-25,209.90079934740203,220.2879394270791,202.89213635177143,208.50555748746484,5685420.934752229,1185441861.5514169
2022-05-26,208.90836380599424,225.19835261737657,208.21006444960585,221.0633346275696,4395152.766220298,971607126.6982458
2022-05-27,220.47381331989985,227.84237555530026,201.6696772543676,224.22997923880496,10249202.893955322,2298178552.1259017
2022-05-30,224.5157497575216,245.29951447942008,218.86877454179393,220.93378452655094,7941925.730849602,1754639708.1453967
2022-05-31,220.7152743623911,223.28417996058417,191.2200148707009,208.691581371452,7340705.3319718735,1531943404.11106
2022-06-01,210.1063659045393,218.7563387026756,204.81227157366794,210.84825704673608,6719102.264713302,1416711001.4335768
2022-06-02,210.730698418124,221.71268421807198,201.5473373139514,205.24719763333943,4939258.482640887,1013768961.9487423
2022-06-03,205.1665048170991,212.84918440646513,202.7603009640143,205.22448732779188,1473738.7870989342,302447287.03746057
2022-06-06,205.41727736989586,212.33500532432188,198.33887595975193,201.20383936890715,5746003.471783417,1156117959.5498936
2022-06-07,201.04732873441097,203.9922045518188,191.68236665519157,196.35602777371162,2283918.261125946,448461117.5145334
2022-06-08,196.28941022293017,205.70554056913886,195.09603496972935,202.1011469843713,3931996.296977062,794660961.5573648
2022-06-09,202.19737319187254,202.42053961456182,199.64143634501494,201.83584309088704,1746501.7070287433,352506644.4978198
2022-06-10,202.0454326599947,212.04546297176478,198.01867690032296,204.07735143287678,1950041.5076995336,397959306.0754946
2022-06-13,203.98653608800035,207.06834564123196,202.69905271811743,205.22345759430456,181460.52461699132,37239956.27877538
2022-06-14,205.23141354815164,207.48671872399558,199.74716211218254,204.2820101379232,10000.0,2042820.101379232
2022-06-15,204.25262328234044,205.9737300527488,203.4836779640116,204.45106327320005,401877.52224251686,82164286.72808167
2022-06-16,204.54075168242278,205.05650370849608,202.9197769153407,204.0039844036123,10000.0,2040039.844036123
2022-06-17,204.13616585644183,205.69512407137432,203.90768319573448,205.57433739225027,323816.96614925086,66568458.25250098
2022-06-20,205.649407774456,208.77715764818447,205.41563395840288,206.3898315480314,738739.4602343533,152468312.75565183
2022-06-21,206.47594535183578,211.34395109857348,203.47143050612408,205.2691623403182,3418356.830006675,701683243.0757756
2022-06-22,205.78084594788962,210.40526094461129,201.3591403492533,210.07807563609612,2210111.2738535465,464295923.35279405
2022-06-23,209.72618633612777,218.60898140373905,209.253420479323,212.20651602890075,2673311.2438169476,567294065.3112817
2022-06-24,213.02333612756033,216.05413782159314,212.76869433856447,214.5505296726748,5926826.943150919,1271603859.9313097
2022-06-27,214.7937537003511,215.88544957404187,207.71030533911423,211.0683235937629,3098112.4374206513,653913398.4713635
2022-06-28,210.6333788504971,215.86862366624797,210.43481126552246,212.24158088595567,1821890.1568120357,386680847.0823481
2022-06-29,212.29580690659353,222.03454234395707,200.958938243119,206.24332105682234,3239703.5091431397,668167210.9651226
2022-06-30,205.84879056165911,219.7767566380697,197.14988944428882,207.54904580220511,1760803.308372056,365453046.4979862
2022-07-01,207.51859718266047,210.33180362022398,201.9677448589391,205.2484299090304,1367204.1653624368,280616508.3057265
2022-07-04,204.6249583781692,207.83531895704886,202.7029866449217,205.82489432100348,2908048.1388183595,598548700.8526797
2022-07-05,206.11727228314277,208.91532537513257,197.33825176090363,204.73176430079124,3683467.8759495053,754122876.9884303
2022-07-06,204.48787958535664,206.5788105052416,198.43138994884788,205.45017209699387,2247206.4069688497,461688943.0492174
2022-07-07,205.94716402261437,206.90562116011225,197.16455907109417,206.53704562516054,2082837.7090266168,430183146.93903524
2022-07-08,206.3371952977757,208.63002731889813,204.1748958945687,206.38433712694714,2264862.7376250643,467432194.7882717
2022-07-11,206.4047789401436,206.83413696008841,197.82432836074733,206.1870536745319,3767094.331477459,776726081.1213678
2022-07-12,205.30671304982167,210.30006426857938,181.80910499404055,196.75573755436002,7494025.912438721,1474492595.6533666
2022-07-13,196.71061721177625,203.35771614006865,182.07534476262614,190.10697059364324,3917186.743054838,744684504.9717352
2022-07-14,190.12579226655424,206.47077888018595,185.63614939326413,195.34850823488142,5446326.394193753,1063931736.4660103
2022-07-15,195.4460516395656,206.0124152304875,186.06303682894674,196.45188282838976,933613.5699685253,183410143.6544514
2022-07-18,196.9240578245039,198.51794982032044,188.07893332045128,193.64878470162157,762504.6944234101,147658107.4043747
2022-07-19,193.88035035058743,197.4864173573293,192.39803732478296,196.34503761577716,213069.32935159266,41835105.486306876
2022-07-20,196.52992712882093,208.3764323205999,193.94384696356295,194.6760578502809,1946213.7347047275,378881217.6063888
2022-07-21,194.6015845474118,197.4623265703609,192.83595203289988,195.86832696698107,1565093.0795400064,306552163.03710127
2022-07-22,195.81683613491307,200.71145883096503,191.7424572970978,196.66050347523733,710371.3437263989,139701986.1116145
2022-07-25,196.6128199362106,201.90536464531414,196.0963529663763,196.833764847315,357847.64259026945,70436498.73277912
2022-07-26,196.71998589578791,199.78071268788037,194.73842532575094,197.6565590761469,50698.40187238738,10020871.664755773
2022-07-27,197.75212367291425,198.59240489419602,194.9110227364161,195.74534253171868,125064.61057639956,24480815.03587334
2022-07-28,195.73992805033413,197.9840860891983,195.42650732159146,195.69838154484034,10000.0,1956983.8154484034
2022-07-29,195.77969335753065,198.0813554757963,193.94526275880057,195.31906688808547,356805.6806577588,69690952.60644165
2022-08-01,195.2708308718606,199.1698013586656,194.65408068744077,195.50344850615684,1058244.0928672482,206890369.51681674
2022-08-02,195.59515665274407,198.1001371317358,194.23403116098203,194.86531710381473,1213224.7132916164,236415418.47375554
2022-08-03,195.1443132644879,196.6630205755016,193.67327543509842,193.86249948369536,394732.30105659965,76523790.50978293
2022-08-04,193.89926865891988,194.49976376142328,191.70589586333614,193.15103919900872,10000.0,1931510.3919900872
2022-08-05,193.22542436344912,194.38366924168562,192.46995304721347,193.84138681329154,10000.0,1938413.8681329153
2022-08-08,193.7600343264261,194.78374863499877,191.26282956967256,192.99843469513286,10000.0,1929984.3469513287
2022-08-09,192.98852649971082,193.70396775035508,191.7770280624252,193.31407567177814,10000.0,1933140.7567177813
2022-08-10,193.28990828841935,195.05194996129958,191.2421076848264,193.56120118274114,10000.0,1935612.0118274114
2022-08-11,193.59949103030664,193.99228020874645,190.89284148785583,193.49202111988618,10000.0,1934920.2111988617
2022-08-12,193.50814938429724,194.00139744011193,193.36682227824053,193.6933979212691,10000.0,1936933.979212691
2022-08-15,193.67136000951538,194.8627320981446,193.6606487745313,193.88395130014857,10000.0,1938839.5130014857
2022-08-16,193.89991736071133,193.96745342016098,193.26450739193098,193.67199477286715,10000.0,1936719.9477286716
2022-08-17,193.6784260532776,194.51729933936232,193.30878984002936,193.79349850791766,10000.0,1937934.9850791767
2022-08-18,193.74587000374424,194.93431214777837,192.80771807872947,194.39617141842268,10000.0,1943961.714184227
2022-08-19,194.39721500674003,194.47596856835952,193.99281184633244,194.03656439066955,10000.0,1940365.6439066955
2022-08-22,194.0730083725114,194.48395893219913,193.11325966438034,193.94856676427122,10000.0,1939485.6676427121
2022-08-23,193.92468822133964,194.0957611774898,193.52222316219166,193.72557769810084,10000.0,1937255.7769810082
2022-08-24,193.7593750678707,194.44145447113814,193.2963090294329,194.30325849572853,10000.0,1943032.5849572853
2022-08-25,194.32574761726866,194.52403537728006,193.75084662995812,193.89483907379847,10000.0,1938948.3907379846
2022-08-26,193.90207713124627,194.32290468097807,193.87667384696354,193.896899307147,10000.0,1938968.9930714702
2022-08-29,193.91217642813157,194.7789706441413,193.23648048977034,194.1673235539325,10000.0,1941673.235539325
2022-08-30,194.14630550794521,194.3848598105655,193.11745734083908,193.9146241690913,10000.0,1939146.241690913
2022-08-31,193.93763625193046,194.91859725691134,193.0871639760272,193.87506605027656,10000.0,1938750.6605027656
2022-09-01,193.8362522968176,194.06410021727643,193.507491712777,193.6681270559558,10000.0,1936681.2705595582
2022-09-02,193.63807914807134,194.19697142230854,193.10947934793538,193.27912056796134,10000.0,1932791.2056796134
2022-09-05,193.29735611838063,193.30736274906357,192.7712139049265,193.25852541479827,10000.0,1932585.2541479827
2022-09-06,193.22920743040729,194.480465848529,192.7823684153052,193.40154954038067,10000.0,1934015.4954038067
2022-09-07,193.46251959090202,193.9409996048092,193.05946183160793,193.28600256617042,10000.0,1932860.0256617041
2022-09-08,193.29854763069793,193.4567768148551,192.94214567236313,193.3333011475181,10000.0,1933333.0114751812
2022-09-09,193.36263614468018,193.65454100523283,193.12181537178847,193.53295234684919,10000.0,1935329.5234684919
2022-09-12,193.56712603023783,194.56544632129507,193.45514466130484,193.9147034068157,10000.0,1939147.034068157
2022-09-13,193.90619140916957,195.49255862050862,193.12311426001727,193.55593644276786,10000.0,1935559.3644276785
2022-09-14,193.5596305202137,193.74277649387764,193.3477340128421,193.7334856386378,10000.0,1937334.856386378
2022-09-15,193.7502767730027,194.00324406028545,193.39168364642185,193.55303344452454,10000.0,1935530.3344452453
2022-09-16,193.55644805009845,193.74544891388652,192.38489078403123,192.97223352633415,10000.0,1929722.3352633414
2022-09-19,193.07053915875383,194.5854035610548,191.38421715861003,192.51802699908325,10000.0,1925180.2699908325
2022-09-20,192.61976303317107,194.13056825108507,191.38347238547183,193.0891689338089,10000.0,1930891.689338089
2022-09-21,193.11070990048603,193.67142225361422,191.48711426277603,193.29016575053083,10000.0,1932901.6575053083
2022-09-22,193.3908790119608,194.8684150491951,191.17232662316408,192.49006169510304,10000.0,1924900.6169510304
2022-09-23,192.49982205894753,194.8635316771653,190.75365794118187,193.3472555119607,10000.0,1933472.555119607
2022-09-26,193.38051329642443,194.23076610548853,192.3475770695506,193.497588135694,10000.0,1934975.88135694
2022-09-27,193.51113374749457,194.65786043659344,191.77566617429568,193.4634756327894,10000.0,1934634.756327894
2022-09-28,193.45395048701613,193.9717126372915,191.8483378315875,193.1328836848582,10000.0,1931328.836848582
2022-09-29,193.09136015880912,194.45773838293246,192.32160678853782,193.34174574039045,10000.0,1933417.4574039045
2022-09-30,193.29150294770926,195.617591080921,190.45715251776474,193.0225273098383,10000.0,1930225.2730983829
2022-10-03,193.0331659377407,195.59908725099257,193.0243421431335,193.79111086981203,10000.0,1937911.1086981203
2022-10-04,193.82005357793759,194.1508210040187,192.84145679319758,193.96150848350428,10000.0,1939615.0848350427
2022-10-05,193.818452300494,198.17297309337076,191.59750361973366,194.3939224771012,10000.0,1943939.224771012
2022-10-06,194.36864949465317,194.44341839648663,193.34579758320427,194.1482163490559,10000.0,1941482.163490559
2022-10-07,194.2039250788203,195.47390334931814,190.91837307072473,192.9332768428617,10000.0,1929332.768428617
2022-10-10,192.9272513928337,194.2339564932538,191.9798814227536,193.3892622491494,10000.0,1933892.622491494
2022-10-11,193.2892605755449,193.53034332207295,191.43228009444297,192.40140570973742,10000.0,1924014.0570973742
2022-10-12,192.30803732806532,193.5475986902204,191.84390950377013,192.29469003152028,10000.0,1922946.9003152028
2022-10-13,192.4755492502462,192.98029785893928,192.2144912351608,192.28017363371552,10000.0,1922801.736337155
2022-10-14,192.1772150883633,192.86042697702132,191.25993353062884,191.7511862451,10000.0,1917511.862451
2022-10-17,191.73750382891302,192.62653959464137,191.58800610039802,192.22660542302938,10000.0,1922266.0542302937
2022-10-18,192.29026297627954,193.4934935596993,190.61734356930475,191.22364513661483,10000.0,1912236.4513661484
2022-10-19,191.0982936635084,193.58956036406946,189.99286005549124,192.1951119987605,10000.0,1921951.119987605
2022-10-20,192.2575900679416,193.1568934663826,191.63741168209816,191.70212280670927,10000.0,1917021.2280670926
2022-10-21,191.51678735127803,193.81707317281854,190.53763623671136,192.9051104061995,10000.0,1929051.104061995
2022-10-24,193.0370968754127,195.12342882062677,191.85177701781464,194.48888843253914,10000.0,1944888.8843253914
2022-10-25,194.87603833100619,199.0236371149868,189.60610534555443,193.27562366040308,167690.63210519846,32410511.502139445
2022-10-26,192.979032299245,195.51037578162493,190.04925358477934,191.44694463353278,2030398.9271647092,388713670.9928864
2022-10-27,191.44683910230614,200.68678378354892,190.69469935472628,194.2703771501589,2583223.559409878,501843815.14973295
2022-10-28,194.4796015383628,196.9288018242784,190.41469073483623,195.16758280296338,4239833.770789279,827478108.531317
2022-10-31,194.82246291474445,197.95078272584266,186.37620783623177,195.7308770389551,8598955.729286531,1683081146.5124004
2022-11-01,196.2097758992276,201.35693664469414,176.1277960662487,182.0051739444838,11148442.275989784,2029074175.6515574
2022-11-02,181.57952541352552,186.09156539735002,157.78308082398226,171.54266112579288,7662342.127580862,1314418559.0214906
2022-11-03,171.30614344128807,184.67081188538876,153.76585278721873,174.09452455667113,7221885.980482858,1257290806.1746519
2022-11-04,173.8311942285105,183.47791960222673,169.48356837320503,179.17744201371596,4947457.627719951,886472802.2061082
2022-11-07,179.18297415312972,188.13835084816705,169.95198803463225,176.35281870674092,5478405.991811652,966132338.6758834
2022-11-08,176.58913127904304,183.84713470011926,172.2135635243418,172.61928254733272,4789420.661731422,826746358.4454496
2022-11-09,173.03474571758247,174.53577746842416,169.28446645284947,173.45532284258655,6276263.383375385,1088651291.408482
2022-11-10,173.43352161527625,182.7480803191136,167.00942974333728,175.72680164965433,6277285.181975037,1103087248.0712416
2022-11-11,175.31168485038162,178.226523615384,174.7329667553298,178.04676654276986,5312406.4147682255,945856784.7105513
2022-11-14,177.81889537276192,177.9174714663218,167.7013488260949,175.69118855705563,8678586.79020811,1524751228.1672254
2022-11-15,175.45530112974248,183.40722787956184,159.35495684922856,165.91229370716388,5995991.114597631,994808638.870667
2022-11-16,165.75695478399243,179.8610307422159,161.57172176648035,172.87539115963094,5708446.288942095,986849885.1146083
2022-11-17,173.18140675803193,180.30445664442075,164.18412261746593,170.54270148136143,7889641.535793239,1345520781.2337363
2022-11-18,170.50683761027324,182.02714861075415,146.4476889620053,176.20300107473133,6264873.862201507,1103889575.8745484
2022-11-21,176.32984521558114,182.356023044915,160.045718767622,160.3589051775118,14482734.23654775,2322435406.149664
2022-11-22,160.41011871487882,164.19192451045046,145.82611668681517,162.12561137994493,7546872.823656104,1223541370.541937
2022-11-23,162.1085021090147,179.80280432171838,157.79507105133493,159.72066524953271,5458003.39193784,871755932.6945179
2022-11-24,159.45471514729482,183.1047192079122,151.63218270990393,153.0158391352469,7089977.627534775,1084878876.1273606
2022-11-25,153.55512166697832,161.80980407604247,145.82776180869206,159.81640638117887,10428497.18117052,1666644943.450926
2022-11-28,159.79240743347586,176.58046114743857,156.21139483027935,168.06427030658156,10103426.31475558,1698024971.185711
2022-11-29,168.00358870893157,184.55312487086374,160.52134366102737,162.53068399334774,16905801.68377619,2747711511.1200337
2022-11-30,161.82416527756203,182.23044043064587,155.42569427310468,166.8182928686265,11971214.52387669,1997017570.4372165
2022-12-01,166.51459630440306,182.7588074404018,153.88005890534774,161.96427942265174,5761477.544869067,933153558.9645071
2022-12-02,161.68443620880967,165.4811613616486,158.635357823582,158.8985344554845,9337500.348559016,1483715120.8636034
2022-12-05,159.10119541006205,160.74996947109486,156.40847361063885,158.09127549032812,4481571.450808378,708497346.8593367
2022-12-06,157.77939537127313,165.46162025795618,154.22850712172126,157.46468820369927,1338279.3844864257,210731746.0075936
2022-12-07,157.64611784493522,160.54340543831194,155.20040709281685,158.97169148353242,2029835.1918765416,322686333.8854144
2022-12-08,159.0182740495753,170.56684976314523,154.6994965352899,155.46779568394876,4096281.137260769,636839798.9116706
2022-12-09,155.23065369867723,163.83911470757195,153.63521093607332,158.86369807965474,5149760.795194286,818110044.1501877
2022-12-12,158.60660445868348,167.1729114697996,155.3070156370451,161.89689023892328,3758152.5443171575,608433209.9684451
2022-12-13,162.07657446134095,163.73482597914438,157.29258202213967,161.17645337044195,4004352.745766803,645407373.6068844
2022-12-14,161.23973036317878,166.0980189406263,156.7809409598083,158.14552410945865,2100046.0012351777,332112875.51931006
2022-12-15,157.3641681035269,159.29314912353684,148.6589786245505,148.98075708983893,4475199.729587114,666718643.8421308
2022-12-16,148.68288494448015,156.010077940659,142.99595072543883,148.69987634765582,8495263.713274645,1263244663.704667
2022-12-19,148.2367675933772,153.09961723843134,133.29368093142,145.04505276888455,7561166.163924523,1096709745.2407367
2022-12-20,145.0316387729078,147.86673238665938,140.6781931166761,145.34715589134925,3173119.4803388156,461203891.77068293
2022-12-21,145.12683825309733,150.23435179448043,136.91405947483003,141.61207225334024,4615559.610433331,653618961.0422838
2022-12-22,141.85422362129577,147.58178826033352,135.36498823444705,141.62528059751426,7215925.496523884,1021957473.2159525
2022-12-23,141.3072313862091,142.3259773950807,136.30277491657515,141.23399464419666,13668302.699462797,1930428990.2511873
2022-12-26,141.05310750016704,151.1473120039816,133.25833804163597,141.31476548859598,14925047.892886348,2109129642.889298
2022-12-27,142.15623504067088,150.15826610717048,138.35697016884205,143.2096192348751,8951442.237480164,1281932634.4325128
2022-12-28,143.0872032971337,150.94133580337828,123.57839452941143,144.87081218371017,11824033.561748547,1712957345.3779595
2022-12-29,144.57477268369541,165.48284024145053,134.68498865041542,151.02546920334302,13705392.047161585,2069863264.5383444
2022-12-30,151.0667417141268,169.54670279859494,145.66638516506302,145.94372483383614,14317100.579470847,2089490987.3886492
2023-01-02,145.1407406851893,154.13691440989072,142.9360937331196,150.51532243627304,8172496.193768992,1230085899.714354
2023-01-03,149.64115148030115,166.85881131318362,142.22439584876935,151.40423204621118,9148325.44053302,1385095187.8327184
2023-01-04,151.39723256801426,159.3401848386649,114.0110089239265,148.1564789324462,15688183.871180635,2324306083.198916
2023-01-05,147.85661972442512,159.37448542484748,138.88043896600743,143.06324193214496,7163312.708435996,1024806739.0425875
2023-01-06,142.39873194740048,160.6621760747681,132.33166879019186,150.03333524821807,9680407.69278343,1452383852.7108057
2023-01-09,150.40885006708714,155.90639246690534,150.40141058616044,150.9892313808643,4893799.446633695,738911016.9793206
2023-01-10,151.33384919665878,151.79287217425028,133.54671897666321,148.48667604464902,7951367.58685943,1180672142.9819188
2023-01-11,148.63823693241477,161.6929507187844,141.51270607784275,148.9663453617345,12993459.579537328,1935588187.1690953
2023-01-12,148.54243581190931,150.5144008122261,143.4295209080232,149.0209253196139,15301004.368291387,2280169829.2822366
2023-01-13,148.8535132573789,150.97514653580816,144.45866448101148,144.6038294163755,15592814.29230407,2254780658.04556
2023-01-16,144.30475395791143,152.6038934541835,132.35504199390272,137.61946853703358,9654879.993089113,1328699453.4377623
2023-01-17,138.28431496000184,150.70330567132842,124.876704760968,138.80991356544155,17944962.03831031,2490938629.4729843
2023-01-18,137.69255671519343,143.3190666850111,128.73518961143137,137.5788939865339,14735759.630417833,2027329512.004301
2023-01-19,137.7598096686309,150.42406278195782,133.82490287544408,135.76479537355476,9020780.824171536,1224704462.7033353
2023-01-20,135.77605580813338,142.04322096307527,130.39186927401886,141.57044984299233,13533714.024938587,1915973982.5569701
2023-01-23,141.0083967890499,143.24244869628922,131.85757605880917,135.27044490395153,7684019.187344469,1039420694.1225864
2023-01-24,135.56636283672393,136.02714806405626,129.7498457771618,130.84985032814097,7284509.857486851,953177024.5660219
2023-01-25,130.69740022874925,145.7754246751532,129.75912810119416,131.58100073026026,9405662.34790181,1237606464.2678494
2023-01-26,132.27585535926417,136.21241029809403,131.64786720383293,134.69327710983728,6876406.7899331935,926205765.2764382
2023-01-27,134.90716340184858,140.5721274801953,121.45859580111242,135.80540931110014,2020052.4074786527,274334044.02751166
2023-01-30,135.79580281969737,137.52885829824888,133.41804219489657,137.07667312578954,2141943.948461503,293610550.47702044
2023-01-31,137.0048116308408,139.58763662516574,132.41990213885217,132.98324086187688,2114706.22050136,281220486.6730417
2023-02-01,132.8459654572034,138.96585933124632,132.2538437214638,133.9835381365172,2441828.6498537534,327164842.0305207
2023-02-02,133.85109231428123,138.18505379256143,131.01338789306908,134.75120123763037,1743925.1978993963,234996015.2855159
2023-02-03,134.81300149243688,137.59031119562036,128.79357156332676,136.08720813949665,2470141.999257983,336154728.38713354
2023-02-06,135.74465733629884,138.3464993568611,131.22358756807319,134.48147890022923,3072045.724967873,413133252.34280646
2023-02-07,134.66872702935396,139.78983466338263,132.31967311310027,135.46508483214342,1906936.467366768,258323310.32134712
2023-02-08,135.64665904586627,139.29185647766104,132.46283015570415,138.0776752001392,3903599.4542506807,538999937.5554662
2023-02-09,138.05811411342188,143.35785886951206,136.40482776632723,140.42982385222214,916468.5850866189,128699521.96980916
2023-02-10,140.50649606612552,140.9442682243695,140.04408449002344,140.6918870785602,193965.05733950573,27289309.944396194
2023-02-13,140.87275654736223,141.47975292908075,138.83534077370342,139.666015795093,10000.0,1396660.1579509298
2023-02-14,139.67834645845002,140.7534797834651,139.28369444991262,139.6912046990225,10000.0,1396912.046990225
2023-02-15,139.74808548591557,140.11594461914225,139.31067071813314,139.90433742255038,10000.0,1399043.3742255038
2023-02-16,139.89059293796402,140.91125765960123,138.99211497694964,140.1456406782296,10000.0,1401456.406782296
2023-02-17,140.1068065106584,141.48239160281278,139.82290305834937,141.36813340433858,10000.0,1413681.3340433857
2023-02-20,141.43246815018077,143.34242256979908,138.83076747456968,141.24569797877237,10000.0,1412456.9797877236
2023-02-21,141.0636300325571,142.29246284464247,139.99163149966003,140.30009255630358,21888.573861253713,3070968.9386593834
2023-02-22,140.389245906733,140.47363874171208,139.21604399849392,139.7246942389153,10000.0,1397246.942389153
2023-02-23,139.72463261372073,140.6610305256436,139.48958672144045,140.22017047396892,10000.0,1402201.7047396891
2023-02-24,140.18436697964864,140.72112540340407,137.5719292451112,139.63731511317235,10000.0,1396373.1511317235
2023-02-27,139.6430025683907,140.39737852441428,138.78529301286179,138.96309393194136,10000.0,1389630.9393194136
2023-02-28,138.97123701445688,140.85835626036229,137.04043393934606,138.36640810255088,10000.0,1383664.0810255087
2023-03-01,138.42307269673458,139.35547501758413,137.87839607087622,138.9140338479053,10000.0,1389140.338479053
2023-03-02,138.9601091365655,139.19196626715478,137.7278734302022,139.0476962722861,10000.0,1390476.962722861
2023-03-03,139.05665759371416,140.31417825313167,137.98587701339065,138.903659981884,10000.0,1389036.5998188402
2023-03-06,138.89246386320247,139.5341893256174,138.64365909551236,139.335181792972,10000.0,1393351.81792972
2023-03-07,139.30566174167387,139.69305599374096,139.0743298410854,139.55057460286068,10000.0,1395505.7460286068
2023-03-08,139.555791537087,140.0823785950349,139.15681756088398,139.30104974311914,10000.0,1393010.4974311914
2023-03-09,139.23686706413392,140.324816120254,139.1646357592329,139.50837730904965,10000.0,1395083.7730904964
2023-03-10,139.53646830755804,139.8364785879268,139.2714859478912,139.58139639894546,10000.0,1395813.9639894546
2023-03-13,139.58137345302524,139.63522076151418,138.82254605264097,139.15770758438174,10000.0,1391577.0758438173
2023-03-14,139.11179873906872,139.934287472756,138.54761025531445,138.8372809265371,10000.0,1388372.809265371
2023-03-15,138.85313507455356,140.38772627025006,138.26917111977568,138.9127783529409,10000.0,1389127.783529409
2023-03-16,138.8931438050759,139.14041649503363,138.3260187214924,139.02144480848887,10000.0,1390214.4480848887
2023-03-17,139.00870550543266,139.1558806979036,138.84754699031006,138.94713830449632,10000.0,1389471.3830449632
2023-03-20,138.90224418371608,138.9540141931661,138.11105046027112,138.70247663914805,10000.0,1387024.7663914803
2023-03-21,138.67975231071162,138.80553363085454,138.35751358447575,138.78068929107303,10000.0,1387806.8929107303
2023-03-22,138.78845254644114,139.78688737616142,137.59446956731912,137.90950286353026,10000.0,1379095.0286353026
2023-03-23,137.90518422294556,138.43308556218895,137.56617283513933,138.1977436456195,10000.0,1381977.436456195
2023-03-24,138.20915544767684,138.6225880501159,138.11029696732575,138.14426643325444,10000.0,1381442.6643325444
2023-03-27,138.12059713540148,138.1685982079555,138.05869767702745,138.14012558199843,10000.0,1381401.2558199842
2023-03-28,138.15991661582976,138.16881452098747,137.83663818051588,137.9182998846158,10000.0,1379182.9988461582
2023-03-29,137.86474430469224,139.29724803964615,136.68693759229873,138.21991900146392,10000.0,1382199.1900146392
2023-03-30,138.2035999976079,138.53760001997932,136.9900131461618,137.57047963230548,10000.0,1375704.7963230547
2023-03-31,137.50649464895818,137.76072598836726,137.29281732574972,137.36789240065644,10000.0,1373678.9240065645
2023-04-03,137.35865378175572,137.89327220518456,136.99947219127736,137.54111370949607,10000.0,1375411.1370949608
2023-04-04,137.51073630129525,138.0531852373779,136.76821126028935,137.1706645858656,10000.0,1371706.6458586561
2023-04-05,137.164935131474,137.84916487913767,136.79283592327755,137.58321150866854,10000.0,1375832.1150866854
2023-04-06,137.60335691714363,138.012081116241,137.5669647184968,137.74105837866318,10000.0,1377410.583786632
2023-04-07,137.78777260663645,138.41393567061047,136.38870542946586,137.47735832275617,10000.0,1374773.5832275618
2023-04-10,137.42237763344565,138.51718110891028,136.78962883044227,137.99467356910372,10000.0,1379946.7356910373
2023-04-11,137.97938182604076,138.44873134919817,137.69753377705644,137.95417988550489,10000.0,1379541.7988550488
2023-04-12,137.82963615379754,139.13405769563735,135.6103297470935,138.33424353190068,10000.0,1383342.435319007
2023-04-13,138.4264875886327,138.78580409280656,137.96196142270088,138.03892020153742,10000.0,1380389.2020153743
2023-04-14,138.08765758429132,138.66884532930158,136.19446529344975,137.82533429131044,10000.0,1378253.3429131045
2023-04-17,137.83699384004385,138.02284230738056,137.51224101128543,138.01428526449402,10000.0,1380142.8526449401
2023-04-18,138.06172513085258,138.55716491417863,137.96674769313455,138.0663478748511,10000.0,1380663.4787485108
2023-04-19,138.10117670349882,138.2125446676518,137.5692744057982,137.77337816942307,10000.0,1377733.7816942306
2023-04-20,137.74806358202602,138.81411193554027,136.8250433425524,137.44642272035085,10000.0,1374464.2272035086
2023-04-21,137.47508992827179,137.77106864652123,136.74806875725648,137.7200014038122,10000.0,1377200.014038122
2023-04-24,137.7572556516971,138.89352616543906,137.61521690787112,138.28845103074937,10000.0,1382884.5103074936
2023-04-25,138.3197249273395,138.34806160622455,137.85740243619352,137.98033272308788,10000.0,1379803.3272308789
2023-04-26,137.97489689040142,138.8735087335551,137.36340657346932,138.41124116777516,10000.0,1384112.4116777517
2023-04-27,138.37740138596607,139.36624654285367,135.82246221649112,135.9686222532807,10000.0,1359686.222532807
2023-04-28,136.1129362036229,136.38999960582112,134.38528061233146,135.16347395946266,10000.0,1351634.7395946267
2023-05-01,135.18843257442833,136.43249918209122,132.12205257885108,135.82052601695796,51121.75925604639,6943384.23306851
2023-05-02,135.86444095222873,138.46061856082642,134.5473199157135,137.12405832042847,10000.0,1371240.5832042848
2023-05-03,137.04886250559528,137.8244029377989,136.88633963829758,137.1813064241509,10000.0,1371813.064241509
2023-05-04,137.21104176775702,137.5176648189187,136.6539624812364,137.43608453241518,10000.0,1374360.8453241517
2023-05-05,137.4456053519268,137.7210110092035,137.15972724707004,137.55276052862402,10000.0,1375527.60528624
2023-05-08,137.5149576550991,138.0248730923196,137.51283259927692,138.0110891792665,10000.0,1380110.891792665
2023-05-09,138.0606191273832,139.32035886976237,137.1311787784494,137.61873666443762,10000.0,1376187.3666443762
2023-05-10,137.61865575784367,138.5373866431313,136.88091784520847,137.82200296431716,10000.0,1378220.0296431717
2023-05-11,137.84334155906714,138.39259540308583,136.8441738881981,137.69682413315772,10000.0,1376968.2413315773
2023-05-12,137.72531591540928,138.85883800608246,136.22993445676818,137.51989565021879,10000.0,1375198.9565021878
2023-05-15,137.47976637392537,137.68786026224356,136.72348878331536,137.5452602169563,10000.0,1375452.602169563
2023-05-16,137.56607592110498,138.31994400750074,136.58293926844334,137.43468917390197,10000.0,1374346.8917390197
2023-05-17,137.54607513843365,138.097049620083,135.5150577075888,136.86511152727303,10000.0,1368651.1152727304
2023-05-18,136.67753159110327,138.32555338040675,134.28867898928607,136.5214190240175,2139583.036457371,292098912.2568764
2023-05-19,136.40928313294546,137.7312161999263,134.8959501219405,135.56789230167777,389941.54652850574,52863553.58372614
2023-05-22,135.43060907670116,139.689049522269,134.85451082799472,137.86507274874634,1022861.2353195216,141016838.6191984
2023-05-23,137.95058769480661,139.0796196424388,133.7508280736558,138.72392478618812,619496.1666453452,85938939.62704073
2023-05-24,138.67461246550405,141.03478725957174,137.18823968826723,138.34271363296202,379142.4828023473,52451599.92441536
2023-05-25,138.37543847561645,142.22213276241328,137.72674822930696,140.1598829544814,526232.0054237805,73756616.2870991
2023-05-26,140.46545686572094,153.41354941101514,137.97692205198805,143.74022251781122,4647622.993875526,668050363.318564
2023-05-29,143.48501375403524,145.39291879647533,143.47917236166384,144.95327751129116,2213817.008713369,320900031.22324544
2023-05-30,145.1664623393117,147.52159335697405,140.76072098397427,144.2649706441343,1170398.4616664043,168847499.71424377
2023-05-31,144.27089522597268,146.0361738866646,139.64730318979986,144.909982207338,2819528.6456164727,408577845.8693629
2023-06-01,144.87914038093663,146.756327988218,144.4003995095041,145.9945771860594,1503174.8980296673,219455383.6745392
2023-06-02,146.25849830490534,152.3602810479142,146.08448279161948,148.47533772654984,1085354.0334444386,161148306.6685361
2023-06-05,148.55830658595508,148.82041324835944,147.85242857530392,148.24653294148106,1429215.238813722,211876203.98126516
2023-06-06,147.99182717029973,149.10811126401296,143.52967355731423,147.26816268878216,2470744.1931076576,363861957.7929423
2023-06-07,147.25665231002918,154.6729762220425,143.5550811387906,151.75312335595933,1407854.7025396305,213646348.34176397
2023-06-08,151.58494049064853,157.1766327805377,150.14622996036286,154.88282460277065,2955447.5468514278,457748064.0216785
2023-06-09,154.94936699725156,157.46431148635645,152.8246349325022,155.79484224476354,2287387.191272174,356363126.6169411
2023-06-12,155.6444515290362,160.99524945743374,143.59292870221765,153.08678141757142,3027651.094252563,463493361.27451307
2023-06-13,152.9909071800118,157.66465499034044,149.0626731548882,154.5976269208231,2927342.819177757,452560253.0285934
2023-06-14,154.82523492058775,157.52482871954936,153.27797314516246,157.37380618576756,2028637.2659876484,319254367.9187656
2023-06-15,157.052225876275,159.57905056753668,156.4973856815704,158.8963436449175,1383900.7080286753,219896762.47336903
2023-06-16,158.96111555678374,162.68898868760022,155.57529402581835,160.91795239634453,1988935.872467055,320055488.04503554
2023-06-19,160.86191464032973,162.68342867158768,152.65022006486538,161.14549370697776,2010083.5388752238,323915904.264317
2023-06-20,161.23590374510277,175.38375132167147,154.40384962826792,164.48603242860335,3188406.7107815878,524448369.6251968
2023-06-21,163.6981203967944,166.91341388856938,155.58159216317281,162.68969833568886,4173627.537232169,679006204.9978256
2023-06-22,162.21121823499098,166.2349460037225,154.0537147534946,160.78550678461403,5309467.939527446,853685493.4135809
2023-06-23,160.57945035987606,172.39600048119664,154.79281655943024,158.57293340424488,8192546.69043763,1299116160.753933
2023-06-26,159.5273386573507,168.17306093536612,154.05378345906587,155.21932101261717,7057496.931863571,1095459881.8124924
2023-06-27,154.71755906874958,167.46648522204538,150.54756851853213,163.31765106264734,7031967.189266863,1148444363.7006705
2023-06-28,162.9645692199853,163.22091428447132,154.23799224638063,158.30179122921763,2788629.0855466393,441444979.31592816
2023-06-29,158.24741584257282,160.5293660705444,155.1444695224168,159.1033080503725,3990882.9143316713,634962673.7118803
2023-06-30,159.1697252001565,162.47333811737232,156.41883769129922,157.17133788327146,2209583.8518029912,347283250.15314835
2023-07-03,157.0151992823701,166.53202927768504,149.52723762583392,154.19902942006806,3576849.552033714,551546729.3052039
2023-07-04,154.21427715000067,157.6185454238913,147.1582169697462,154.4660053531713,1150818.595723797,177762351.36760113
2023-07-05,154.15288278015586,155.3414469686745,149.75372944856412,151.6195387588513,1281595.4027721577,194314903.8437788
2023-07-06,151.7964347848854,152.6711148411014,151.09381089754172,151.57396261646377,84948.57754589945,12875992.517263936
2023-07-07,151.54473963282237,154.68393413618105,149.6696202905864,153.57580141216664,10000.0,1535758.0141216663
2023-07-10,153.58686806629697,154.9955034899814,152.62812139863834,153.51851332268956,10000.0,1535185.1332268955
2023-07-11,153.761138555335,155.2740153986153,153.45007764498712,153.96576904234175,10000.0,1539657.6904234174
2023-07-12,153.93038235296774,154.99540310001285,153.29571112942108,153.46584884474458,10000.0,1534658.488447446
2023-07-13,153.376339877074,154.88283586451158,153.09890576455675,153.84124400263158,10000.0,1538412.4400263159
2023-07-14,153.74023015763385,154.59017984986255,149.01954022270212,152.38473358451233,10000.0,1523847.3358451233
2023-07-17,152.59789868112867,154.3346792987936,150.7563459801437,152.6782082549678,404809.4278344377,61805578.12648064
2023-07-18,152.65645658943035,153.85983777146862,152.11405529358697,152.57866481413998,180345.26471797348,27516839.69622102
2023-07-19,152.49672452538974,156.66044906674824,151.73887035806635,154.88122022019255,42315.78170498314,6553919.905039089
2023-07-20,154.87810351377883,156.56314096644044,154.06170480389846,154.83669716946324,10000.0,1548366.9716946324
2023-07-21,154.83149423011145,155.69367006539858,151.98578776189274,154.48598931395867,59897.69338755957,9253354.4206013
2023-07-24,154.64886674283946,154.71698952649567,152.51405200484294,153.63513267465473,1423591.4014175425,218713653.83128178
2023-07-25,153.73921744869406,154.84583381762053,151.85462619246584,151.9633290150473,732634.6746177023,111333604.106762
2023-07-26,151.99966995939286,153.85926026756695,149.3946213637037,152.72392530061308,10000.0,1527239.2530061307
2023-07-27,152.77608383735637,155.4867115276158,152.3691804439084,154.31038251138028,104262.21122657649,16088741.695855346
2023-07-28,154.20030544138015,155.32204518173967,150.26023640995942,153.83674519722268,586123.0984185167,90167269.74561602
2023-07-31,153.7475251016043,154.69300014853098,152.16953353955958,154.35211865693208,10000.0,1543521.1865693207
2023-08-01,154.38441777535036,156.90151315794117,154.0360713472546,154.08844190616588,10000.0,1540884.419061659
2023-08-02,154.16511410116823,155.61854059594896,153.36674791216328,154.6985622907977,624172.2496234622,96558549.6385625
2023-08-03,154.72985060864218,155.70636072463046,153.29379420088287,155.56329620734576,1148856.4942414656,178719903.11341792
2023-08-04,155.62342560856248,157.0806900635216,150.0153488871279,152.66343941661546,2036161.0112895074,310847343.1894702
2023-08-07,152.8037472065261,157.5018568410328,147.6460586600851,151.0103043633517,2784340.177257775,420464057.6188052
2023-08-08,150.69454657169382,154.1500536412107,142.2464513208566,153.65676291695223,3837120.2215284114,589599472.1632344
2023-08-09,153.58532798831587,155.50506967553775,149.1745314125548,149.73224277232612,2210119.188458811,330926102.88209105
2023-08-10,149.59265990271103,153.88162925085308,149.22930526643256,149.76743276561132,1281703.680607184,191957469.81077302
2023-08-11,149.44080016314425,149.9650314601297,147.18730672507084,149.1921767585232,1743918.2001594503,260178952.37059435
2023-08-14,149.2688336248258,149.83061322773554,144.60612129044512,147.89208499520393,1093088.1218453466,161659081.42319983
2023-08-15,147.85834218706407,148.2374165973378,145.6112706443557,147.98564426718352,1237322.2328135886,183105927.78902894
2023-08-16,148.022685809227,152.09880286201056,146.6745307381139,148.27445487054268,10000.0,1482744.5487054267
2023-08-17,148.3446846101717,149.81146679998656,147.30187893566077,148.88412810694135,284000.94248983567,42283232.70414878
2023-08-18,148.76105885747992,149.767664725507,143.80591516471813,145.3691037362986,650597.4046648598,94576761.60929264
2023-08-21,145.56644146142602,150.4564633944488,145.17031757352055,147.58757124822003,659912.006010842,97394810.20468095
2023-08-22,147.62840550199172,149.18842976083587,146.35305326156674,146.96735073835484,831147.3058325743,122151517.61153461
2023-08-23,147.16180659693353,149.73937617968215,145.29014191421354,148.99947300854066,1481637.4362514685,220763197.19119406
2023-08-24,149.23400060903535,150.22635945362612,147.67077133226482,148.8462357898718,567393.3182182523,84454359.62911174
2023-08-25,148.7966052527594,150.16433730636498,147.14698744917646,148.25215559434366,128749.56632920456,19087400.740141504
2023-08-28,148.20510390475567,148.93980916348113,147.75785382155973,148.2102971896814,10000.0,1482102.971896814
2023-08-29,148.22255590634066,154.89250886189896,146.46293436854947,150.3752872192259,10000.0,1503752.872192259
2023-08-30,150.43396817825453,151.26663513875246,149.4603241272055,151.2066032285054,10000.0,1512066.032285054
2023-08-31,151.2680670595564,151.5136211366051,149.2832704110632,151.0251623424862,10000.0,1510251.623424862
2023-09-01,150.93567428210477,151.39829387061232,150.43359297369693,151.1318228264739,10000.0,1511318.228264739
2023-09-04,151.1774367264431,151.67790961946787,151.05908938242368,151.4901800723444,10000.0,1514901.800723444
2023-09-05,151.4800698453708,151.84062409973475,151.2608371854817,151.62361684931417,10000.0,1516236.1684931417
2023-09-06,151.63903899909087,151.6811556965578,151.25960899306577,151.6522401708844,10000.0,1516522.401708844
2023-09-07,151.61093106074998,152.14590823492387,151.11194719210837,151.59578720566097,10000.0,1515957.8720566097
2023-09-08,151.5696942811476,152.1430923449213,151.0140804378882,151.28017867251182,10000.0,1512801.7867251183
2023-09-11,151.29106139120867,151.67956979079983,150.40186437087166,151.50493457793615,10000.0,1515049.3457793614
2023-09-12,151.45339190002306,152.09424328884782,151.4153715333986,151.82491773051598,10000.0,1518249.1773051599
2023-09-13,151.85274790747363,153.12126418313613,151.28144634100897,152.59634686466467,10000.0,1525963.4686466467
2023-09-14,152.57567381563416,153.25565762070488,152.2219826556893,152.38921121254526,10000.0,1523892.1121254526
2023-09-15,152.39787741170514,152.9375121053314,151.82719482869626,152.59439842140432,10000.0,1525943.9842140432
2023-09-18,152.598003416069,152.81888698527015,152.13769661856236,152.58771299242073,10000.0,1525877.1299242072
2023-09-19,152.57503060481594,152.95741743587342,152.23629371688426,152.87636880029837,10000.0,1528763.6880029836
2023-09-20,152.90648742385233,153.24963583750008,152.7363019575345,152.85479159539983,10000.0,1528547.9159539982
2023-09-21,152.90847377191284,153.0642099522385,152.4606140173455,152.7074444836589,10000.0,1527074.4448365888
2023-09-22,152.72189265968547,152.9496713405308,152.25793716906722,152.3220733834923,10000.0,1523220.733834923
2023-09-25,152.28287340332056,152.56737680987496,152.0800551502761,152.4863269334169,10000.0,1524863.269334169
2023-09-26,152.48911527530808,152.54760653707427,152.2329659364737,152.52396575898663,10000.0,1525239.6575898663
2023-09-27,152.51880115211716,152.9488933989661,152.3007148038807,152.78206990704376,10000.0,1527820.6990704376
2023-09-28,152.80293432320173,152.8996181715252,152.501776355192,152.65691705521763,10000.0,1526569.1705521764
2023-09-29,152.65832243590637,153.6777556148287,151.60893109415773,153.2525723510701,10000.0,1532525.7235107012
