Date,Open,High,Low,Close,Volume,Turnover
2018-01-01,100.0,100.1862267760557,98.70420176828527,100.0,1176371.4643701194,117637146.43701194
2018-01-02,99.93486853912334,102.72534855622571,99.02368928614052,100.63253285750768,658727.5755674394,66289424.39243673
2018-01-03,100.50641281533053,102.4179983401774,99.26835713956862,101.13666893484998,720170.7668164754,72835672.42007492
2018-01-04,101.10768876513978,101.62375484231636,99.59717487803536,99.9031935379727,2426313.9185053976,242396508.98432165
2018-01-05,100.13155509652529,101.74778281871768,99.38402512855066,99.49974642744442,3624136.2590260566,360600638.7915997
2018-01-08,99.4065914816426,100.54038410749284,99.28078490967121,100.00754319088078,1075611.9785037455,107569311.39684206
2018-01-09,99.96812827641475,100.38725473241063,98.83171524726379,100.14745839488741,1410526.4269969836,141260636.6625696
2018-01-10,100.16175141001864,100.22030210252753,99.07465410253157,99.45964538463828,1092725.4200366032,108682082.77962047
2018-01-11,99.54110379342505,101.9878269108968,98.17919611116015,100.47790494060833,1373532.8339236453,138009701.5197844
2018-01-12,100.42213676603595,101.43192101514616,100.01494188588163,101.32073578275214,260020.16355189015,26345434.289429057
2018-01-15,101.3247307044204,102.07306149410306,100.31812663464683,100.34828722381577,655040.3125609559,65732173.42804486
2018-01-16,100.37133668791913,106.16516092590533,98.6206923957207,101.51240877870262,951960.9827979527,96635852.42716128
2018-01-17,101.37810238163253,102.52421529123701,98.44341531067154,99.19312068088902,2219650.534519216,220174063.33996442
2018-01-18,99.24597222076385,101.37687033927715,97.03485111559111,99.15565722715012,3314504.2647969257,328651848.75813115
2018-01-19,99.01134038863563,100.55604402743913,97.94018107934161,98.34487726083377,4595693.46995732,451962910.2313679
2018-01-22,98.36290981477846,100.01281737550136,96.93204052420997,97.93528392181157,2149089.667839194,210471706.7932632
2018-01-23,98.04777961752346,100.46705931468885,97.60852781309845,98.46031756567884,6244604.747218065,614845766.4832363
2018-01-24,98.47148083544926,99.70740968156393,94.37549590012475,97.3364720474642,2740432.584460497,266744039.65529922
2018-01-25,97.16164454038322,97.88833223584851,95.43939191262368,97.37850206475677,4446399.968667659,432983768.5296381
2018-01-26,97.47171919047244,106.27433234297204,95.27169297853524,99.8193447808671,4153328.5392989456,414582533.4524966
2018-01-29,99.89959552629921,102.0903500128822,99.17118935952482,100.39681155909665,1921485.040229665,192910971.49756092
2018-01-30,100.41297169885922,102.0902898067526,96.86719964729916,101.88446216316285,2144749.386725393,218516637.74129003
2018-01-31,101.9552321302801,103.20647969725763,101.2465232476549,102.61407654161891,1463489.4670224807,150174620.1868979
2018-02-01,102.57090513716958,105.47191461134979,99.39419700736174,100.99014801241506,1895428.8331045704,191419638.40222973
2018-02-02,100.91119172012003,105.7964929832678,99.57193299238797,102.78548119122124,2038890.6206306373,209568353.53778777
2018-02-05,102.76124284577871,106.87688171884585,102.71199966920668,104.08411818383765,3525583.6866276585,366957269.10596323
2018-02-06,104.13193261663326,105.02171412758405,103.73568803683305,104.64665287223949,1710651.3305389597,179013935.9723451
2018-02-07,104.73776270144012,106.83590727414166,102.68839938881038,104.17796397395136,1421736.7731223295,148113642.3307799
2018-02-08,104.12197018371663,106.0454089346558,102.3973558831916,103.66161853568757,1316949.8607508044,136517154.09577674
2018-02-09,103.68585200537093,104.3849559826233,100.30850765017041,102.50740807716684,2458288.607192999,251992793.42898288
2018-02-12,102.51884865863947,103.38752889940156,102.06076076220616,102.38019397952351,462236.86497404287,47323899.900529325
2018-02-13,102.35051754451577,102.85077907476523,101.93376834293619,102.4272477780289,280844.13103765814,28766091.396799427
2018-02-14,102.28506966651766,102.91054355900604,101.90255449790892,102.29574604934137,729852.6207687027,74660818.34760147
2018-02-15,102.20725002550878,103.06011472453139,101.41112933282729,102.18862526446775,10000.0,1021886.2526446774
2018-02-16,102.25717419527939,103.44902533986335,99.92359491406658,100.76302581679231,967446.8529339272,97482872.21855578
2018-02-19,100.64222180572379,100.84827287995786,99.33767141776619,100.20351663926743,1188705.119184731,119112433.18940957
2018-02-20,100.00994253152774,100.90380622127597,98.60848809802137,99.43202069803885,1982097.188773513,197083928.69965258
2018-02-21,99.22887555884122,102.77768023590976,97.87096803400259,99.98321147237664,3739010.332565611,373838260.7783088
2018-02-22,99.9438967790473,100.70239700436115,98.63231897395532,99.56809812669078,1596861.420878205,158996454.64872798
2018-02-23,99.68525220726627,101.69564517542203,97.86711792869032,99.23654537230806,1288252.0689462936,127841684.89095859
2018-02-26,99.26879635835338,99.81845103367012,99.15152489846216,99.41591106239228,1776210.1310547278,176583548.41705695
2018-02-27,99.35883303879162,99.92945432249437,96.97826069841557,98.97220477130098,1857047.5325382936,183796088.66041923
2018-02-28,98.92393677996425,99.1784846526143,98.52614301895724,98.69389855472258,3661541.06191016,361371762.1181125
2018-03-01,98.74393986772628,104.89100157140628,97.72330795607509,100.16349568780029,3037652.214857353,304261864.52390146
2018-03-02,100.16653198934658,101.16944145824405,99.1181072159154,100.05430675535982,1822555.3706679922,182354514.1354438
2018-03-05,99.89491507400764,100.6421029948435,99.1525829684502,99.29713138297707,1793890.973808991,178128227.71304807
2018-03-06,99.39300784299184,100.96289171906584,97.5868792775715,99.85997824058592,1182277.283181194,118062183.77281307
2018-03-07,99.93149835419852,101.37910275119228,99.83417203197611,100.56294989373245,927390.7272924099,93261147.2406187
2018-03-08,100.47506537452391,101.49846874910575,99.43596800972283,101.11298582055683,1005515.8906065408,101670713.98924373
2018-03-09,101.07706270288556,102.55929186999809,98.86729812654907,99.27953467738796,4052014.664620813,402282130.40950656
2018-03-12,99.33202046115215,101.64342686021308,98.95025352035749,100.56459055457296,2503954.4565259023,251809154.68782562
2018-03-13,100.59651463794785,101.12056766495414,99.14660793970005,100.6740366509882,2368292.967789517,238425613.03951943
2018-03-14,100.62853747071775,103.7938449941577,99.87851122692925,100.9118748955953,2958603.452942797,298558221.5090398
2018-03-15,100.91920683337547,102.06705069904534,99.83331221857446,101.04392877555495,2220406.100452046,224358555.86688423
2018-03-16,101.2231877244823,101.57374830708795,101.15397568456902,101.53365398813105,2077303.094948157,210916173.67093992
2018-03-19,101.50310695445498,103.68508321628845,100.66263932523857,102.05510756680196,2217667.6020804397,226324305.67773104
2018-03-20,102.18136289244775,105.50274262001759,101.99333148653633,103.97722343571887,2882396.187577695,299703552.4260302
2018-03-21,104.00210356157454,105.82731935201298,101.11833151273623,104.14151529109708,1383534.409618216,144083369.87501442
2018-03-22,103.98671156861562,104.9042564722512,103.72925464508448,103.98152581298655,2570623.390796565,267297342.46558002
2018-03-23,104.06369894741339,106.76945427577627,100.35518050069156,104.74542745657236,2517946.791564878,263743412.99536806
2018-03-26,104.79511700534675,104.80768362533502,99.92516696834711,104.54550679159252,2792479.7240782348,291941207.9590055
2018-03-27,104.73818017276905,107.39963113283518,99.28205343433966,106.29775179027654,4527922.568182801,481307989.2782869
2018-03-28,106.607738364476,108.72625501426062,103.90677466660998,106.52440772318215,3720078.6639295937,396279176.35874677
2018-03-29,106.78668961442908,118.38806660059157,103.89195699833829,108.28945804446077,6671394.414212159,722441685.5158775
2018-03-30,108.3768894059352,111.14093251802305,106.73146963356237,106.95208082632102,6979563.980816264,746478891.00874
2018-04-02,107.08266661814916,111.34640700099852,105.69750230050788,109.15952742181736,4814162.512842677,525511704.83373535
2018-04-03,109.36973755305723,116.60273207422118,104.19128837279794,110.52796705707021,8181815.462427602,904319429.8982257
2018-04-04,110.39439902470335,115.04372157669445,106.16145223395004,108.83523852755069,3003384.034674302,326874017.8036152
2018-04-05,108.6170351687882,111.3318169619214,105.45728971688249,107.87765180538496,4348625.767272219,469119536.35371745
2018-04-06,108.02294841658617,108.25453220488237,103.11290534421973,107.93198757567777,4353998.254059705,469935685.4616948
2018-04-09,107.79875489413693,107.9210455953386,103.7217987177678,106.17537920785327,2312535.7483615107,245534360.01400015
2018-04-10,106.12824110692873,107.53081579520548,103.73637585221924,103.98542910618806,4509658.982144915,468938824.3809142
2018-04-11,104.3178323140203,107.61422326463573,103.98945118187386,104.92519521848021,3444074.5242291284,361370191.80173564
2018-04-12,105.0495227616303,106.04131356563708,103.80257562643321,105.56804917845362,2192243.122300284,231430829.7461231
2018-04-13,105.82948909785917,110.98189155510637,102.4351073848518,108.3456185146883,4466007.525653025,483872347.6581297
2018-04-16,108.34662156939082,114.51054904892952,101.3572536508313,105.94596772873119,4339626.614772961,459765941.28347903
2018-04-17,106.20772395311667,109.12234734336567,104.88806101714043,105.1556512362704,5532298.7694869405,581752479.9390166
2018-04-18,105.02434966789473,109.79341296536049,101.54393195861121,101.87230744227858,3480768.968340548,354593966.47833115
2018-04-19,101.76264864006633,105.30862927656375,101.16180507446118,104.50482641065462,3922013.027848219,409869290.65560406
2018-04-20,104.49208306666043,107.68309488099743,101.08978869044093,103.28072674357296,1046330.4005373361,108065764.18138985
2018-04-23,103.24322032225025,104.14832450320077,102.6603104002905,103.14794130791797,118081.28167056313,12179841.111318976
2018-04-24,103.20722721134949,104.08735359618865,102.54678907155748,104.01838990890812,10000.0,1040183.8990890812
2018-04-25,104.0119200305023,105.17109225390395,103.24449560012529,104.65403568699986,10000.0,1046540.3568699986
2018-04-26,104.58624626255668,105.27715169264623,103.38842688326145,104.10369459249706,196962.84384047682,20504559.74123869
2018-04-27,104.20336926205196,107.37496627175659,102.6720914813947,106.60374196486903,2059048.4871338722,219502273.61557326
2018-04-30,106.66497394578468,108.44073741416187,105.83919007146628,106.88264857965552,810274.2120538644,86604253.86011046
2018-05-01,107.00980036341731,109.29826145364217,104.08511304203661,105.70601625806762,1810656.3359431648,191397268.08498132
2018-05-02,105.6043844568308,108.02347307033091,104.22424712990832,105.87164834868501,1225980.994594517,129796628.7418818
2018-05-03,105.80305016073754,106.50797168949127,105.39530902308972,106.3237006344956,1030806.4630278967,109599157.78708135
2018-05-04,106.19984536314735,107.68291089648785,105.71587340963457,106.57424849655077,10000.0,1065742.4849655076
2018-05-07,106.5887935743439,107.27008485313603,104.93513708078774,105.65517060023058,10000.0,1056551.7060023057
2018-05-08,105.65259419740568,106.70201390852768,105.52996674216052,106.16874294671528,10000.0,1061687.4294671528
2018-05-09,106.15441979677445,106.22297758032722,105.54049986006574,105.67171133283291,10000.0,1056717.113328329
2018-05-10,105.70685572938244,105.81618945594657,105.4572576137358,105.53701443068,10000.0,1055370.1443068
2018-05-11,105.51924582391005,106.07047653893689,105.48817677640756,105.79441974596544,10000.0,1057944.1974596544
2018-05-14,105.77709218385306,106.58220979609546,105.24310395857815,105.8483592730109,10000.0,1058483.5927301089
2018-05-15,105.81642985517924,105.83979572936724,105.17162222327092,105.75870155153989,10000.0,1057587.015515399
2018-05-16,105.71950464032383,106.17093237681085,105.27768794479032,105.46114354440539,10000.0,1054611.435444054
2018-05-17,105.45719023514464,105.75634713418442,105.43994095823724,105.69236671111022,10000.0,1056923.6671111023
2018-05-18,105.67988982268653,107.07453124989111,105.43692406357535,106.39885418378321,21749.098520589876,2314079.1621209774
2018-05-21,106.37755540272512,106.72406340773611,106.00599406673153,106.02339292573744,10000.0,1060233.9292573745
2018-05-22,105.96529869120069,106.61383822032147,104.52144449901348,106.16599928501047,10000.0,1061659.9928501048
2018-05-23,106.1005835627814,106.33216631918246,104.91525490553924,105.91929715820314,10000.0,1059192.9715820313
2018-05-24,105.88009563021097,106.1464245429865,105.27971527942103,105.61608506096536,136343.5091409432,14400067.658940366
2018-05-25,105.60725890187004,106.78769325675141,102.17973162549355,104.19320395540063,513192.721979349,53471193.94962152
2018-05-28,104.12978756931984,104.77471330926886,103.64980166354296,104.37710591302593,599400.4601392281,62563685.31226869
2018-05-29,104.33899007527573,109.41613046290763,102.01122852726046,105.09828308861424,854359.0769178706,89791672.1252415
2018-05-30,105.07230943640832,106.74150704749235,104.35677940768821,104.9886760191858,158206.51860930244,16609892.926395344
2018-05-31,104.92472886889662,106.45538312051981,103.29931204923497,105.63633347870064,334145.8886959873,35297946.528826095
2018-06-01,105.572312533129,105.74985403513764,104.65305438207751,105.66434149455712,10000.0,1056643.4149455712
2018-06-04,105.6520721594403,106.4102605610365,105.20630630353425,106.28177880530696,10000.0,1062817.7880530695
2018-06-05,106.35713337858962,106.6843318103161,105.92724504723024,106.30188378792367,10000.0,1063018.8378792368
2018-06-06,106.32137972826378,107.44322064864146,105.78332257964117,106.07590779452877,10000.0,1060759.0779452878
2018-06-07,106.06665600562076,108.04966817853246,103.80684575671954,105.78739271840915,10000.0,1057873.9271840914
2018-06-08,105.75323342622602,106.53601825132681,105.3512816021564,105.79686869766589,10000.0,1057968.6869766589
2018-06-11,105.77045545968491,106.59256830883628,105.62256315703695,105.87213050626892,10000.0,1058721.3050626891
2018-06-12,105.91912631434408,106.04522653028896,105.06793804222916,105.48135762679756,10000.0,1054813.5762679756
2018-06-13,105.43128905881487,105.56057351941078,104.44307419527019,105.40033373587745,10000.0,1054003.3373587746
2018-06-14,105.45242211561079,106.12268617340467,104.33860646758907,104.98383990394235,10000.0,1049838.3990394236
2018-06-15,104.984866662402,105.52378973941737,104.18363601969405,104.57736156217867,10000.0,1045773.6156217867
2018-06-18,104.58267890415277,104.83855649763797,104.4450529692216,104.68884746219955,10000.0,1046888.4746219955
2018-06-19,104.6802789692985,104.97602783859051,104.4714597744357,104.77939310768313,10000.0,1047793.9310768313
2018-06-20,104.80026844682389,105.32624041270238,104.19489659054106,104.96394136710418,10000.0,1049639.4136710418
2018-06-21,104.98276935434022,104.99218376763645,104.73932943487806,104.98039420662406,10000.0,1049803.9420662406
2018-06-22,104.95811319805617,105.59150804283603,104.77251196620617,105.0557398925712,10000.0,1050557.3989257119
2018-06-25,105.14320801941697,106.91904449481633,105.05678799548275,105.92347317903823,10000.0,1059234.7317903822
2018-06-26,105.93272877169393,105.94862276879041,105.25278845417857,105.55783735207278,10000.0,1055578.3735207277
2018-06-27,105.49900744664798,105.69004157062925,105.18147884152978,105.66081856468126,10000.0,1056608.1856468127
2018-06-28,105.6849170568961,107.50174017091601,105.2973029345261,106.35448872946402,10000.0,1063544.8872946403
2018-06-29,106.37583769565633,107.75255034573104,105.59203345684887,107.50486523630288,75441.43100508688,8110320.873435707
2018-07-02,107.515695876546,108.0168126719242,107.51193157335399,107.69348016046514,10000.0,1076934.8016046514
2018-07-03,107.73084050923478,108.09408444659995,107.43194450973765,107.56664783862516,10000.0,1075666.4783862515
2018-07-04,107.62070672892847,110.1538374922671,106.23067221211653,107.00200958105721,10000.0,1070020.0958105722
2018-07-05,106.9530920038122,107.50576675115151,106.8235752601664,106.8817339380626,10000.0,1068817.3393806259
2018-07-06,106.874659932395,107.8835315320061,106.76454115087677,106.90201292317415,10000.0,1069020.1292317417
2018-07-09,106.89762689394847,107.56019292251167,106.6527320364678,106.86371629565214,10000.0,1068637.1629565214
2018-07-10,106.86639846680008,107.49143003187294,106.38813036752755,106.95901448285312,10000.0,1069590.1448285312
2018-07-11,106.92020749337135,107.23298383403638,106.8162706230736,107.02189630799863,10000.0,1070218.9630799864
2018-07-12,107.02562250557973,107.07881658474639,106.64527092172064,106.89462113970853,10000.0,1068946.2113970853
2018-07-13,106.89596496656922,106.94530381980952,106.66943986735832,106.72128691879874,10000.0,1067212.8691879874
2018-07-16,106.75087385619199,106.81047257657687,106.45193636300128,106.62364935893429,10000.0,1066236.4935893428
2018-07-17,106.61361134000963,106.8389269957421,106.36604873794583,106.62558874986878,10000.0,1066255.8874986877
2018-07-18,106.61831076830401,106.93835249911993,106.2414004253843,106.84251234693711,10000.0,1068425.123469371
2018-07-19,106.8532665282755,106.85394276599168,105.90822473398305,106.44223886411956,10000.0,1064422.3886411956
2018-07-20,106.44299900288354,106.65817467289843,106.28802111449941,106.63391038973629,10000.0,1066339.103897363
2018-07-23,106.654305366948,106.67768677796485,106.51802734262766,106.52927779691075,10000.0,1065292.7779691075
2018-07-24,106.55841781359145,107.04630474547983,106.27671747758079,106.74207711883827,10000.0,1067420.7711883828
2018-07-25,106.725864918306,107.72324934187813,106.1992382757045,107.05380998962069,10000.0,1070538.099896207
2018-07-26,107.05670986945199,107.43458855780032,106.92033971848865,107.0906969148552,10000.0,1070906.969148552
2018-07-27,107.10452256625892,107.38942882284954,106.6985184865851,106.81164178663674,10000.0,1068116.4178663674
2018-07-30,106.79429310782756,107.3404012235853,106.51080802008421,106.66792113687733,10000.0,1066679.2113687734
2018-07-31,106.73929900558933,106.9204239720272,106.50304459582053,106.74555437663737,10000.0,1067455.5437663738
2018-08-01,106.75486459451825,107.12985707476344,106.56613470336677,106.62024141981827,10000.0,1066202.4141981828
2018-08-02,106.62751095268264,106.73617843810838,106.32068108424207,106.56735697396,10000.0,1065673.5697396
2018-08-03,106.52376319388648,107.17747715592897,106.21773211120585,106.31373597258064,10000.0,1063137.3597258064
2018-08-06,106.29479775177094,106.56673089831604,105.74278841008034,106.22907962944656,10000.0,1062290.7962944657
2018-08-07,106.16200090995916,106.42822180950388,104.63521244450929,106.00459698182605,10000.0,1060045.9698182605
2018-08-08,106.02986393911522,106.33328155626965,105.251087507865,106.29855899525096,10000.0,1062985.5899525096
2018-08-09,106.27092220148464,106.59797183258685,105.61046614722233,106.39145920324937,10000.0,1063914.5920324938
2018-08-10,106.39552067857764,107.35981688691886,106.06746971362608,106.66967644346552,10000.0,1066696.7644346552
2018-08-13,106.68450487922499,106.9085322990851,105.8627219624829,106.05263894905619,10000.0,1060526.3894905618
2018-08-14,106.05978423801933,106.11641440123792,105.17098088090387,105.90023592277451,10000.0,1059002.359227745
2018-08-15,105.88719882272433,106.15659966627479,105.38979927706077,105.65678180011848,10000.0,1056567.8180011848
2018-08-16,105.69104363131646,106.0786723671706,105.37880118634494,105.47811613647528,10000.0,1054781.1613647528
2018-08-17,105.42723409882561,106.03819025356323,104.72418633326112,105.10295691831134,10000.0,1051029.5691831133
2018-08-20,104.95894400728993,106.51753911034477,102.98630056284335,104.60142731639918,963467.7772466439,100780104.6733575
2018-08-21,104.48123015215897,106.45425979037638,103.5770206558329,105.9261560821503,763640.9719622136,80889552.78679441
2018-08-22,105.95561020402623,106.08748543355505,105.40640802696056,105.8213725488898,10000.0,1058213.7254888979
2018-08-23,105.87404342305226,105.97098678899198,104.01669933719488,105.36264588785589,10000.0,1053626.4588785588
2018-08-24,105.32077687318044,105.4495524495672,105.02489784614487,105.21339253865372,281630.5149198948,29631301.917130064
2018-08-27,105.17765367815494,106.70828269229438,104.30672753162192,106.64293003942544,276627.7724245653,29500396.181635015
2018-08-28,106.66542459483709,108.62412156710185,105.587170395848,107.03463156420996,108077.74157128303,11568061.249374177
2018-08-29,106.96629992866357,108.45858077232862,106.02597002530185,106.5475295103544,10000.0,1065475.295103544
2018-08-30,106.50813022022133,106.67746507220936,105.81464362810306,106.35925805248117,807947.8509485752,85932733.9719871
2018-08-31,106.21585593060682,106.7626795989266,105.96144339666313,106.29658499363697,1917412.8742646114,203814440.55716202
2018-09-03,106.2976599321755,106.6471996189157,106.04545354090767,106.35029278303452,1589412.858252205,169034522.82824174
2018-09-04,105.96818722988627,107.99293607652406,103.42712482890005,104.07450020027689,2781960.9480792684,289531195.2480383
2018-09-05,103.79316387092561,109.5263823021915,98.47106354348786,102.55020598220968,4826732.707276775,494982433.3523018
2018-09-06,102.17304855038911,103.3039529186505,100.20665501757128,102.37531206994821,5912455.133593247,605289439.401176
2018-09-07,102.35428425332896,104.8061635046282,99.79403997373376,100.10927582610366,4318945.2870219825,432366485.01633406
2018-09-10,100.17846768596469,102.14857350467268,98.82486892614976,100.03593237071173,4873331.209949898,487508231.33862674
2018-09-11,100.01645957512865,107.93113794084566,99.5987060975578,100.38289240472884,4075231.656313756,409083540.8800886
2018-09-12,100.70497297184583,104.48662470978688,100.25466608023454,101.82665722242615,3756245.6435472146,382485937.58871377
2018-09-13,101.81909526099109,105.33152374447172,101.62051700422496,104.02825656013053,5379228.648250637,559591777.9158213
2018-09-14,103.82749605593125,106.76608180738124,102.22151314337069,103.77115547256415,5186502.213070025,538209327.5112876
2018-09-17,103.72258664088012,106.85034848426416,101.39300873355228,104.0370060187271,1652461.2550415306,171917121.53646904
2018-09-18,104.11758382995191,105.79396426447988,99.96558311544786,105.01487682350314,3031608.1973348362,318363961.4202402
2018-09-19,105.08297609559959,107.01430482208062,105.02309609493143,106.84084716190357,5529487.323992653,590775110.0663822
2018-09-20,107.20010308094328,111.05073077496708,104.67597135025133,106.95204777709806,5256950.68545667,562241640.8728101
2018-09-21,106.9722247670432,108.7574176776388,104.29443587129659,105.80664105307366,2683496.5064789895,283931751.6281996
2018-09-24,105.64392955143046,108.92112665265631,105.45085290244238,106.76042840235824,3995849.8425411177,426598641.02118546
2018-09-25,106.62407958766505,108.38358289555411,100.46182090672778,107.70908088750338,2422864.099466313,260964465.26884514
2018-09-26,107.80395716133512,108.50987708306587,106.26360462625291,107.84378985854106,2449191.980323607,264130145.2492431
2018-09-27,107.48879522368235,110.0575365689472,104.32177407295734,108.4800273532839,2730739.2611442576,296230669.7436153
2018-09-28,108.51736346036971,111.86427649969016,106.45317643048409,110.2099220451562,2051829.597043263,226131979.94008228
2018-10-01,110.28414063490645,110.46705401103281,108.45640164587601,109.60098591971237,1644975.8595393712,180290976.01964137
2018-10-02,109.55773164937335,111.92368971455504,107.15003141972548,108.91251753865339,672229.9333513499,73214254.40613669
2018-10-03,108.93267549347881,109.98142610458112,107.37608832544888,107.62232380975104,2184741.4469607947,235126951.44539866
2018-10-04,107.8252495191957,110.86704713216476,107.68765876665418,108.15967159643007,4321257.324196934,467385773.0688085
2018-10-05,108.42445898099558,113.15256606011476,108.29004019333917,109.85387526132916,4447869.742643524,488615727.88700193
2018-10-08,110.09767944375918,113.21013091247956,107.4861738895424,108.86849404363494,4121560.0253635324,448708033.0717736
2018-10-09,109.00305757611282,116.08966679834111,106.76859771168847,111.39265206117904,2347461.6787434514,261489982.0072205
2018-10-10,111.3529175670399,114.52423798721522,108.13597584010357,110.25156957462556,5157496.456360023,568622079.3892618
2018-10-11,109.92060365910426,113.29557769490386,106.88440289395798,110.89284295923612,7774024.877601952,862083719.9131081
2018-10-12,110.51917667520733,110.68808112273318,109.38654588320989,110.59507396881155,3370517.1475882125,372762593.2506661
2018-10-15,110.99120855144649,113.74139280365898,110.8637607793656,113.64567368974588,4248011.48580992,482768127.14664674
2018-10-16,113.77771735354148,113.90887051535556,111.97095300680655,112.61965314750475,1986742.7969358887,223746284.68422323
2018-10-17,112.45290895607495,114.65622749063563,108.2664458861329,114.45178306312802,1928179.730085665,220683608.17448527
2018-10-18,114.6011886889398,117.73866601907719,110.81010171893169,113.98349154518044,2284513.3446513955,260396807.50492424
2018-10-19,113.93317096426122,114.31152305865015,112.42547365150284,112.43349038744559,1642811.0709869128,184706982.75819626
2018-10-22,112.39150046154884,113.78680584954515,111.6308672559234,111.86235622029417,562876.4466881255,62964685.58744051
2018-10-23,111.7589439044047,112.0919796756393,111.39557769871857,111.59293715154561,865313.7397209031,96562901.77304363
2018-10-24,111.81034668262522,113.71912036797453,110.1980395222622,113.23483665306995,1573772.00084134,178205815.4444442
2018-10-25,113.09049814093865,113.50974956282298,111.52692840090458,112.59209280665698,1073031.44618746,120814856.17359985
2018-10-26,112.41749128132876,113.39095725742055,109.09739831649864,112.44745860436947,3425111.0632102657,385145034.4957043
2018-10-29,112.52659899519853,115.12942147926834,112.15642848293705,114.79425439106512,2586721.964644579,296940819.2483656
2018-10-30,114.94980902331069,117.51262542621994,114.76316390741891,114.91126125369424,4149724.679649977,476850096.79416114
2018-10-31,115.0078926898425,121.55298094422129,109.37547142200395,113.49468158849376,4150259.7737370976,471032411.52982605
2018-11-01,113.2654948634108,114.70546636576974,109.05443917152411,111.86795821185318,6181247.8721001595,691483578.6532071
2018-11-02,111.80753513186545,113.42804581835553,103.05212362940226,108.25798798411846,7708658.918211245,834523904.5413805
2018-11-05,108.03351605988351,110.82708721378967,107.9510466374164,109.1694818302548,6271961.7543821875,684706814.7850792
2018-11-06,108.96244285920251,118.53101522035024,108.25491091326836,113.78305451424386,10363584.141337806,1179200259.3167927
2018-11-07,114.92445973460762,115.3533655243203,106.6195003537746,111.53052856551172,15252506.848964259,1701120150.8140714
2018-11-08,111.68567146835225,128.0851157805356,94.80319794593952,105.1363497806062,23620272.21570877,2483349201.5838914
2018-11-09,105.53542006701132,113.94923365951931,103.94682951171097,106.78359811073754,17702654.234156813,1890353115.2335474
2018-11-12,106.43939754432857,109.84992761633917,105.5219890942065,106.93275268328462,13819556.929467794,1477763263.3313518
2018-11-13,106.76861158875505,109.34339223375663,102.9779237876525,106.64273785300232,6997438.486268809,746225998.1336739
2018-11-14,106.75477359214611,115.23150575667022,92.54221561917205,107.90956615833001,8326026.871716888,898457947.549567
2018-11-15,108.20972110265478,109.79251855633784,107.97055322651762,108.02510306513837,8456635.827454994,913528956.8451674
2018-11-16,107.97897860778609,112.53645735946404,105.15634131868448,107.19743346228043,8346964.454845175,894773166.7602855
2018-11-19,107.54093247755013,110.32669460375142,102.48986645093285,109.51905080189441,6872521.129257804,752671990.6922781
2018-11-20,110.14031670747754,111.31590727135814,100.74045215296226,104.91534175660826,8710305.98940924,913844729.6835022
2018-11-21,104.60270507022628,105.19052772333092,102.34979651295515,103.17632828157927,4483533.931079092,462594568.73461604
2018-11-22,103.17392440212356,103.73009626503905,102.5485245838828,102.9912949311336,2756725.1045589214,283918688.28768796
2018-11-23,103.1005158334281,106.1153492507182,98.65281880179643,100.93242048740107,3197381.0487612346,322719408.4720164
2018-11-26,100.88232911643671,105.5196548891888,97.59682188283205,104.17038649290396,4182999.3741635545,435744661.50619286
2018-11-27,104.46537589373462,107.7424943905081,100.03880372316677,100.5676003816661,4201841.221284232,422569088.8093245
2018-11-28,100.58971567333904,104.89882956023625,96.71240910979674,102.37903461694735,7831221.423281551,801752889.1871216
2018-11-29,102.43976555160363,103.62610105074894,102.18292690893477,103.5847037983778,6196790.168053261,641892674.0584968
2018-11-30,103.2961138487554,107.2266729994728,102.58544415313055,104.2738359190088,4289552.8225887185,447288127.1885371
2018-12-03,104.38093067060447,106.10440162834466,104.19674963175625,104.81230723813184,2394168.5083418638,250938325.27618724
2018-12-04,104.7627436751667,105.18002759189928,103.8084280093918,104.10947862607082,3329292.4325330816,346610899.3447422
2018-12-05,104.16548037660871,108.18456124273655,100.53351686219723,103.24086575240561,2417333.1338850735,249567565.5542708
2018-12-06,103.18829480173764,106.62879038253742,102.46621150049668,105.78541468907426,5690659.393130315,601988763.7565659
2018-12-07,105.63195954077206,109.35837264369168,105.37091480441408,105.4923544335301,6928233.601050524,730875674.6403145
2018-12-10,105.44945687313398,108.0955034085368,96.8092709803042,102.63810830500208,6302923.40572596,646920135.1550336
2018-12-11,102.37505980459072,104.1930628761367,97.91087177776733,100.38290260888365,6164570.422922562,618817472.3898402
2018-12-12,100.30960668327387,107.23829559391798,95.01235716921315,96.8545021827361,9550672.878731105,925025667.1796603
2018-12-13,97.08962050136184,101.23064468451123,93.02684395704631,97.70501122913558,6720870.560694455,656662733.6022185
2018-12-14,97.88820764498044,101.88245818972291,96.90625468537014,100.21087649483384,4272683.584326005,428169366.97039723
2018-12-17,100.00797439828172,106.68988981856087,95.7143570328481,99.7721341676272,4796462.37885818,478553287.99341464
2018-12-18,99.95593734726529,101.09058137683954,99.64559935417361,100.2600548784778,6997126.174798241,701532254.2769051
2018-12-19,100.14109459025605,108.62270906590713,95.01149301094256,99.06784692252145,10306867.263327545,1021079148.2940809
2018-12-20,98.78580449990048,105.90371068345456,95.5504843703833,102.7915912387144,13064100.218826547,1342879649.595218
2018-12-21,102.99432261679706,109.35660896753454,99.91839276982388,106.03712155566333,13641165.028668895,1446469874.3058274
2018-12-24,106.35520295908888,119.2467585543523,103.96617806138853,110.30308278098997,17939825.633557793,1978818071.934851
2018-12-25,110.0525802311571,127.34497173973689,102.28080282786543,116.73935826780719,9294632.652675275,1085049451.208318
2018-12-26,117.10765008839635,117.16334010530626,105.32674096126638,111.57114033104104,14351166.119486742,1601175969.0313368
2018-12-27,111.55059052365823,119.85994512273942,105.1472336922732,114.26297105546617,9772373.99759813,1116620487.2307453
2018-12-28,115.37067648653723,130.95999888886956,100.68566463872762,106.46315608602204,13191579.91481295,1404417231.4919643
2018-12-31,105.6960291225924,113.36505774044451,95.38910715685759,110.06357589000362,19591759.337334797,2156339090.6434355
2019-01-01,109.95060181635492,113.43584195162721,104.94329063514708,113.22432125209045,14941150.44341843,1691701617.681422
2019-01-02,113.08432722973323,118.36249688795864,112.94470980029905,116.10428976142329,9442753.450060735,1096344182.711531
2019-01-03,115.72569493269224,123.13286785243422,110.50048829111722,119.19981174849133,9832436.25599669,1172024550.7438462
2019-01-04,118.69941111795913,122.88549333597398,118.13794070643182,118.41737640122452,11151059.254757617,1320479181.042991
2019-01-07,118.77015208820947,122.4744765846085,104.72256904822824,116.32707997731227,9538960.100127058,1109639374.467871
2019-01-08,116.37921060586051,118.06436050322529,115.60989295132589,117.62473482779939,4903995.706601326,576831194.5856477
2019-01-09,117.06907199494792,117.228422700009,104.95637164083261,115.09679494102143,10899732.203668866,1254524242.3577232
2019-01-10,114.89024317972746,119.3952517227865,112.56760553495188,117.38969288702414,8333351.820836483,978249610.9675181
2019-01-11,117.2195894689951,121.79510076731724,113.98329134677387,114.00021462546974,10708371.848529436,1220756689.0216937
2019-01-14,114.07437654590498,116.13705479197135,112.48964417973386,114.74231708444675,5756445.296216548,660507871.4577513
2019-01-15,114.56047239580369,116.41608906834686,109.79639346646586,115.08278439693207,3218316.325319111,370372803.78782594
2019-01-16,115.31241158521355,118.9935867297541,113.4085426031624,113.65537822592928,2820654.4530165656,320582548.70224947
2019-01-17,113.65364282812648,114.21694659005436,112.68873099662265,113.10925916765682,2891252.78479935,327027460.55507916
2019-01-18,113.33412716127987,116.54423275947528,112.13930464452005,114.44112560939989,2987461.9640229847,341888509.8780589
2019-01-21,114.50198876310955,114.7580878929059,113.69826897904687,114.32882042266257,1607185.9223483845,183747670.70199978
2019-01-22,114.292843364818,115.60444014239597,112.97838043818112,114.82261988206055,2555842.3603976485,293468515.8264076
2019-01-23,114.78966996831207,115.2461347001143,112.33356433702215,113.80526042420074,4196243.541779214,477554589.0755539
2019-01-24,113.8520216776791,114.20621623362507,112.82937511937847,113.83376446009932,1686489.2466395944,191979419.66646194
2019-01-25,113.85500639997555,114.45574732018723,111.4136694208148,111.74717213180053,2654749.61286485,296660761.9556392
2019-01-28,111.77255197568182,113.94247009794657,109.23730402347414,110.96684288236041,1150189.9986267304,127632952.86247472
2019-01-29,111.04427925305937,113.03918553287672,110.97917824407992,112.18245461313113,1201568.406199895,134794893.19309205
2019-01-30,112.31050818671382,114.1315306930052,111.64043121692613,112.68181626312679,1170184.277869091,131858489.79284461
2019-01-31,112.52878992946934,114.96904876183362,108.90265054754573,112.66593825558,2904782.2434716686,327270016.8888842
2019-02-01,112.48201184953388,112.9792279465734,112.33373051415329,112.75874378798956,1846274.580259649,208183602.35777575
2019-02-04,112.66050354489947,116.13480753155895,110.59967389446062,111.34673519898162,1833890.5759150933,204197728.3403258
2019-02-05,111.49673768103042,112.12001086519557,110.83471830628106,111.84012933425109,1523984.644332264,170442639.72553307
2019-02-06,111.82406595045603,111.91785919589601,110.39687009885839,110.84472037455593,716746.9830519102,79447618.91569556
2019-02-07,110.79714789958324,110.8951629757547,109.27842119192461,110.31937385372656,456210.5856653766,50328866.156046234
2019-02-08,110.33791044010707,111.36427787938376,109.85333104135238,110.67761590319927,10000.0,1106776.1590319928
2019-02-11,110.70854961361744,111.06193911406336,109.4045821103639,110.35606904705094,10000.0,1103560.6904705095
2019-02-12,110.30229917708265,110.58734054285298,109.51874511065553,110.11386656823197,10000.0,1101138.6656823198
2019-02-13,110.0612364886496,110.46880363996438,109.62705457262028,110.07069961697782,10000.0,1100706.9961697783
2019-02-14,110.06547291305091,111.58739880797187,107.87916811491039,110.17519978712578,1097333.6831386813,120898957.77294679
2019-02-15,110.16183082223725,112.63579165786038,109.79079888223944,111.65469872990828,1962542.9164065341,219127138.07588714
2019-02-18,111.5528783330757,111.71377538096533,107.26331175639113,109.4494537666522,2306397.6383337444,252433961.68432498
2019-02-19,109.68874186324858,110.07440219325082,108.05361058721037,109.07302514980412,1229227.1797292056,134075527.08942643
2019-02-20,109.17492540905133,110.15892030031556,109.16330003691631,109.5782242936816,813801.9677116356,89174974.54854505
2019-02-21,109.5657898983143,109.79567524823521,109.21880250878853,109.25294981116951,390807.90354201687,42696916.271484345
2019-02-22,109.27644925949919,109.83945881053364,108.42718783140727,109.13744625683807,10000.0,1091374.4625683806
2019-02-25,109.0781933252381,109.3089345020897,107.94637380035286,108.7848992594197,10000.0,1087848.992594197
2019-02-26,108.81784940329261,108.88738193908509,108.53186292173699,108.7118804570725,10000.0,1087118.804570725
2019-02-27,108.70695228820378,108.95150767097164,108.29063610838845,108.89470357515738,10000.0,1088947.0357515737
2019-02-28,108.88047292031348,109.83123169246086,108.84249331904542,109.15475411461838,10000.0,1091547.5411461839
2019-03-01,109.12312958586351,109.33176392412783,108.84448478514851,109.24616128968778,10000.0,1092461.6128968778
2019-03-04,109.26925976008725,110.64948659968363,108.54721748360804,109.63104480206486,10000.0,1096310.4480206487
2019-03-05,109.63243855492595,110.01045744892322,109.62554575799741,109.65154367853813,10000.0,1096515.4367853813
2019-03-06,109.63776072017794,109.82977844917193,109.1418086282168,109.285394402786,10000.0,1092853.94402786
2019-03-07,109.30571557582458,109.49251981922903,109.27460324468738,109.44183459673442,10000.0,1094418.3459673442
2019-03-08,109.43799960868978,109.4908137378044,109.12417228009362,109.16875245870096,10000.0,1091687.5245870096
2019-03-11,109.17224067787701,109.41263603516413,109.1336972606154,109.17358579697887,10000.0,1091735.8579697886
2019-03-12,109.16707876489414,109.55506262688716,108.840059364023,109.18555834215391,10000.0,1091855.583421539
2019-03-13,109.19075575604501,109.31542747789115,109.02079523795909,109.0561485893707,10000.0,1090561.485893707
2019-03-14,109.04084241373953,109.48958733572941,108.61507023853605,109.04621194188802,10000.0,1090462.1194188802
2019-03-15,109.04069546798387,109.58969142474272,108.77683654442447,108.9942520104047,10000.0,1089942.520104047
2019-03-18,108.99470316864901,109.17891070010148,108.88124957578722,109.02868348846633,10000.0,1090286.8348846633
2019-03-19,109.01770891060512,109.26743938741588,108.4388170454538,109.00668462983518,10000.0,1090066.846298352
2019-03-20,108.99925729624388,109.20768867162866,108.96752355677673,109.09818873839265,10000.0,1090981.8873839264
2019-03-21,109.10735547605756,109.26242236502989,108.96649867859449,109.06374890567425,10000.0,1090637.4890567425
2019-03-22,109.0571798130366,109.2581248311105,108.93193595350553,109.15263320735265,10000.0,1091526.3320735265
2019-03-25,109.16617300535891,109.36303078652267,109.00084938699092,109.16282530826781,10000.0,1091628.2530826782
2019-03-26,109.16812754807397,109.30501513596336,109.07909158954087,109.20290337002135,10000.0,1092029.0337002135
2019-03-27,109.20299592666922,109.23867312007717,109.19130217439343,109.22594114414572,10000.0,1092259.4114414572
2019-03-28,109.20625828861158,109.4698402871627,109.06034359594756,109.17429666904323,10000.0,1091742.9666904323
2019-03-29,109.19376315835943,109.37411978806833,109.14777620787989,109.32170551533562,10000.0,1093217.0551533562
2019-04-01,109.34070824986007,109.57939255296056,109.30065445305813,109.39788132054812,10000.0,1093978.8132054813
2019-04-02,109.401661356512,109.45294823737312,108.74988117142819,109.11799438711294,10000.0,1091179.9438711295
2019-04-03,109.11985252504623,109.24053551534683,108.90999846660223,108.97240671115821,10000.0,1089724.067111582
2019-04-04,108.9732993189234,109.71893848161267,108.95244672087219,109.19848387297752,10000.0,1091984.8387297753
2019-04-05,109.19166346653523,109.19526456925229,108.88037780909879,109.1631456117182,10000.0,1091631.456117182
2019-04-08,109.15860807280704,109.97737242103705,109.12778398179007,109.65666658242566,10000.0,1096566.6658242566
2019-04-09,109.66298931945231,109.91524758887535,109.57800075383243,109.71278941538816,10000.0,1097127.8941538816
2019-04-10,109.67603912754856,109.90212837052977,109.60336769590084,109.80916856860235,10000.0,1098091.6856860234
2019-04-11,109.80801004870948,110.55412437031099,109.55033017142213,109.68549755722378,10000.0,1096854.9755722377
2019-04-12,109.6958797150103,110.2492663140522,108.92210362540905,109.62516216664402,10000.0,1096251.6216664403
2019-04-15,109.5871831688204,110.1074986117457,109.2188620627774,109.65235515984698,10000.0,1096523.5515984697
2019-04-16,109.63836834477517,109.93633454408959,109.56018285861778,109.82670515129671,10000.0,1098267.051512967
2019-04-17,109.79151465609469,109.99247455712123,109.71601049350605,109.83510029362866,10000.0,1098351.0029362866
2019-04-18,109.79779783390639,109.88092100483686,109.50589895194453,109.81222747786026,10000.0,1098122.2747786026
2019-04-19,109.83158305539207,110.59361135920369,109.00616514791793,109.45929281746845,10000.0,1094592.9281746845
2019-04-22,109.42569676128085,109.51785077148547,109.0566371100238,109.33603095604305,10000.0,1093360.3095604305
2019-04-23,109.4078738636417,109.46023904899343,108.99502084748536,109.22773084416868,10000.0,1092277.3084416867
2019-04-24,109.21851733648708,109.31567798472278,108.75298816318409,109.18231218748097,10000.0,1091823.1218748097
2019-04-25,109.14328705049243,109.87647120780477,107.73612031712067,108.87431339914286,10000.0,1088743.1339914287
2019-04-26,108.85684211269837,109.37846200436029,107.92158821919217,108.3458569298156,10000.0,1083458.569298156
2019-04-29,108.34052571979333,108.60683399671736,107.28840695597243,108.12858383212256,751476.9529998772,81256138.71035524
2019-04-30,108.14995908590573,108.73752068167067,105.01240564608112,106.10378677547085,964772.8548763526,102366053.2805628
2019-05-01,106.12985593276441,107.66806376000497,102.40913222586146,104.78811111546997,1381519.6067289915,144766830.05811793
2019-05-02,104.8123957764741,105.36668733688116,103.9765792834585,104.15691524441375,1449458.6608074,150971142.88399783
2019-05-03,104.31027628630707,105.47264326416709,103.80225795048328,104.80273007495569,4165176.3187606432,436521849.4496693
2019-05-06,105.01778773582568,106.24734703361446,101.80914641390959,103.61125178348783,6069619.278771653,628880851.3227215
2019-05-07,103.61526206433103,104.2981991239168,101.91162793762794,102.18594517157604,2885470.8467264264,294854565.7377677
2019-05-08,102.23934755791191,104.32044148447888,100.65280773622874,103.33014911199783,2851692.660132936,294665827.79312605
2019-05-09,103.23718516695105,104.00394063007268,102.69155133393042,103.27007586863324,1894595.8898284098,195655061.2829806
2019-05-10,103.17092311093076,105.63930750943229,98.65664310376945,105.32151657005751,3563844.3505655886,375349491.8211995
2019-05-13,105.24657547868371,108.85979183040993,103.6484780327109,104.89750127671118,4027744.5307866475,422500337.06045884
2019-05-14,105.11664134419998,105.40622825584705,103.14806213805012,103.7452569631478,3832049.7739203023,397556988.4909342
2019-05-15,103.63835376396374,104.03460009161546,103.0674471459558,103.24798869520254,3570088.491846536,368604456.2470438
2019-05-16,103.26332255037916,104.86420110354675,101.3150776129433,104.85229719588689,1404364.9451334302,147250890.5986158
2019-05-17,104.86308828138566,107.18279563967727,102.11502013170734,106.5108907434372,2530203.796977085,269494260.17845625
2019-05-20,106.59792359638259,107.21849675624689,103.51851917307448,106.60761816322133,1498484.3563119047,159749848.08126006
2019-05-21,106.5416773937079,109.22528694583968,106.36398128798366,107.58102550391577,1477025.229585181,158899888.8939304
2019-05-22,107.52757643636048,107.97810224878394,105.58404436477137,105.75949543260754,3145946.494449898,332713713.9110017
2019-05-23,105.87435491975457,107.35581747165793,104.75713333172318,107.00017431327218,2078278.870140253,222376201.37659743
2019-05-24,107.02337178273956,108.15880797666715,105.5799471482895,107.23059921000795,1346355.0568029245,144370459.4904019
2019-05-27,107.18530528175515,107.8124593288489,106.9543361831071,107.08749520472982,998387.4761418452,106914814.06380215
2019-05-28,107.15950262922262,109.17109252660826,106.76101398506499,107.05542583957937,123324.09805512638,13202513.833573597
2019-05-29,107.06904690329989,108.5056532725525,106.31046741689369,107.21979140199558,2506438.452884649,268739808.08023256
2019-05-30,107.1601213075465,107.86762841374163,105.7620616390836,106.59864530103967,1784779.7512934036,190255103.64860332
2019-05-31,106.69752917348033,109.48872587037837,103.47804349284546,106.11084418872043,2124106.6352545423,225390748.21372196
2019-06-03,106.35461848388843,109.1690504889372,103.05462979113368,104.41604298591567,2229697.6691103955,232816207.66342703
2019-06-04,104.39167632579031,105.3605587361185,103.10780678300848,105.35565989146806,211185.038769577,22249539.11877405
2019-06-05,105.29045914781885,105.31101370876902,104.7589265630363,104.77810889852431,284379.69499843405,29796766.65107505
2019-06-06,104.61277891562958,105.94387629204141,104.12439627157859,104.65750027426,623402.8689192137,65243785.924887076
2019-06-07,104.76485639897362,105.91636454145772,104.71088985736087,105.22707914625342,108158.12003765503,11381163.057512304
2019-06-10,105.18935642439827,107.35413836185731,104.8853775283017,106.00007527050678,417898.4764724427,44297269.961509034
2019-06-11,105.98656424102012,106.9787721437628,104.99746316779368,106.58690625240281,10000.0,1065869.0625240281
2019-06-12,106.53684619646867,106.70605163751378,106.20192725344226,106.2387976446279,10000.0,1062387.9764462789
2019-06-13,106.22709286034909,107.19643228562285,105.83239030181541,105.85560598679216,541442.3138300703,57314704.23737299
2019-06-14,105.81247984053498,106.7684194802996,105.77911618784057,105.79613346019823,10000.0,1057961.3346019823
2019-06-17,105.84499588635082,105.99191418191458,104.61025065531909,105.22897630944831,10000.0,1052289.7630944832
2019-06-18,105.25324867828334,106.27430720235981,105.05688598321954,105.50894467656684,10000.0,1055089.4467656685
2019-06-19,105.4890418859356,105.87755368705636,104.05551846624986,104.90078437775566,10000.0,1049007.8437775567
2019-06-20,104.85818068319932,106.14736384844436,104.84688425221806,104.8546288056833,10000.0,1048546.2880568331
2019-06-21,104.88022329815917,105.3887790888566,104.77251220594717,105.19657188945783,10000.0,1051965.7188945783
2019-06-24,105.15605845577922,106.09708656278859,104.38253197500002,105.53311452161327,10000.0,1055331.1452161327
2019-06-25,105.58192796858282,106.41262392202562,105.1899308515855,105.33676704405764,10000.0,1053367.6704405763
2019-06-26,105.34879379993414,105.79100289066149,105.03847560639066,105.64098748798727,10000.0,1056409.8748798727
2019-06-27,105.64042298318974,106.78515430070755,105.11921498468676,105.9315759791152,10000.0,1059315.7597911519
2019-06-28,105.90715247588595,105.94423720718713,105.53600771060393,105.58642329369886,10000.0,1055864.2329369886
2019-07-01,105.58985508164034,105.92907268613779,105.35093296548989,105.57138896586036,10000.0,1055713.8896586036
2019-07-02,105.54576767573266,105.77324327783296,105.12796157546926,105.69223114630178,10000.0,1056922.3114630177
2019-07-03,105.71791049331725,105.88980724590321,105.42345076443297,105.76897291916347,10000.0,1057689.7291916348
2019-07-04,105.69073920361976,106.29839060075676,105.32268356694114,105.62349026860211,10000.0,1056234.902686021
2019-07-05,105.61338532954231,105.78601636997196,105.39580176318766,105.55920665940465,10000.0,1055592.0665940465
2019-07-08,105.63077704329278,106.93939847862119,105.33243966134549,106.18378641110363,10000.0,1061837.8641110363
2019-07-09,106.1665285270141,106.16938280962519,105.8558274414927,105.98886170304385,10000.0,1059888.6170304385
2019-07-10,106.01729768204079,106.97787958764066,105.49017272262402,106.29782591069497,10000.0,1062978.2591069497
2019-07-11,106.34777163483412,106.95529663480649,105.04290971083086,105.67995688347844,10000.0,1056799.5688347844
2019-07-12,105.69915394054738,106.10567916051721,105.00967492142232,105.8421292146971,10000.0,1058421.292146971
2019-07-15,105.83769593520864,107.04162149644173,103.77002723639256,106.20950236946898,10000.0,1062095.0236946899
2019-07-16,106.23832315394779,107.04203665952849,106.0217075731072,106.05671783435508,10000.0,1060567.1783435508
2019-07-17,106.08284444071607,106.42313996646244,105.69933714347985,105.88704372294022,10000.0,1058870.4372294021
2019-07-18,105.86590289053193,107.17148609680773,105.34133704189885,106.54180524711367,10000.0,1065418.0524711367
2019-07-19,106.6284083871209,106.86501050991855,105.79180464424127,106.33528659788982,10000.0,1063352.8659788982
2019-07-22,106.442495689105,107.39133008405243,106.17804735411242,106.95426558431527,935415.7656041714,100046706.22618414
2019-07-23,106.88703204629839,110.28633796983497,104.07013714740584,105.86067438551068,584268.0892467835,61851013.949598245
2019-07-24,105.8997813881917,107.7928652626887,104.68482052441314,106.8649945617773,506217.82981221116,54096965.62995665
2019-07-25,106.90036584775115,106.90482303161455,105.39159229294951,105.70172588255906,10000.0,1057017.2588255906
2019-07-26,105.71575794855161,106.70649321331243,103.47556087368773,105.06649875936066,279390.1264023541,29354542.369030554
2019-07-29,105.02894203815889,105.83349403201787,103.73061041205436,104.63704594950278,393988.4305733772,41225785.51347895
2019-07-30,104.54826511057256,105.76687404669961,103.49054264345581,104.55248930489446,864082.3789301618,90341963.68164352
2019-07-31,104.62277386371801,106.19762554201907,101.30869677599675,104.68554984147396,1905222.385292864,199449252.974668
2019-08-01,104.53470330211097,107.47897402737364,103.79827318887389,106.1325636830865,1448402.0341807024,153722621.13139543
2019-08-02,106.07215854054469,109.1348788208393,104.33518179848114,108.40738470997135,1610987.431314324,174642934.22942048
2019-08-05,108.24817807701464,110.07361500479145,107.51747405628787,109.7779602570108,856542.6942110115,94029509.84352937
2019-08-06,109.70472872529291,110.92076018231178,108.83674231688623,110.45732050806201,2508031.4067900726,277030428.9440967
2019-08-07,110.48071751944313,112.47607475007032,108.18655884072302,110.437553429807,1590760.3181785222,175679677.63285732
2019-08-08,110.30179034940909,111.51922120955767,108.27557535931845,108.27689791126896,1235508.3542834455,133777011.94526856
2019-08-09,108.36298565193961,109.28145403870374,106.19777493711852,108.06214895095798,1645816.8621843758,177850506.90736628
2019-08-12,108.2153370276647,110.95651655540684,101.58789297712492,107.06780781601297,3745661.581199044,401039774.3196425
2019-08-13,107.13852752342626,109.48587658301261,105.42197848136034,107.81016448073211,3468675.972770874,373958527.15479136
2019-08-14,107.90038410494657,110.07120297041958,101.83390773607059,106.51561289158971,1770755.7871713229,188613137.95188284
2019-08-15,106.65195759320177,107.6587203024847,102.98521833866725,105.77029513798568,1362994.4131974627,144164321.35532123
2019-08-16,105.84760836485857,105.89505177502694,104.74635278992943,105.0836511187395,1499564.3304685561,157579694.93306392
2019-08-19,104.96321220229396,105.57381626258328,103.44368875757958,105.55240491511645,714737.7681441131,75442290.31127405
2019-08-20,105.54758651416604,106.05121484788029,105.14457753072823,105.65967710203599,308861.8467137369,32634242.992911972
2019-08-21,105.6086138830979,106.38047385807997,104.0974932938696,105.00133503240751,335117.9404743412,35187831.1431167
2019-08-22,105.01016756475882,106.33334662361291,101.51966284227488,103.70145867216772,732064.4501572587,75916151.32334614
2019-08-23,103.59549456193069,104.69890872881253,101.5042129746427,103.40418314299704,358582.5190823948,37078932.47507318
2019-08-26,103.41505973459272,104.1459664749274,102.61029570704224,102.98673395107762,672563.4245715091,69265110.47157167
2019-08-27,102.9653211065846,102.97519321138122,102.13818321596628,102.39913467783934,2847981.275555335,291630818.19555545
2019-08-28,102.44817470296368,103.67366375657181,101.07914574221408,102.5483524356479,853763.4305238288,87552033.1700254
2019-08-29,102.45084233218947,104.63671481220051,100.09447893536844,103.37684324257943,1598811.4984537226,165280085.650084
2019-08-30,103.34310186164076,105.30810910919575,101.95873781650398,104.73918447875603,4733018.468512129,495732494.5148512
2019-09-02,104.43831582264593,106.0520272919232,99.91886263753109,103.75947165077454,2589115.9241167116,268645300.32895684
2019-09-03,103.74541850460884,105.44130405723593,101.09536073910273,102.59320924487282,4925321.854485619,505304575.6155881
2019-09-04,102.59556012724146,104.94368931660482,100.9673024484195,104.1654026295293,1996424.7184497938,207958384.61686742
2019-09-05,104.02624731329598,105.57164574250373,102.84750542431674,103.92105059452237,1721669.7949212436,178917733.8650715
2019-09-06,103.9273909445537,107.71588626972053,102.83131476709981,104.60894989606587,1097518.3418413408,114810241.2316941
2019-09-09,104.47772924249904,108.30159088166099,101.53634024985749,104.79272897316636,1542104.1839192335,161601305.79383412
2019-09-10,104.83298181562579,105.55897314669608,104.42350877050494,105.07932586033503,867739.336373628,91181464.48863533
2019-09-11,105.03290149028506,106.47245346275963,103.12836972765523,106.01075622368495,214908.93685983366,22782658.915739127
2019-09-12,105.99091696417419,106.06417235359206,105.64697621203487,105.86978846454565,10000.0,1058697.8846454564
2019-09-13,105.94593019920464,106.71714378973303,105.1847102004329,106.33202172409388,10000.0,1063320.2172409387
2019-09-16,106.3559607717701,107.16002567989068,105.93749170573437,106.50643116925187,10000.0,1065064.3116925186
2019-09-17,106.56511097914758,106.8284073020549,105.75315349249914,106.42797410983529,10000.0,1064279.741098353
2019-09-18,106.4590832698994,106.67558110215853,106.1578976101539,106.2807476282984,10000.0,1062807.476282984
2019-09-19,106.27969643607159,106.84280141293814,106.06015676428079,106.12362206645133,10000.0,1061236.2206645133
2019-09-20,106.17697005809835,106.89305637845821,106.09471539204695,106.47820874087772,10000.0,1064782.087408777
2019-09-23,106.48458223215256,107.01724401524243,106.4516628692705,106.63749894805059,10000.0,1066374.989480506
2019-09-24,106.63883031571838,106.85561489886564,106.33711517386926,106.44691893166167,10000.0,1064469.1893166166
2019-09-25,106.44049194400878,106.68270390616165,106.41057398802127,106.49994959675657,10000.0,1064999.4959675656
2019-09-26,106.4842399782124,106.54204362775076,106.20280736037476,106.23809415685925,10000.0,1062380.9415685926
2019-09-27,106.24598358373875,106.28903199621357,105.46164720176246,106.23804738707432,10000.0,1062380.473870743
2019-09-30,106.23629305610372,106.657029867392,105.90148051627999,106.47896622547267,10000.0,1064789.6622547267
2019-10-01,106.4857258211517,106.56202340851341,106.25208455092503,106.3204453300176,10000.0,1063204.453300176
2019-10-02,106.32019450914272,106.43830331488208,106.09736944495856,106.34827299023786,10000.0,1063482.7299023785
2019-10-03,106.35714899932279,106.46743366693183,106.23931127512574,106.26444342607869,10000.0,1062644.4342607867
2019-10-04,106.25831790173416,106.45204432619077,106.23931001707906,106.26849479153313,10000.0,1062684.9479153312
2019-10-07,106.27293139601736,106.3634740905862,105.99336803601892,106.13435928359596,10000.0,1061343.5928359595
2019-10-08,106.14853529747289,106.29454797777403,105.93514752499098,106.15528937731999,10000.0,1061552.8937732
2019-10-09,106.17846709540558,106.44100455927857,105.70237802192794,105.78638199735242,10000.0,1057863.8199735242
2019-10-10,105.78799605489118,105.84467031855077,105.12669797459667,105.76530519868155,10000.0,1057653.0519868154
2019-10-11,105.7522077415994,106.15120905131194,105.47177034369288,105.72553210756539,10000.0,1057255.321075654
2019-10-14,105.7713649358659,106.9823241920861,105.46893227896973,105.70980955346099,10000.0,1057098.0955346099
2019-10-15,105.74339443989612,106.41121950551062,105.69708089127136,106.19040526790128,10000.0,1061904.0526790128
2019-10-16,106.17714926673555,106.90000697210907,105.05779836783192,105.88001727170845,10000.0,1058800.1727170846
2019-10-17,105.91698614418175,106.29013766349163,105.40000070561494,105.71616139122388,10000.0,1057161.6139122387
2019-10-18,105.73377165452827,106.51950588152505,105.08757007966116,105.40255135518342,10000.0,1054025.5135518343
2019-10-21,105.38646364071171,106.23679032763218,105.05418669335097,105.52758226413769,10000.0,1055275.8226413769
2019-10-22,105.53391795814711,105.66695823641712,104.66622687533784,105.54352051995943,10000.0,1055435.2051995944
2019-10-23,105.52090082953707,106.07565299192966,104.96467236679798,105.30688678111267,10000.0,1053068.8678111266
2019-10-24,105.3025074601333,105.7165275451642,104.9956220015491,105.55790581849934,10000.0,1055579.0581849935
2019-10-25,105.55316359720224,105.71864059020757,105.44049414484954,105.63049721704164,10000.0,1056304.9721704163
2019-10-28,105.63494836103477,106.26941318348139,105.21294525620316,106.09246705138847,10000.0,1060924.6705138846
2019-10-29,106.14423465647029,106.47364419932475,105.91578686401051,106.36793399031588,10000.0,1063679.3399031588
2019-10-30,106.31433487921751,106.72352850291026,105.8082842157095,106.37486886762915,10000.0,1063748.6886762914
2019-10-31,106.28550647903728,106.6732072415428,105.9630873926768,106.11586897476685,10000.0,1061158.6897476686
2019-11-01,106.1556329443327,106.68380289098037,104.95017213670764,105.1657198237398,10000.0,1051657.1982373982
2019-11-04,105.1602161940619,106.93130428530996,104.8018978192676,104.86136117765852,10000.0,1048613.6117765852
2019-11-05,104.89130683040405,105.28748913100813,104.68428974068654,105.17850406290732,10000.0,1051785.0406290733
2019-11-06,105.19721107769776,105.25738223133303,105.1211075100806,105.15588526547062,10000.0,1051558.8526547062
2019-11-07,105.18307463840746,105.28079664471177,105.04572618711072,105.05645325446089,10000.0,1050564.532544609
2019-11-08,105.02584093138879,105.24735434817156,104.69508310368121,105.1184321627486,10000.0,1051184.321627486
2019-11-11,105.15570166963268,105.93739786632405,105.03298319446759,105.28635121317573,10000.0,1052863.5121317573
2019-11-12,105.28903889057204,106.08696866371184,103.94975617967937,105.77716980898467,10000.0,1057771.6980898466
2019-11-13,105.77209842221886,105.88103353489547,105.45022184474524,105.60749755206884,10000.0,1056074.9755206883
2019-11-14,105.6400629673195,106.16826660767985,105.09739166464742,105.54378814812972,10000.0,1055437.8814812973
2019-11-15,105.56166839009096,105.63567193268649,105.41036308239312,105.4107635780575,10000.0,1054107.635780575
2019-11-18,105.39533644104603,105.6398272717517,105.03450209714559,105.32618281905033,10000.0,1053261.8281905034
2019-11-19,105.32088936797925,105.69030155160469,105.18133471653057,105.44669783103657,10000.0,1054466.9783103657
2019-11-20,105.46721952756023,105.5829040193788,105.1134111820431,105.43923529590764,10000.0,1054392.3529590764
2019-11-21,105.42434338805425,105.53522829851897,105.25730603593337,105.26851376748172,10000.0,1052685.1376748171
2019-11-22,105.27576134970894,105.61196188969902,105.16490008652441,105.44032157454104,10000.0,1054403.2157454104
2019-11-25,105.44937298745853,105.80338195856955,105.38487410378339,105.65849558970474,10000.0,1056584.9558970474
2019-11-26,105.65890746022738,105.88806215168555,105.57755132026084,105.75091503850427,10000.0,1057509.1503850427
2019-11-27,105.74706124079205,106.1419783836985,105.56743980645898,105.62351255870321,10000.0,1056235.1255870322
2019-11-28,105.63622397066477,105.8451348831957,105.40644336390106,105.49129080497866,10000.0,1054912.9080497867
2019-11-29,105.49126340165533,105.69796790082633,105.43324509623318,105.6482859487191,10000.0,1056482.859487191
2019-12-02,105.63870460585545,105.64652409270417,105.367928549889,105.52105296720057,10000.0,1055210.5296720057
2019-12-03,105.53155397103994,105.72968434386434,105.27675162502507,105.45227158301726,10000.0,1054522.7158301726
2019-12-04,105.43613853883865,105.52127541896596,105.2432139527726,105.27760776388133,10000.0,1052776.0776388133
2019-12-05,105.27445961288953,105.72271701219648,104.72325133529672,105.5160334877874,10000.0,1055160.334877874
2019-12-06,105.5241348979571,105.66036321183313,105.31256795093196,105.433274286618,10000.0,1054332.74286618
2019-12-09,105.41815332120892,105.43052775767559,105.27524250464818,105.41359756073246,10000.0,1054135.9756073246
2019-12-10,105.4370086587106,105.46243116378042,104.91376389078722,105.31209848092466,10000.0,1053120.9848092466
2019-12-11,105.32283308741096,105.55164667539037,105.1062159354902,105.18124503939063,10000.0,1051812.4503939063
2019-12-12,105.18453474250845,105.30422887646847,104.54925151913349,104.90772718168793,10000.0,1049077.2718168793
2019-12-13,104.88772027170279,105.72815041309619,104.8482232034312,105.16951620792338,10000.0,1051695.162079234
2019-12-16,105.18207010462699,105.47546272994757,104.8559670999757,104.94198062326447,10000.0,1049419.8062326447
2019-12-17,104.93745078404531,105.72114602852908,104.53330815968188,105.37681967493182,10000.0,1053768.1967493182
2019-12-18,105.3962303985074,105.93919459435948,104.8691754712785,104.92543820954094,10000.0,1049254.3820954093
2019-12-19,104.91508514758743,105.45066900188512,104.75783109801833,105.04996356757007,10000.0,1050499.6356757008
2019-12-20,105.06368868904539,105.63887656421844,104.84780110615448,105.31787763778206,10000.0,1053178.7763778206
2019-12-23,105.27979396313876,105.86656649455912,104.58795450071878,104.97459256869564,10000.0,1049745.9256869564
2019-12-24,104.92862332682736,105.23807322772154,104.84553463783669,105.03910125808518,10000.0,1050391.0125808518
2019-12-25,105.00417567842213,106.22038233817962,104.65749439394918,104.69049566487666,10000.0,1046904.9566487666
2019-12-26,104.50046278291954,106.43829887215163,102.69102536784798,103.53163156835619,1922562.4579302566,199046028.06158862
2019-12-27,103.51184637967233,103.71958069702389,100.18168708236695,102.93955459376971,2830537.6468139538,291374284.62392545
2019-12-30,102.95640172012321,104.01361016652014,98.77001015883629,100.77039093428553,2353494.0114616877,237162511.59649414
2019-12-31,100.55074867722988,102.05852186494823,98.96304502883542,100.37056674042306,3190555.3973728414,320237853.4510278
2020-01-01,100.35134202093543,100.48163786699944,97.67648656140804,98.34487068248305,2375233.1223332104,233591994.25661
2020-01-02,98.27772062906739,100.07130370680376,98.04895903938771,99.1358467819668,2276128.315465591,225645907.93809304
2020-01-03,99.0659866414042,101.02116203169396,98.58432902688605,100.76542594845233,2124665.6628375947,214092840.51388106
2020-01-06,100.89184660814725,102.64144343260455,98.87017135445441,102.12818347989065,1371140.9174776701,140032131.1969451
2020-01-07,102.09792480799793,102.53351652770495,100.31363011612122,101.51297310917455,1022305.8433741461,103777305.58779171
2020-01-08,101.51022369238036,103.10080442902877,100.0119435351354,101.31385098761614,2396508.3210752713,242799486.93200216
2020-01-09,101.25343555261479,103.42084247365297,101.19592615943078,103.26492067852993,1433033.9100828185,147982133.05434585
2020-01-10,103.21936060510068,104.70241810032937,102.44837105053477,104.3268177354577,1180920.1041726132,123201636.46815394
2020-01-13,104.31404691863526,106.80018076662084,101.48681756988636,104.87487399946087,1853433.2867339333,194378582.41262788
2020-01-14,104.87786816972572,105.66558753864102,101.47341491812597,102.87017013452382,1528709.624254761,157258619.13337123
2020-01-15,102.85448121211867,103.24464329008337,100.7773767690061,102.62605236928373,543787.6299947164,55806777.793606445
2020-01-16,102.68582708153295,104.10124733910057,102.05588995779618,103.85997325393272,83312.41280827188,8652824.96598772
2020-01-17,103.84420652008777,104.32312921730076,103.74013128084147,104.11379834381367,488323.05641598685,50841168.222328804
2020-01-20,104.10832183074363,105.64225453706696,102.70504728118682,103.69933429230413,601969.4636232515,62423832.64202657
2020-01-21,103.84990207877361,104.39245580876484,101.50106051773932,103.69883013449324,1319874.6452481912,136869456.6364167
2020-01-22,103.7190462571208,106.33115898530923,102.99665849824939,105.49436895567779,1011740.1060864297,106732884.0387384
2020-01-23,105.5518074903998,106.484193398201,103.77741034380259,106.21741766338508,465000.9690843869,49391202.14711513
2020-01-24,106.28153682059033,109.86411099233092,103.77730556007165,104.97244253957292,1183102.8503568966,124193195.97749427
2020-01-27,104.95141848416301,105.14921585754772,104.17576215257593,104.20345630262122,287744.4672668394,29983968.02116112
2020-01-28,104.286885908949,106.47005571557655,103.5112966167195,104.17180880548331,219775.6857154062,22894430.712439284
2020-01-29,104.18669694399685,105.5549642601429,103.79574481121308,104.73105990806826,10000.0,1047310.5990806826
2020-01-30,104.7411366192246,106.39387930897367,103.31748798383799,104.33036921369252,10000.0,1043303.6921369252
2020-01-31,104.33820942186546,105.66854543867383,102.79694876569025,104.0138515475166,10000.0,1040138.5154751659
2020-02-03,104.04631927452849,106.40572993814057,99.91981928962967,102.17928590484766,500235.3361711522,51113689.43433974
2020-02-04,102.21159241160063,102.36674781965955,101.6952456463441,101.9966947605408,10000.0,1019966.947605408
2020-02-05,101.88144461810357,102.71047154572295,101.76972192216017,102.34468498814617,81237.23434962936,8314199.158821025
2020-02-06,102.41425069335912,103.40738548034722,102.36851262443244,102.64472571751908,10000.0,1026447.2571751908
2020-02-07,102.53135234336223,103.1679218464836,101.68101926016834,101.80277848294432,148814.4323849189,15149722.695146995
2020-02-10,101.71494944981231,102.38166450256894,100.83864167422269,102.37184005699582,967432.4859179346,99037843.71433266
2020-02-11,102.41687620234539,104.72558954914555,101.12709329356541,101.80425307432337,358905.5410103888,36538110.52679857
2020-02-12,101.79565654037415,103.27112963046584,100.51914123626631,100.82933438910919,596449.6515210641,60139621.35948502
2020-02-13,100.88909686192429,102.05061460394936,99.91114090710563,101.21686229499636,952207.3526260598,96379440.48703493
2020-02-14,101.12128134661414,101.98910134992244,97.78379903194724,99.83489882238361,948148.840694421,94658343.57928783
2020-02-17,99.84130767702061,101.6020993726351,98.83742149353228,99.51589632309974,773836.3896459838,77009021.92305154
2020-02-18,99.56552896450886,100.21712802231437,97.91995054329803,98.82895694449536,901232.6198692924,89067879.78603704
2020-02-19,98.76105404295926,99.67171387797721,97.46420147305798,98.70586829239953,1365349.0954347758,134767967.9871318
2020-02-20,98.66343997903108,99.21789044645546,98.50361019033153,98.88829252510553,407953.1576505479,40341791.19028787
2020-02-21,98.90573934457218,99.13108894773225,98.04213377757632,98.44498176455288,1786857.2845759296,175907132.79593587
2020-02-24,98.5011447160732,98.57515959110317,96.98025540381202,97.5468670341881,2161904.983589101,210887057.97471464
2020-02-25,97.4047335323321,98.88903154894238,97.04545010447565,97.3294643842108,188272.2112106805,18324433.47556654
2020-02-26,97.31358571603036,98.09570788799527,95.41936224088302,96.21764211656792,10000.0,962176.4211656791
2020-02-27,96.24599087198929,97.21127473065587,94.22162056941194,96.16963218558713,1694702.6246986985,162978928.08122295
2020-02-28,96.36920148848611,99.53854995241566,96.31988776858994,98.89018042825151,2581853.1012537037,255319919.02221948
2020-03-02,98.72695251086796,101.07722445309193,95.42447168857665,99.27899010361828,3094983.8948687892,307266875.4695365
2020-03-03,99.29400735001384,101.96182809905524,99.06417504370309,100.37394806171307,1965750.0505366395,197310093.4748745
2020-03-04,100.26990672612487,102.0460920603452,98.05148503154669,100.31102401200258,1991377.693438049,199757135.62343043
2020-03-05,100.1872774142142,101.03973305993121,99.65025112333454,100.22140846229759,3087829.604603605,309466632.06495273
2020-03-06,100.13149560961376,102.974503747276,99.80400103920748,100.77601989412399,4579861.206556923,461540184.06430715
2020-03-09,101.01642604526957,103.3230061762911,100.02459605933598,101.60590169201524,3472995.1878713463,352876807.635698
2020-03-10,101.67783611285414,102.51953693280025,97.0117563391118,102.25877349897286,2187439.027813296,223684832.0879732
2020-03-11,102.41601527455444,104.58647051266223,95.98396903763583,100.81018613885936,3004095.6434064843,302843440.9907442
2020-03-12,100.80131667825437,101.50326846584286,97.59090312079095,100.72969164349108,4415618.924595294,444783932.6896476
2020-03-13,100.9155734458929,103.39289446088222,95.42044809563026,98.24727719230161,4651370.8109132135,456984517.3839712
2020-03-16,98.26539080662472,101.58295679526775,94.62824003659802,100.05100270130131,6251976.914438073,625516559.154917
2020-03-17,100.27301849353036,104.58243854920556,85.64608447932879,99.73910735517106,10299333.594823522,1027246339.1008232
2020-03-18,99.35284944879288,105.19455764106982,91.05994503352184,98.75050073555875,10430609.26961711,1030027888.3516504
2020-03-19,98.52576644287936,102.85385915212105,93.85666734592135,95.08432431338811,10289306.386521488,978351745.4158247
2020-03-20,95.21288805984882,100.28251945346209,94.69874942760472,95.92471260284383,3728045.9079221045,357611732.28763586
2020-03-23,96.42895560527869,98.77152225077074,92.78470589848207,98.13315003375173,6208603.667603167,609269835.2130028
2020-03-24,98.6929491044309,101.24990921642376,96.51422897041493,99.38975799922187,7850997.349022219,780308726.5718508
2020-03-25,99.1392981035309,106.77061814946178,92.01652364413879,102.20646860807818,7188338.212273906,734694663.8370218
2020-03-26,102.19137176994226,102.95255804535766,99.16845335263903,100.88921988085973,4220276.2744731335,425780381.0132955
2020-03-27,100.86687932019737,103.68726513237118,99.46285928750372,102.01553063113056,3720600.064915839,379558989.88860816
2020-03-30,102.38644374798078,102.84480604113672,101.59474788153899,101.88334556948801,3266079.2619004725,332759082.0975442
2020-03-31,101.72832411012757,102.54321798604158,95.32932132581452,95.54133276475343,7118754.765207195,680135317.8933347
2020-04-01,95.62007692280959,96.71216317874212,93.31617269309379,96.23629619978583,8272691.696736201,796133208.4966137
2020-04-02,96.62460718509608,100.85533191409688,83.74574021548145,93.24685897255759,9476256.345449436,883631139.0319276
2020-04-03,93.51267461821925,97.25862021719587,91.26540354238372,92.75571186810342,12693372.580141602,1177382809.678099
2020-04-06,92.23213655364799,94.29475219366445,78.49855258448957,89.83739027301797,12444362.45220042,1117969046.3172202
2020-04-07,90.45969253915182,93.77344140587165,83.10926616505746,87.44568123505894,10509998.057722988,919053939.936733
2020-04-08,86.99634572251666,92.1609062484411,86.41244452732931,90.07434437376578,6788696.264486906,611487365.176291
2020-04-09,90.12767673703316,94.48792184572034,88.97118211169304,89.42944321767868,4527201.598026079,404865118.24565744
2020-04-10,89.37703377557118,90.75399700313814,86.71065088666576,89.96595547919763,3609078.398168694,324694186.49057865
2020-04-13,89.77883152145432,95.51970702699616,88.16700427637234,91.17720283223144,3784002.374335351,345014752.00241965
2020-04-14,91.13094695866991,93.70390337024854,88.99939378763851,90.86004304536743,4325521.76791042,393017094.0260146
2020-04-15,90.82148049782202,92.58910206885533,88.93557204348596,89.7714161586428,2733775.7935082805,245414924.4434558
2020-04-16,89.64483104648588,90.88532035183911,89.60894696129775,90.12382289796255,2955678.090906364,266377008.8082332
2020-04-17,90.07711979693626,92.33356277930545,89.49057456200174,90.31170576924374,1817631.761360019,164153424.8287783
2020-04-20,90.28171819288848,93.58332559802466,87.92830642052111,89.1284840632145,3878459.3428116166,345681201.72561055
2020-04-21,89.1553742023564,90.02653064000785,86.93477165289342,89.57578397688054,2691448.8165909885,241088637.7797852
2020-04-22,89.01719301890152,95.84959846464436,88.00052578294047,93.1547882825501,6192927.02700435,576900806.0498726
2020-04-23,92.95444331839504,97.32559779628865,88.16856236602578,97.00806924121531,11323705.668574778,1098490823.5642445
2020-04-24,97.02877901575927,110.49140302841144,87.27011889809009,101.24775283287666,8952839.963034803,906454927.7296484
2020-04-27,101.59590450534351,109.3360898303294,97.16493497631173,105.84258210678628,11589978.55344082,1226713256.658452
2020-04-28,106.2778757443999,109.44907914725698,106.26788488113016,106.34150510193454,13361896.275112806,1420924160.9114287
2020-04-29,105.92422244966917,106.39874095059159,101.61010705883808,106.12850156026465,7062043.631978135,749484108.6150485
2020-04-30,105.97395426167056,109.34811448436857,100.01127474550862,103.11207638093964,9126993.739402568,941103275.5856355
2020-05-01,103.17611405558314,109.53636292484414,101.88557335748189,105.79775482159208,6387908.399408076,675826366.6633643
2020-05-04,105.99262940555656,109.84806679545612,103.36278775848407,104.20221641641092,6778212.603358321,706304776.6115879
2020-05-05,104.53327058269167,107.512756819268,103.73649500708214,105.13161785187481,6078864.8718674155,639080898.682351
2020-05-06,105.0805311085561,110.45328924904874,104.06353481569647,107.94696373242655,4235971.212889116,457260230.88934433
2020-05-07,107.70473396152214,109.78821987005767,104.41060128204778,107.91755484678063,5333487.589689974,575576939.4849916
2020-05-08,107.93230899658053,108.84350152857884,104.4425517572981,105.0445448645239,4980475.601523971,523171792.77095145
2020-05-11,105.08634793172641,108.12870775887576,103.11447369109482,103.41099726926161,3620668.726426865,374416963.78142947
2020-05-12,103.32862197663805,106.02804533485897,102.71176257242213,102.84675586027801,3518727.5938805942,361889717.78666097
2020-05-13,102.75624701959806,105.33164277798579,101.99793688654091,104.11024627914259,1925179.2057624767,200430881.24341556
2020-05-14,104.18318075944669,104.73394879591179,102.67047568744434,103.62369680542874,2574080.268870589,266735713.33428237
2020-05-15,103.55021234033391,103.62369926561108,101.78740294718882,103.42872182750438,106172.07102844375,10981241.600250944
2020-05-18,103.38191688051991,105.71805960596618,101.63708748108854,102.40024238992929,840171.9713865164,86033813.519204
2020-05-19,102.42943086014583,103.23344685368627,102.28861230587661,102.63494232975494,1524839.5933573595,156501823.72635958
2020-05-20,102.65401812607405,104.3790665469306,101.78218231990958,102.6577950822364,1433232.2962933776,147132467.3781287
2020-05-21,102.66951893311018,103.55130673710501,100.83863529692927,103.5472488774632,2379515.6534879548,246392299.57953674
2020-05-22,103.4682330539161,104.8035566652342,101.95656920587915,102.63456557005357,1152649.57636204,118301688.52442425
2020-05-25,102.1038794186087,103.80375311925353,100.55994479595542,103.46259129426141,3041187.204701438,314649108.80936223
2020-05-26,103.36927801008034,103.93678274091452,101.1331747157444,101.85465715620377,2166955.2884181025,220714487.9746485
2020-05-27,101.93106620643971,103.05531776657509,99.78291902948331,101.03308961378279,2064286.1037032648,208561202.90393847
2020-05-28,101.14094844242358,103.3427054078496,98.159982866293,100.35457749611724,2667867.992476641,267732765.20040783
2020-05-29,100.59984321522568,101.9347692053203,96.70442003210883,100.0236837462722,2683072.1723757456,268370762.43813512
2020-06-01,100.10314317489369,102.07313336024656,96.73522033685714,100.5813301570377,3172887.1524719098,319133210.23380035
2020-06-02,100.71757512234177,101.71651195602922,98.09192281470203,98.39750071767448,1868738.231021278,183879171.42806193
2020-06-03,98.39515032185338,98.68781489293218,97.3838296540751,98.36272068609475,1290148.816457276,126902547.67668276
2020-06-04,98.38575138843397,98.8031019226036,97.88826656894904,98.22683695723798,10000.0,982268.3695723797
2020-06-05,98.32781851599226,99.17479861143984,95.91889576513765,97.67065410845775,10000.0,976706.5410845776
2020-06-08,97.64303921826266,97.8983818786209,96.97384780493502,97.62258761904334,10000.0,976225.8761904334
2020-06-09,97.59094259186118,98.3294549755612,95.66107163017533,97.9679728056727,300118.7676510222,29402027.267707344
2020-06-10,98.03718684066959,98.83951597065568,97.59842532922343,97.77670988436324,134422.85888252058,13143424.874782916
2020-06-11,97.82123431166445,98.85638340633304,97.57117307452408,97.609158884003,10000.0,976091.5888400299
2020-06-12,97.54523983899024,98.23524108393535,97.06717540386897,97.9498502780469,10000.0,979498.5027804689
2020-06-15,97.99296466010993,98.2615223658089,97.51069367625058,97.77991990051437,10000.0,977799.1990051437
2020-06-16,97.7601304323418,98.66995095663053,97.50468252468815,98.1390040221916,10000.0,981390.040221916
2020-06-17,98.11770822093182,98.7952566249247,97.93208041085124,98.31982934103333,10000.0,983198.2934103332
2020-06-18,98.34482089568334,98.54572947593685,98.31717194005421,98.47143198179083,10000.0,984714.3198179083
2020-06-19,98.48350422416246,99.22046022746537,97.97710508156169,98.65024366771355,10000.0,986502.4366771355
2020-06-22,98.65956569031799,99.29058299386585,98.07875745658875,98.88669745998993,10000.0,988866.9745998994
2020-06-23,98.9099987749187,99.14492880381441,98.7630891395971,98.80999245200279,10000.0,988099.9245200279
2020-06-24,98.82744766448502,99.1051785099954,98.78348376142579,99.03615650646991,10000.0,990361.565064699
2020-06-25,99.0046199700645,99.16773262967064,98.66132091630206,98.95476279996967,10000.0,989547.6279996968
2020-06-26,98.95884837392619,99.04310640816279,98.94386412560095,99.02900068824597,10000.0,990290.0068824597
2020-06-29,99.03822041888489,99.13496706077093,99.01193166635402,99.12844456546236,10000.0,991284.4456546236
2020-06-30,99.12927059187713,99.19571910638987,98.9396368600658,99.1743583987777,10000.0,991743.583987777
2020-07-01,99.17036803111236,99.50087690462125,98.92324890423,98.98795559189949,10000.0,989879.5559189949
2020-07-02,98.99338594647188,99.33568068329022,98.5296336546396,98.80000534022582,10000.0,988000.0534022582
2020-07-03,98.80390599954804,99.12051454050757,98.32410836091493,98.68536188561573,10000.0,986853.6188561573
2020-07-06,98.68530479396361,98.74311113209636,98.6686659936049,98.7172515569397,10000.0,987172.515569397
2020-07-07,98.7163179609426,98.90065480802598,98.67513873011292,98.77321620660487,10000.0,987732.1620660487
2020-07-08,98.75704431524724,98.93266156763934,98.65558871705447,98.89246043613272,10000.0,988924.6043613272
2020-07-09,98.8948825448263,98.91472523961339,98.43433029346878,98.67460757910077,10000.0,986746.0757910076
2020-07-10,98.65920552803583,99.07696898364652,98.50082781948369,98.78233307939821,10000.0,987823.3307939821
2020-07-13,98.79838550101121,99.61810895436162,98.7195134253538,99.00380329707563,10000.0,990038.0329707563
2020-07-14,98.99598063342806,99.50372563467259,98.96863575854229,99.0529570575098,10000.0,990529.570575098
2020-07-15,99.0448396156953,99.22559740565096,98.71097308802138,99.07302971131415,10000.0,990730.2971131415
2020-07-16,99.05335770452676,99.26845830950771,99.04312166845234,99.21752523976028,10000.0,992175.2523976028
2020-07-17,99.21337927118168,99.56173985402336,99.09984943350803,99.49211196311886,10000.0,994921.1196311886
2020-07-20,99.50153355047696,99.77019612890044,99.25787622205323,99.74435524590955,10000.0,997443.5524590955
2020-07-21,99.72592626948746,100.23566414939818,99.44547271433169,99.98326347266541,10000.0,999832.6347266542
2020-07-22,100.00899122851708,100.16351420261842,99.68600504998145,99.69586189674042,10000.0,996958.6189674042
2020-07-23,99.69705521690383,100.24113242167525,99.48196309258473,99.92452018815075,10000.0,999245.2018815075
2020-07-24,99.92146802626277,99.97582586308968,99.78820845155632,99.87849510373795,10000.0,998784.9510373794
2020-07-27,99.88716017818113,100.16224163550882,99.68031260192396,99.97450623408966,10000.0,999745.0623408966
2020-07-28,99.97828452207162,100.08713001458493,99.86954727265368,99.89608469240197,10000.0,998960.8469240197
2020-07-29,99.8724595069453,99.94692325739604,99.79361002589404,99.93608513572813,10000.0,999360.8513572813
2020-07-30,99.94777320706265,100.04162044289097,99.43482430665615,99.86293141285576,10000.0,998629.3141285576
2020-07-31,99.86999753634427,99.89195843932545,99.63016360328264,99.82669930281493,10000.0,998266.9930281494
2020-08-03,99.82579691983229,100.19483601617613,99.59683481533371,100.05492549163418,10000.0,1000549.2549163417
2020-08-04,100.01662225063652,100.21807765751088,99.67178477166398,99.90453327077272,10000.0,999045.3327077272
2020-08-05,99.85765274342934,100.51154051369555,99.85704024493168,100.01832195070459,10000.0,1000183.2195070459
2020-08-06,99.99579329464976,100.096013777031,99.77063965093728,100.01987069925842,10000.0,1000198.7069925842
2020-08-07,100.02907629174766,100.06361040186769,99.60681845297982,99.88254308077411,10000.0,998825.4308077411
2020-08-10,99.89347037695009,100.19117353810798,99.76842910792463,100.03767805576832,10000.0,1000376.7805576832
2020-08-11,100.03836114394849,100.1566876838063,99.97268044929093,100.03580481913492,10000.0,1000358.0481913493
2020-08-12,100.0346188715851,100.3783888362597,99.92385206351587,99.96440810115152,10000.0,999644.0810115152
2020-08-13,99.93642744306497,100.36055220832888,99.91919113602573,100.00178330184531,10000.0,1000017.8330184531
2020-08-14,100.00046406424003,100.15297593796771,99.68907074624614,99.90322334255744,10000.0,999032.2334255744
2020-08-17,99.88818526033094,100.28317835593461,99.65752905613822,100.14880211673194,10000.0,1001488.0211673194
2020-08-18,100.14480058606358,100.32291148107704,99.86970516260656,99.90533608260644,10000.0,999053.3608260644
2020-08-19,99.88865875198567,100.41325186719753,99.61207022406889,99.83191209961994,10000.0,998319.1209961994
2020-08-20,99.84525137781701,100.16122350709658,99.34292495724426,99.4723178919286,10000.0,994723.178919286
2020-08-21,99.46525912657218,99.66580972169332,99.1941588131889,99.53786329229712,10000.0,995378.6329229712
2020-08-24,99.54309266137258,99.76703705391533,98.99453050410811,99.69875034724308,10000.0,996987.5034724307
2020-08-25,99.69668512007179,100.04352216128223,99.29291796632545,99.88536286528634,10000.0,998853.6286528634
2020-08-26,99.86968565438889,100.46419205696643,99.68497557721142,100.1983381705067,10000.0,1001983.381705067
2020-08-27,100.15586689933004,100.71571494702583,99.77972925916536,100.19792550273448,10000.0,1001979.2550273448
2020-08-28,100.16814098698627,100.25204606271487,99.84144623392507,100.09761656945196,10000.0,1000976.1656945195
2020-08-31,100.05421502589486,101.0194701053632,99.95193768315002,100.5237968604723,10000.0,1005237.968604723
2020-09-01,100.52468803815698,100.71702550791304,100.22354335492676,100.31401207670037,10000.0,1003140.1207670036
2020-09-02,100.37844029893127,100.63346660870627,100.05673580192031,100.4306303281121,10000.0,1004306.3032811211
2020-09-03,100.44581687385103,101.49250858525798,100.00794552945707,100.23923623440713,10000.0,1002392.3623440713
2020-09-04,100.23366502787512,100.55273605516926,99.4333168250728,99.99170469105809,10000.0,999917.046910581
2020-09-07,100.02069340678626,100.08507047497235,99.37117816249469,99.99548506864119,10000.0,999954.8506864118
2020-09-08,99.95322083397811,100.65831880970805,99.68431207716296,100.41861691324061,10000.0,1004186.1691324061
2020-09-09,100.4231083938284,100.70912172216691,100.04450592866861,100.57597674627294,10000.0,1005759.7674627295
2020-09-10,100.58066953271269,101.18909913091028,100.3258607762468,100.59050334951336,10000.0,1005905.0334951335
2020-09-11,100.55483223991381,100.71714212124832,100.0702179923062,100.17215186778255,10000.0,1001721.5186778255
2020-09-14,100.17639919990634,100.54498649929107,100.04502762235867,100.1787524769407,10000.0,1001787.524769407
2020-09-15,100.16510018111379,100.47044728777173,99.9656982609427,100.27010343368727,10000.0,1002701.0343368726
2020-09-16,100.26597230949893,101.87462994475372,100.0536468432159,100.43660737115248,10000.0,1004366.0737115247
2020-09-17,100.42240337560501,100.71382304384333,99.76594920962215,100.14431458327333,10000.0,1001443.1458327333
2020-09-18,100.15054046101372,102.24833774991383,99.87329174818818,100.88921920342922,491658.7379589389,49603066.18722075
2020-09-21,100.81371939531684,102.42889652346793,100.4242409062593,101.25041827545218,1427456.7204369847,144530590.0143499
2020-09-22,101.32565775615147,103.83521945682341,98.35117486438617,99.60547178544049,1167357.159830434,116275160.64702223
2020-09-23,99.7163178574648,103.06119709091732,99.68422670441717,100.61587312150013,2935401.464747437,295347981.33769375
2020-09-24,100.52190268444527,103.00328331163345,99.05593906542839,102.17376449051876,1131806.0091551815,115640880.62837544
2020-09-25,102.19164839662544,104.05288665141194,101.30720866443224,102.43726567929457,1561919.4293890973,159998755.55798313
2020-09-28,102.40130410979009,103.22928039335314,99.85636290735845,101.47019712565582,2559138.878927135,259676326.5166662
2020-09-29,101.66885771597492,106.38097445717855,99.22971869273843,104.48152017745895,4043543.0236787475,422475522.0169144
2020-09-30,104.39021692974121,107.57315758212482,101.65227370693503,105.56568511178375,2314032.652903127,244282442.37475708
2020-10-01,105.57584552014863,105.86842229008833,103.54537013779161,103.74323145447484,1368799.3669330291,142003669.53847188
2020-10-02,103.71615891221946,106.2478651407877,100.62400793080432,105.04350033882994,2161780.4692969793,227080987.4590732
2020-10-05,104.8311706170008,109.09330535092106,102.1195571728952,105.61943489806013,2443375.4781372864,258067937.24463767
2020-10-06,105.8164455364796,109.72150518233502,103.01612097512479,106.17764633511713,4490847.077466476,476827572.73632985
2020-10-07,106.2062811631559,108.76041688133505,102.91277746045091,104.07375882100138,1868430.4392559438,194454578.90894076
2020-10-08,103.96623792474368,105.16084775693902,102.1470032335089,102.64409289091942,1270610.1387491466,130420625.10991143
2020-10-09,102.70928157173081,103.40381970896782,102.46083442192709,102.79715636887039,1109252.0146209002,114027952.79946917
2020-10-12,102.85987019870555,105.19916589345561,102.50904954735998,104.057646650454,383393.88905713276,39895065.835450485
2020-10-13,103.94520952473127,104.99657358297252,103.43658736459027,104.1286851534149,419488.55318386725,43680791.47994446
2020-10-14,104.10755086558993,104.70687517946624,103.62142407804656,104.14930898427406,548563.8421483994,57132545.0935142
2020-10-15,104.12104041299979,104.48205149842609,103.21029247796992,103.58688604575876,1106576.314269585,114626794.56717925
2020-10-16,103.56499593365892,106.33855967418931,102.10596267117428,103.2288463009566,1291550.9975952224,133325319.4206044
2020-10-19,103.21401773846873,105.39923373450722,102.82620147987798,104.2942777163903,1405733.9694551087,146610009.00571483
2020-10-20,104.23179608670877,105.27838136215581,102.28984359769925,103.27562346611123,2774308.368893837,286518426.4847611
2020-10-21,103.02669175599723,109.02558286873074,102.85798476258984,105.86719869003238,2260990.724346878,239364754.25075117
2020-10-22,105.86516157000176,106.48536953748352,100.94785257862726,106.25594151175932,1479574.778795443,157213611.15796283
2020-10-23,106.04906647833633,108.89341161826322,105.90986864463049,106.62516778780211,2387284.8204247276,254544644.53505963
2020-10-26,106.52075902719658,107.82005847835788,104.57149155627437,106.30645363891131,4048303.0389115172,430360739.322311
2020-10-27,106.38828968703454,106.90704513434261,103.31182924219581,104.93157699787119,4833086.217032831,507143358.5199305
2020-10-28,105.26673480292779,108.38073398005756,103.40564434786981,104.40700643810845,4278830.427975391,446739876.041201
2020-10-29,104.57077369273362,106.15119807825114,101.89742464217666,102.61447283334559,2874963.1286680684,295012825.86357975
2020-10-30,102.51347842297324,104.56671532994253,101.99634192233907,102.68651631540922,2679416.152189963,275139910.42762566
2020-11-02,102.66065561983247,104.45691508529735,99.47664257373063,100.40286190178911,1811956.1944068405,181925587.55912134
2020-11-03,100.52545093426284,103.31418205631756,99.33136714789858,102.3994977617581,1157758.7844291166,118553918.0548051
2020-11-04,102.47452559973904,105.95198357366418,101.92486373817869,102.26148444630209,3567757.107466522,364844137.95337147
2020-11-05,102.37449991529118,103.00337181211036,96.9762300028229,100.33513609311571,2625910.160725503,263471053.3446887
2020-11-06,100.22942524752668,101.77447547589499,99.89320186403671,100.66552038062314,2223974.5474879,223877555.13613033
2020-11-09,100.77051829964205,102.00307795252768,98.84938000504344,100.81113388509657,4360445.482557449,439581453.34076345
2020-11-10,100.9959912877717,103.13237744474227,96.4746391291159,99.28528441446063,9222475.16750254,915656070.0107901
2020-11-11,99.51129437128093,99.82051693314249,98.62556960377957,99.65954767956039,2816391.6443972727,280680317.3691255
2020-11-12,99.901675523641,101.11212317640987,98.53393857285633,98.60278784200996,3252111.411617264,320667251.5582766
2020-11-13,98.51337760048227,100.43658825190387,97.01581303750578,98.38631859934678,4141784.625951442,407494941.7787349
2020-11-16,98.58625117012727,99.78300574582121,95.618064035301,98.15295817923455,2607932.8901377753,255976327.89994335
2020-11-17,98.14284234265283,98.58554900428567,97.9483981734815,98.50431382926581,278915.95561001624,27474424.823398612
2020-11-18,98.51702810417433,99.74143674077305,97.84106080316555,98.18357374558957,563754.0834710202,55351390.62885417
2020-11-19,98.30134211939298,100.00480588420747,98.17801506924718,98.44465320862157,1102488.557312978,108534103.69114962
2020-11-20,98.4770228870396,102.0295304034745,95.73699980483372,95.74386528052148,1611776.9658724102,154317756.6827357
2020-11-23,95.81483667327157,97.39079417352386,94.97578835206417,96.98050130532934,2295539.113428891,222622533.98632514
2020-11-24,97.15913952414424,98.16886081219515,95.95773078650042,97.22413303139211,1572182.0863183744,152854040.30978924
2020-11-25,97.48706286435926,99.52809533874225,94.39376100600498,97.86803360385854,2397200.946150192,234609342.75302848
2020-11-26,97.96280894398637,98.23123716661209,96.98719309337953,97.62172351468617,2167911.282433954,211635235.8181362
2020-11-27,97.532788188106,98.64404368398637,93.34661829432532,98.5599185665825,1738729.5295623601,171369040.8429785
2020-11-30,98.59616086023861,99.98762230493709,98.1305938288534,98.52327924769023,2860036.192876237,281780144.4892463
2020-12-01,98.46416428867445,100.88849000984841,98.23250297655743,98.78746011911856,2694969.3991103778,266229182.03686136
2020-12-02,98.75881903765921,101.45103296661563,97.16783317518255,98.8789374483853,2229861.194857278,220486305.6048745
2020-12-03,98.9385567026701,100.86509186235872,91.55959118902207,98.14796460921164,2778830.816906399,272736588.6727159
2020-12-04,98.11242059268896,99.73482734859817,94.60175740788102,96.64324052958887,5658540.359826073,546859677.0410575
2020-12-07,96.65167064009886,98.41506539890739,89.14707592246835,97.76648117555884,4273953.213040485,417849366.3479418
2020-12-08,97.75822272001133,100.76647834336056,95.58763162663033,98.44947402557843,1450201.8939319486,142771613.68849802
2020-12-09,98.43365818812289,100.32745162311303,98.37823412438487,98.42606118514438,2587647.7073406638,254691971.56831074
2020-12-10,98.22156014334006,100.46178056565601,93.91082401937965,99.80434810724364,1920403.9845146046,191664667.77703333
2020-12-11,99.77959021414374,101.45318187734264,97.61439957936255,99.91738732368005,1049228.6222864308,104836182.6440845
2020-12-14,99.89536390143964,100.89691643797406,99.04629364313453,100.42451015719121,1851283.2642281114,185914214.97231406
2020-12-15,100.53727546738875,101.30352405548622,100.16431631460605,101.22716589754141,665360.1010474175,67352517.33033185
2020-12-16,101.31121157020607,102.68309612070794,98.39568534106245,101.95394164189324,1709881.7717185393,174329186.36832896
2020-12-17,101.9817636110291,103.38221578744353,99.21842044475241,101.65841553223906,2818184.1041078256,286492130.7017442
2020-12-18,101.58797872724632,103.84439849848293,99.45207262263673,100.41408744212703,2129668.930525396,213848762.21255827
2020-12-21,100.48451987753086,103.65408737707112,98.12262972440408,99.19252165046963,4263895.953548669,422946591.6877262
2020-12-22,98.92449033249459,98.93426184779695,93.04612715215437,97.39500413230363,4764601.241820791,464048357.6359149
2020-12-23,97.50525780683233,99.16314237867792,96.16793999294215,98.94024894795128,4279610.275500517,423425706.05823153
2020-12-24,98.83701578578624,100.01356502863148,90.69299912586852,94.41780060539864,2911417.9117399207,274889675.86964595
2020-12-25,94.31019582411113,97.88900384577565,94.10946325106488,97.52377644928696,4504645.527639394,439310043.42078453
2020-12-28,97.75214823260299,99.19300755599174,94.04098506171935,95.75582486532383,4849374.502654296,464355855.58253163
2020-12-29,95.74074933931699,101.20309289959734,94.89738511956334,98.73123757984015,10257171.389828863,1012703225.3863326
2020-12-30,98.69058750655508,99.64356238534359,98.05138192736281,99.31934201523855,5916661.229532705,587638900.2442605
2020-12-31,98.99833410851129,102.71040727576941,91.30088481686639,100.7015804786606,9607120.200921934,967452188.0813062
2021-01-01,101.16110765636793,104.56340915958819,93.94010729836423,96.06719136509503,11304276.436089713,1085970087.6297648
2021-01-04,95.02559759278705,101.68280104988361,88.21046714921616,100.34199437172933,15634263.223550262,1568773152.3836153
2021-01-05,100.48492756924149,101.8380339597977,99.73502780432717,100.01168415565738,11351410.25922828,1135273657.5672276
2021-01-06,100.06018778087812,104.52329220032146,92.67387501146742,101.33966160144404,4338093.6748862825,439620945.00834066
2021-01-07,101.4047912502087,103.17655234833809,99.11831945555383,99.79226584524773,4160766.109289563,415212277.69812113
2021-01-08,99.70189616615052,100.76502492619711,99.26662125381286,99.75815758306744,2904309.2580634267,289728540.635853
2021-01-11,99.603599136275,101.23728350614408,96.12424974121687,98.78721891029173,2309428.6199227236,228142030.63399902
2021-01-12,99.05925090395046,100.78327630085714,98.76074361547117,99.3281413380733,3560501.0030079186,353657946.86112225
2021-01-13,99.38250492236614,100.70892269699155,98.81547235410339,100.22005261920002,1971248.1327105197,197558591.58574808
2021-01-14,100.29409996990712,100.61720297465068,99.79063625229364,100.03292463050708,1060478.484937614,106082764.35603869
2021-01-15,99.90658803034295,100.95784630757355,99.55719654237973,100.3659359147123,729333.8016840747,73200269.60025732
2021-01-18,100.41908320133795,101.5812337842002,100.14283412197021,100.63464821907924,41128.74115185205,4138976.3975101993
2021-01-19,100.75191096711424,101.71115272069471,99.68017008368787,100.56834609874785,936940.621787018,94226568.72585285
2021-01-20,100.61613787830177,101.01416220259092,99.95419936286798,100.39434989934011,208105.3026477243,20892596.569923706
2021-01-21,100.27723890067914,101.63270291579515,98.12609521434713,99.09472863372166,572269.3530329003,56708876.24419071
2021-01-22,98.99436573729712,100.69209704994567,98.78824258505851,100.01125161086229,1084033.6298552777,108415560.11009254
2021-01-25,99.83741901649934,100.2599064846201,99.62826002112573,100.12558202413193,445792.5883500258,44635242.37059059
2021-01-26,100.14392758296903,100.98530339549919,98.5222823093181,99.92007933886123,952824.6888078556,95206318.50170669
2021-01-27,99.99583289290257,100.10750013931754,99.83061360979309,100.09651743957598,703989.5905263769,70466906.32540344
2021-01-28,100.11171962513001,100.38291789066727,98.19071028906856,99.76473507242541,497190.9686776173,49602125.27052505
2021-01-29,99.73657658489279,100.82367182141027,98.74595364398085,99.62030228044728,10000.0,996203.0228044727
2021-02-01,99.5663579187816,100.34667091048196,98.86129107741164,99.89751841996726,10000.0,998975.1841996725
2021-02-02,99.95017639482762,100.19415116250454,98.14290812662803,98.86712738345722,598936.3097241027,59215112.42807065
2021-02-03,98.82033038638214,99.58987323542048,98.73818560355195,98.7808954630873,10000.0,987808.954630873
2021-02-04,98.87272201401179,100.03518768669974,98.82657206360122,98.94593529435632,10000.0,989459.3529435631
2021-02-05,98.96907781389622,99.54484871166417,96.8398088280527,98.24268199040876,10000.0,982426.8199040876
2021-02-08,98.29698482602888,98.95810276485524,97.28860524537134,97.88118933424064,10000.0,978811.8933424065
2021-02-09,97.88570720737467,98.74440071232387,97.68311853406131,98.43667707149115,10000.0,984366.7707149115
2021-02-10,98.42579711069904,99.61163775685375,97.5164760203041,99.34389857207783,10000.0,993438.9857207783
2021-02-11,99.36281841009264,100.06789543715598,98.81010295927925,99.48576536484572,10000.0,994857.6536484571
2021-02-12,99.44525857957969,100.86368353871978,99.22939711502833,99.82871842723443,10000.0,998287.1842723443
2021-02-15,99.81923879040633,100.72656951201114,98.90346169685121,99.51711401483165,10000.0,995171.1401483165
2021-02-16,99.50728540351263,100.65988172075132,99.4760565664817,100.37593645990994,329675.25397268985,33091462.345167387
2021-02-17,100.30155016945127,101.11730016102116,100.16641517157603,100.34224913253121,553489.6726312411,55538398.62344714
2021-02-18,100.36986515197331,100.84737609320705,99.2948591764977,100.40214342551337,289712.842155627,29087790.330322377
2021-02-19,100.36082318782036,100.63961273859138,100.35916467052378,100.53678762766968,10000.0,1005367.8762766968
2021-02-22,100.46765979293714,100.876876034263,99.43562911318581,100.33133428975181,10000.0,1003313.3428975181
2021-02-23,100.31916486331298,100.40347253281728,99.99252375118954,100.11412632526215,10000.0,1001141.2632526215
2021-02-24,100.1059290568634,100.45084216349007,99.80424002422967,100.10941672197025,10000.0,1001094.1672197025
2021-02-25,100.09124096177354,100.29970492332302,99.49703701295026,99.6709552745324,10000.0,996709.552745324
2021-02-26,99.66169707876989,99.69053437333126,97.62951289741477,99.32306974512008,573861.1307930182,56997649.117768414
2021-03-01,99.32430214835834,99.45722176195055,97.85186575285823,97.88242607598383,162038.4876552157,15860720.289375868
2021-03-02,97.8930847477013,98.01010790507408,95.23194395600669,97.32490598579814,467964.5860082736,45544609.337938175
2021-03-03,97.3202832849589,98.07570036605317,97.05417792776993,97.66549025505202,22292.81664894901,2177238.867185591
2021-03-04,97.65834260240239,98.57534267818848,97.56643338626704,98.23428329503389,10000.0,982342.832950339
2021-03-05,98.12905204731997,98.804524643256,97.86500989174975,98.66672316091356,230057.9846131695,22699067.478785306
2021-03-08,98.68632092630955,100.59576368799237,97.66192351260862,98.2762527711929,11183.991047160858,1099120.7311415388
2021-03-09,98.31910814732088,98.8342512842005,97.67230678279907,98.37008523068195,10000.0,983700.8523068195
2021-03-10,98.3504406860094,98.67867499437762,97.2416322715125,98.0588743112255,10000.0,980588.7431122549
2021-03-11,98.02366184454908,98.89408461162226,97.56746772157815,97.71387976358652,10000.0,977138.7976358652
2021-03-12,97.74746125013942,98.23241178708182,97.73736942214134,98.18307142185367,10000.0,981830.7142185367
2021-03-15,98.158316493459,98.74431915596311,97.55806115416445,98.10397539187305,10000.0,981039.7539187305
2021-03-16,98.10755087434904,98.43483470536941,97.50907133922962,98.0782239400387,10000.0,980782.2394003869
2021-03-17,98.08959875497882,98.52077465656441,97.75109863412297,98.17658708586013,10000.0,981765.8708586013
2021-03-18,98.19696023562113,98.65921902798674,97.96348715772965,98.39385903124018,10000.0,983938.5903124019
2021-03-19,98.44338057770425,98.60456225341187,98.41741010728191,98.45255572486757,10000.0,984525.5572486756
2021-03-22,98.4495278852726,98.53401261123473,98.3468169217123,98.45186244270579,10000.0,984518.6244270579
2021-03-23,98.39984992473794,98.58222995034299,98.21160206912329,98.54147049846196,10000.0,985414.7049846196
2021-03-24,98.54326059663873,98.70387988580593,98.3968292582752,98.5647776785498,10000.0,985647.776785498
2021-03-25,98.55549489763145,98.6729049177608,98.43693635674487,98.55920984999925,10000.0,985592.0984999925
2021-03-26,98.5689846520302,98.97570210190497,98.0722651050525,98.28364674882111,10000.0,982836.4674882111
2021-03-29,98.29249921479337,98.77870624161922,97.9295583420785,98.1463204076936,10000.0,981463.2040769359
2021-03-30,98.1812468252581,98.34387256552526,97.10511499400745,98.16084049692132,10000.0,981608.4049692133
2021-03-31,98.1611833582254,98.84159119454654,97.88975455389027,97.97066653034311,10000.0,979706.6653034311
2021-04-01,97.98837066809763,98.66452150611549,97.90824441846179,98.3650122803522,10000.0,983650.122803522
2021-04-02,98.35678725307567,98.86393959834967,98.14441919567875,98.80923938078713,10000.0,988092.3938078714
2021-04-05,98.82551626035774,99.23779983481019,98.44705493230788,99.1823751673754,10000.0,991823.751673754
2021-04-06,99.16498659596955,99.19604371407034,99.04733055742571,99.05631967544086,10000.0,990563.1967544087
2021-04-07,99.04410141138399,99.18251783229987,98.96131940349922,99.14032270796733,10000.0,991403.2270796733
2021-04-08,99.13870337570205,99.40353823424,99.11019320093176,99.22778580549652,10000.0,992277.8580549653
2021-04-09,99.23590891991668,99.3495321113046,99.1313479133857,99.28265129970163,10000.0,992826.5129970163
2021-04-12,99.27057911653345,99.35902294720464,98.9839022221076,99.09996577552809,10000.0,990999.657755281
2021-04-13,99.09999338669847,99.3172982078574,98.90442793622347,99.26528863189311,10000.0,992652.8863189311
2021-04-14,99.27432356596337,99.73623064812126,99.16708152531238,99.51549369286367,10000.0,995154.9369286367
2021-04-15,99.52732286918786,99.91331620331007,98.59364181079613,99.66058390270229,10000.0,996605.8390270228
2021-04-16,99.64211254498605,100.05308236341855,99.49277574079834,99.99713838157042,10000.0,999971.3838157043
2021-04-19,100.01974268343703,100.08586861491017,99.87247763311622,99.95102293177763,10000.0,999510.2293177763
2021-04-20,99.94636978594886,100.08426730359339,99.91557280716013,100.02474201503853,10000.0,1000247.4201503852
2021-04-21,100.02969081113251,100.38447928875432,100.00497329422474,100.16883045132607,10000.0,1001688.3045132607
2021-04-22,100.18729010960594,100.20107316941673,99.87084334872684,100.04571502842252,10000.0,1000457.1502842252
2021-04-23,100.03640494170281,100.18206451163509,99.9239928029197,100.02294733610087,10000.0,1000229.4733610087
2021-04-26,99.9994107973454,100.10943877839287,99.89732805885383,99.92753744191215,10000.0,999275.3744191215
2021-04-27,99.9438404123058,100.16897276926078,99.80407881485695,100.04188849537658,10000.0,1000418.8849537658
2021-04-28,100.02041053413708,100.17615860004,99.67592515802166,99.87678292156431,10000.0,998767.8292156431
2021-04-29,99.87883162326463,100.00613432139636,99.52970230359989,99.92243353149725,10000.0,999224.3353149724
2021-04-30,99.91005390932082,99.93260399979155,99.81044396973041,99.85233091407444,10000.0,998523.3091407444
2021-05-03,99.87868023086688,100.0031377796301,99.86844938977102,99.97620238730953,10000.0,999762.0238730953
2021-05-04,99.98097900365832,100.1595695305253,99.66571355387174,99.91216474891257,10000.0,999121.6474891257
2021-05-05,99.94657996333679,100.0127047894152,99.85445717641959,99.89564185325489,10000.0,998956.4185325488
2021-05-06,99.90252591089494,100.21100564455864,99.83635241850395,99.92956916023378,10000.0,999295.6916023379
2021-05-07,99.9217933632655,100.24014481447044,99.65369085215477,99.82780492670044,10000.0,998278.0492670044
2021-05-10,99.83900536966861,99.91586060501731,99.64828125249309,99.78141668883046,10000.0,997814.1668883046
2021-05-11,99.76904406076028,99.8568764268404,99.62345052376799,99.75939902669951,10000.0,997593.9902669952
2021-05-12,99.75172808214863,100.00480813266188,99.55519000833038,99.70240040775185,10000.0,997024.0040775185
2021-05-13,99.71536447529962,99.98790094751779,99.71219289674431,99.7491407830543,10000.0,997491.407830543
2021-05-14,99.76591024655036,99.77983334818532,99.52162504303983,99.60896624810054,10000.0,996089.6624810054
2021-05-17,99.59178141500165,100.06732543938496,99.48988346685455,99.64286248308353,10000.0,996428.6248308354
2021-05-18,99.64001550753258,99.85243890642167,99.60346309302997,99.60547318245968,10000.0,996054.7318245968
2021-05-19,99.60210019615482,99.63537873530274,99.4384102697109,99.51701506360978,10000.0,995170.1506360978
2021-05-20,99.49393214477948,99.68675856913543,98.91854443769402,99.34053852808768,10000.0,993405.3852808768
2021-05-21,99.36124603584128,99.42615448557385,98.95709554888836,99.03366638394874,10000.0,990336.6638394874
2021-05-24,99.0113603485196,99.06542221610336,98.81500758180745,98.94157354231335,10000.0,989415.7354231335
2021-05-25,98.93925240276839,99.15561373210683,98.82593342968929,99.07486557185233,10000.0,990748.6557185233
2021-05-26,99.0738637807244,99.52077686189163,98.48049330637942,99.01028078168258,10000.0,990102.8078168258
2021-05-27,99.0123043766599,99.89071357941123,98.48329252152323,99.47776153858989,10000.0,994777.6153858989
2021-05-28,99.37652694371157,99.70551287733784,98.8477950000485,99.18454800129278,10000.0,991845.4800129278
2021-05-31,99.18906102205746,99.56802592060127,98.25954378657177,99.08611070709166,10000.0,990861.1070709167
2021-06-01,99.06898066299821,99.30930449053753,98.4236788276469,98.69262189120015,10000.0,986926.2189120015
2021-06-02,98.71817734775509,99.16192704311803,98.69923212127496,98.9332888764164,10000.0,989332.888764164
2021-06-03,98.90880459461198,99.15764898240602,98.54291704538831,98.7385678771575,10000.0,987385.678771575
2021-06-04,98.7559721757572,98.93590179086925,98.4432750493147,98.83706177115815,10000.0,988370.6177115815
2021-06-07,98.84360381337005,98.93825421871838,98.62146512976835,98.88846348033404,10000.0,988884.6348033404
2021-06-08,98.87516242006407,99.58229652673388,98.59975240300257,99.30750376538093,10000.0,993075.0376538093
2021-06-09,99.31075992156987,99.63919680997255,98.91113914197203,99.5137786292133,10000.0,995137.786292133
2021-06-10,99.52288277896452,99.74688545126345,99.31040121587567,99.61398589194724,10000.0,996139.8589194723
2021-06-11,99.59611663864978,99.64459925635951,99.50693642535956,99.62370761601731,10000.0,996237.0761601732
2021-06-14,99.59169528576726,100.07295375921193,99.30240546269576,99.94036145105062,10000.0,999403.6145105062
2021-06-15,99.93234143641001,99.95427435414814,99.74585398846914,99.84727226709353,10000.0,998472.7226709353
2021-06-16,99.86344916609545,99.94119728657327,99.3375862114991,99.53677978111311,10000.0,995367.7978111311
2021-06-17,99.55158312342026,100.38095898008228,98.61084021316461,99.8900789863282,10000.0,998900.789863282
2021-06-18,99.89642426359855,100.48732150309505,97.06823991324052,99.8390501070536,734488.9433820284,73330678.42139518
2021-06-21,99.80583120265008,100.27547678385856,98.64622672313268,99.45761112948875,63147.02143907028,6280451.902272541
2021-06-22,99.4230698852174,99.83355981669555,99.14049836720469,99.70202766956983,658997.6392539493,65703400.863078445
2021-06-23,99.75424398307383,102.78341094322077,97.72860713021076,99.99249881303129,146281.62894080256,14627065.608231483
2021-06-24,100.01553162731923,100.39465351068219,98.39952556747201,99.3425644322445,10000.0,993425.644322445
2021-06-25,99.40936953799788,100.05243423905209,99.26558659257704,99.72310868096613,10000.0,997231.0868096614
2021-06-28,99.76014329079771,100.86885002775531,98.05640279684603,100.77564016395324,10000.0,1007756.4016395324
2021-06-29,100.78571235552029,100.9906143912767,99.67905546677405,100.54099122452145,10000.0,1005409.9122452145
2021-06-30,100.52447463261144,101.06194912713052,99.25932523252436,99.79897698167868,10000.0,997989.7698167867
2021-07-01,99.80107387947045,99.99987302685712,98.99412676059863,99.99560795465932,534022.5289057293,53399907.43941303
2021-07-02,100.13352498804092,101.09055063836658,99.02700733639227,99.89734502775954,979377.8374703791,97837245.74231946
2021-07-05,99.86036650799693,101.44477891356536,96.99760344799417,100.57080775372003,1301961.7711096073,130939346.98495716
2021-07-06,100.53428824355204,102.14126171500943,98.51172786448674,101.8631667375065,3365204.2334233294,342790359.93496335
2021-07-07,101.91722731625981,103.72203758268753,99.44829146516518,101.6373587795274,3881375.3800579645,394492742.06097585
2021-07-08,101.71203356332535,108.50846283991244,98.78137930496426,103.5946624607637,3558057.47967167,368595763.62258226
2021-07-09,103.74274893175108,104.27095425079628,101.37790840202737,101.5641369358832,1665883.4007244399,169194009.8303918
2021-07-12,101.55823217939404,102.22554058761418,99.38877632082873,100.88641623579045,1165457.7168165913,117578852.32397263
2021-07-13,101.11697370501916,101.5295051286834,100.73891095591554,101.06013774925246,2049543.0418714979,207127102.1345555
2021-07-14,101.08075032371154,102.36500903480201,98.61014294541667,101.57474862839466,2238084.646219163,227332885.34878108
2021-07-15,101.62833311676249,102.55104927553609,101.09910734067356,101.41859378275973,2908651.576276927,294991352.6700134
2021-07-16,101.48358776389782,103.72863620936451,100.04653486455005,102.18452150322672,2994550.84603068,305996745.3187278
2021-07-19,102.37599779910893,103.41017206228449,99.24507331290721,100.54387196736658,3064390.6798417955,308105704.17200494
2021-07-20,100.7114016706461,107.75548491915792,96.0864168827791,96.97908017223094,2981819.411657323,289174103.78223
2021-07-21,97.02921573159554,101.16230104215357,93.86440615152726,98.44880125607935,3699964.240099084,364257044.12811536
2021-07-22,98.33212087033873,102.63420291611394,94.77703933412572,100.18050708274222,2657870.5829765988,266266822.76289937
2021-07-23,100.06457199672695,101.41349992995568,99.53717019062118,100.2137743523565,1390585.7513266315,139355846.70104918
2021-07-26,100.25313058089466,100.98112341040661,98.16324569746696,99.07349175982121,2137977.8259744695,211816928.52436206
2021-07-27,99.11741574191922,100.09810675923634,97.94137324623527,98.36500488775026,2283337.566862396,224600510.92480338
2021-07-28,98.35637118752537,101.24282199452503,97.60099116366241,99.34825324479309,3377109.3501768187,335509914.9567252
2021-07-29,99.38221241549309,100.51526519128596,99.12131793136004,99.64606408605324,2215870.7846146417,220802802.21012366
2021-07-30,99.53370434969715,103.20308507580825,95.28194714549572,102.09878727145924,4008514.2214858993,409264440.7741079
2021-08-02,102.13688957401332,104.30541687656401,102.1287187170401,103.96085130502766,2743958.8181626997,285264294.6821318
2021-08-03,104.12732272550394,106.8295559530131,103.50864638197915,105.33362542887245,2613139.373772414,275251443.9903818
2021-08-04,105.42602371528325,109.59647394959636,104.46369561677156,104.86338792825664,3011774.2806517556,315824854.7443311
2021-08-05,104.90039857849362,107.47888220609468,103.568463369026,107.1262585745852,5095079.8499436295,545816841.46322
2021-08-06,107.17193839937423,112.70410744648291,105.15111955942106,107.84319642582707,3746707.8202211503,404056947.4062919
2021-08-09,108.05679649154905,111.67100534357506,105.32569215762602,108.11273391674463,6176335.496312526,667740516.093381
2021-08-10,107.96174710643977,109.86050792859143,94.56743233817953,108.47207411679621,6937913.511322632,752569868.6161104
2021-08-11,108.36199159113883,120.0059315055244,99.50608970796479,108.09440734836322,9310683.98707937,1006432867.59124
2021-08-12,107.93264228521008,111.87901020198436,100.7714246721243,105.70322143777386,5851910.338092683,618565774.301409
2021-08-13,105.14326340815492,111.57083467577785,103.42166641480154,106.89408528556505,7028262.1548081115,751279654.1853675
2021-08-16,107.17729348014184,109.6652919255948,105.10552486312297,105.23183638578801,5731678.162977249,603155018.6624159
2021-08-17,105.38632266702687,112.29455977609531,103.85460893954307,105.07646042895966,5474013.130519299,575189924.0966167
2021-08-18,104.96788588763448,108.809189817253,103.0538990086732,106.16460574638236,3184813.2594163227,338114444.06178486
2021-08-19,106.4184306504171,107.48710430852698,105.01743654425265,107.06376064246317,3041735.1131810998,325659600.0953969
2021-08-20,106.97995810174751,107.15816719323455,101.83840764459065,104.68445608265664,2070949.763083043,216796249.52285498
2021-08-23,104.7512343863353,109.53223497428255,102.3793117520964,103.70011022283445,3134341.475021136,325031556.4356933
2021-08-24,103.63054975955208,105.789597110972,101.30287814331163,102.594279338139,1386489.2783475316,142245868.3221214
2021-08-25,102.74517790918695,105.22167346294472,101.74484030117372,102.86673515314604,1301043.5939375886,133834106.8002752
2021-08-26,102.95068717534289,104.18177964929903,100.92579362454548,101.7860816577176,3114086.2255326016,316970634.841235
2021-08-27,101.89783565927118,103.62900185205463,101.11921025760552,103.16793941945213,2806412.211723123,289531765.0450618
2021-08-30,103.2883099436885,106.89825907313106,101.84553550950525,102.39732935169808,3513362.944208346,359758982.53015363
2021-08-31,102.82667084926798,103.93491152757709,101.67132758345556,103.22038376862164,4074365.772075824,420557598.607403
2021-09-01,102.89817886477567,104.29146464162002,101.26585224083148,101.80547591787617,2835192.6315966705,288638135.1785548
2021-09-02,101.76292541998713,102.21709488689298,99.773834092314,100.88894993755298,2679477.8944077776,270329711.1476861
2021-09-03,100.91569869145776,101.66827038313863,96.64785135317241,100.578543083533,2262647.300918332,227573769.0382541
2021-09-06,100.67206110556437,102.50472424140476,98.35715349724332,101.22219994048749,2460509.4033929384,249058174.7856896
2021-09-07,101.23014141540354,103.22124210843346,95.69970040372085,96.69216390028093,6407390.4853621,619544450.9837328
2021-09-08,96.72938272782308,101.13002350736618,84.23660715101506,97.08566541373665,12416509.953728482,1205465130.974014
2021-09-09,97.34192361551935,100.85576166430502,90.37313334155773,93.6750393344633,7187266.551036065,673267476.8755759
2021-09-10,93.89201645245618,97.53932451438826,91.87801608896662,94.25272063198142,7734968.716927255,729041845.5736603
2021-09-13,94.19396004575104,96.54139584261787,90.60986100255506,91.8940066062292,3549738.26011279,326199671.12518924
2021-09-14,92.00319539092271,92.30857227484593,90.87976155778341,91.85456449640273,1003659.0997147728,92190669.5071521
2021-09-15,91.87902194623383,96.08715323820799,89.86231332425865,93.4118620205092,3075839.223939354,287319869.183893
2021-09-16,93.4642618097917,98.52578139158645,92.64047261992398,95.39624736513039,2317370.1033744854,221068411.6180702
2021-09-17,95.56917156118608,95.70797663949011,93.28219606913146,94.81097217741508,1058866.082609977,100392122.69794303
2021-09-20,94.94042142509535,96.44385614926193,94.65947461799172,96.23378687272526,881295.9581686701,84810447.41019799
2021-09-21,95.99317120962294,96.3150388512565,94.52879691021931,95.74696183989386,2353159.079972334,225307832.63331082
2021-09-22,95.89165604647121,97.60700294626668,93.64185053754242,95.89476903278307,4068460.8985589826,390144118.18622273
2021-09-23,96.08575852075136,99.03499488972915,93.39639509175646,96.7801182950893,4458773.616332175,431520638.03965104
2021-09-24,96.87123319315327,100.09701680734082,95.37489110347616,96.99241509951607,4857974.613040256,471186690.21091145
2021-09-27,96.93929588682893,97.94198156438924,94.24103866930831,97.47921556314274,3489373.423177647,340141384.09823513
2021-09-28,97.63111111098436,100.40331240990842,96.23784123015466,97.68888518674208,1029575.5558414428,100578088.26567087
2021-09-29,97.66682480952912,98.37189692031166,97.50448399071693,98.33986525266462,931930.6667715746,91645936.19514255
2021-09-30,98.3524275991984,99.03463620350409,98.13669411910244,98.51468756782819,633914.4950240048,62449888.42200741
2021-10-01,98.47359454759761,98.47914658097423,97.6474702828457,98.22132529761785,701828.2743969177,68934503.24260545
2021-10-04,98.21740945484866,99.27075635919533,95.81349667388794,97.40977839801403,1039476.2629741706,101255152.42630972
2021-10-05,97.2365680474091,97.31845893607228,96.04954608078566,96.12731141876137,2627561.4504220234,252580417.81665015
2021-10-06,96.30785574084932,97.59111447550329,95.24714621596424,96.04606154155107,2793770.9513015808,268330696.7217093
2021-10-07,95.96609446392081,99.3144381452702,95.83458891761796,97.17868993467178,4871913.662514684,473446187.1980056
2021-10-08,97.20142376036044,100.21953452691189,94.05964614720035,97.59057274062192,4069469.09615092,397141819.8436293
2021-10-11,97.56568788826074,98.21188670750225,96.754689056518,97.31491867697524,1865709.6948228355,181561387.22652853
2021-10-12,97.56876873268327,99.83374118692873,96.01920304975992,97.9226636291086,3955592.1184149645,387342116.46550167
2021-10-13,98.30770226922,100.98327507779827,94.90419681023886,96.90660503787069,4288010.151702061,415536506.16937166
2021-10-14,97.03603072557303,97.57442817575149,93.5087155299489,97.074683865828,4950198.1838694345,480538923.7723213
2021-10-15,97.1272805774781,98.52135133493266,94.03747695166412,97.77764184935232,3406309.3718109312,333060897.78502154
2021-10-18,97.81496229375345,98.3857952717418,94.27604400358092,97.3861761239616,1565002.0826019002,152409568.45063537
2021-10-19,97.27468226847051,101.16370936840973,93.54489469385618,99.07815182316517,3270747.49670136,324059617.0534148
2021-10-20,99.01537418460462,102.4994129906984,98.90323559394251,99.81113516016758,663164.8725896832,66191238.73152418
2021-10-21,99.77926730726162,100.06887374118946,98.23813369784567,99.55244984361009,523138.6094859714,52079730.1821081
2021-10-22,99.56271056288405,99.84666791742576,99.49549059448383,99.83885548256063,70586.79564766209,7047304.8896439755
2021-10-25,99.80536013204471,101.91858064011912,97.0587867806101,99.88389639586242,181099.78031770463,18088951.694567055
2021-10-26,99.87041732400142,100.78001950855979,99.59022708754259,100.03016823111767,518489.04660523427,51864546.55791339
2021-10-27,100.03890104326804,100.69288236787894,99.3667176902067,100.19909385023873,819837.8690885033,82147011.58677867
2021-10-28,100.23050408931725,100.85158364621664,99.35959986605174,100.70608708970916,10000.0,1007060.8708970916
2021-10-29,100.7166558910754,101.2489392568755,99.8155303512889,100.8017290652613,38300.31039866888,3860737.5119220302
2021-11-01,100.78361936210449,101.19308977412035,100.59436015900505,100.83009641322789,10000.0,1008300.9641322789
2021-11-02,100.82965682239818,101.39967827345664,100.63751016305827,101.11310103000784,10000.0,1011131.0103000784
2021-11-03,101.06957546821548,101.86929333026927,99.93570297543025,101.33440547320545,10000.0,1013344.0547320545
2021-11-04,101.36411697980554,101.96080070930071,101.10266118563258,101.6756672074437,10000.0,1016756.6720744369
2021-11-05,101.69252216623602,101.70887947876511,101.17661773288633,101.42179218349831,10000.0,1014217.9218349832
2021-11-08,101.42961369207258,101.6688206425445,101.39458838138265,101.45388655911015,10000.0,1014538.8655911015
2021-11-09,101.42668643144486,101.59533897387986,100.8142847861954,101.10198415446412,10000.0,1011019.8415446412
2021-11-10,101.09567641807973,101.38808272816627,100.86004835020427,101.05332880500822,10000.0,1010533.2880500822
2021-11-11,101.05723583792052,101.3001441399026,100.47884038822217,100.69060785916153,10000.0,1006906.0785916153
2021-11-12,100.68126610690159,100.852582847295,100.316138210163,100.34073774065419,10000.0,1003407.377406542
2021-11-15,100.36252957622382,100.3891821129938,99.96447158007184,100.2779256174877,10000.0,1002779.2561748769
2021-11-16,100.22797814812795,100.38247720761801,99.60579303863652,99.90832692489863,10000.0,999083.2692489863
2021-11-17,99.93859952799701,100.42375505209878,99.73667658306636,99.74467834914404,10000.0,997446.7834914404
2021-11-18,99.80771960572545,100.88099248367864,97.95892269733513,98.31522489041245,30642.231705685364,3012597.9012885834
2021-11-19,98.29549249735479,99.30062065057328,98.1116204972483,98.90213919487212,10000.0,989021.3919487213
2021-11-22,98.88353299416181,100.53697763597566,97.99292918677,98.04039896332328,10000.0,980403.9896332328
2021-11-23,98.0112744890161,98.1930856343243,97.85803418060799,97.92826521178334,10000.0,979282.6521178334
2021-11-24,97.93991635232548,98.86629492904702,97.1159939287405,98.33964414009611,10000.0,983396.4414009611
2021-11-25,98.33592576209408,98.58663697868614,97.47459963561884,98.12361115385588,10000.0,981236.1115385587
2021-11-26,98.12283066074646,98.67589341546952,97.99477464821919,98.52420858125956,10000.0,985242.0858125956
2021-11-29,98.50735066183687,99.40308836284406,98.05378167407397,98.81370796664494,10000.0,988137.0796664495
2021-11-30,98.82440461297422,98.93654014483279,98.56389980740637,98.81927817624458,10000.0,988192.7817624458
2021-12-01,98.81968841537916,99.10895113259707,98.47790923952086,98.76432874965957,10000.0,987643.2874965956
2021-12-02,98.76119333615065,98.77802693644077,98.70076251473549,98.74320720457322,10000.0,987432.0720457323
2021-12-03,98.73800711522466,99.18871317732493,98.66712805778678,98.80294347988374,10000.0,988029.4347988374
2021-12-06,98.80711083058625,99.15488371148508,98.62965750987249,98.93893611516852,10000.0,989389.3611516851
2021-12-07,98.93372735948209,99.23057769036176,98.88277542186249,99.11091262074287,10000.0,991109.1262074286
2021-12-08,99.10255340632719,99.22338176551077,98.82953825622002,98.8767161002717,10000.0,988767.161002717
2021-12-09,98.87033533991533,99.30532845911425,98.79050621486438,98.99753895062892,10000.0,989975.3895062893
2021-12-10,98.99102442027684,99.55892820844969,98.86832210544762,99.08465586667492,10000.0,990846.5586667493
2021-12-13,99.07033374276544,99.13740216557761,98.94818709156624,98.9533429176967,10000.0,989533.429176967
2021-12-14,98.97426701433032,99.24782979485119,98.94933571597738,99.07360088309808,10000.0,990736.0088309809
2021-12-15,99.09214471813661,99.28789606566347,99.0062474706691,99.19393619648909,10000.0,991939.3619648908
2021-12-16,99.17391833989473,99.39158544311155,99.07509455046818,99.30826254831375,10000.0,993082.6254831374
2021-12-17,99.29933846426309,99.45758443460845,99.26149691052166,99.3040049224043,10000.0,993040.049224043
2021-12-20,99.29211604670138,99.44399241529354,99.16602840118992,99.40007920394277,10000.0,994000.7920394277
2021-12-21,99.41859743207236,99.66598323514829,99.1770845371845,99.54278591713032,10000.0,995427.8591713032
2021-12-22,99.5365319314995,100.01703798696347,99.19573224379253,99.46138478001821,10000.0,994613.8478001821
2021-12-23,99.46637550452465,99.93937569686261,99.3362987009283,99.40133700129505,10000.0,994013.3700129505
2021-12-24,99.39095069300316,99.72897557251682,99.23572179830809,99.33309129553889,10000.0,993330.9129553889
2021-12-27,99.32956218561098,99.86189815573755,99.1986817299201,99.47406660622103,10000.0,994740.6660622103
2021-12-28,99.48417224095677,99.53246739371372,99.21540299124798,99.47443516234003,10000.0,994744.3516234003
2021-12-29,99.50016979443727,99.63218567615063,99.34762602830988,99.3867641782401,10000.0,993867.641782401
2021-12-30,99.38874588528604,99.39822368434086,99.21542032759751,99.26733661034861,10000.0,992673.366103486
2021-12-31,99.28452582926845,99.91979616710033,99.10599300055475,99.12302287587252,10000.0,991230.2287587252
2022-01-03,99.1429491908785,99.31730851219336,99.09944346103575,99.15916430272965,10000.0,991591.6430272965
2022-01-04,99.17739274848527,99.57641013372546,98.94707167414504,99.27752464546529,10000.0,992775.2464546529
2022-01-05,99.29346722808695,99.54946218317775,99.22729848356889,99.43015215514772,10000.0,994301.5215514773
2022-01-06,99.42199981820374,99.45441497314711,99.18427559980682,99.31143912437929,10000.0,993114.391243793
2022-01-07,99.32475642694176,99.55530643289133,99.1289878263424,99.20047845427685,10000.0,992004.7845427685
2022-01-10,99.20339122179165,99.45095397989594,98.98329652230126,99.0948491201953,10000.0,990948.491201953
2022-01-11,99.07195034474269,99.1880553167793,98.86618593224136,99.00308682313079,10000.0,990030.8682313078
2022-01-12,99.01635691103614,99.35302382456405,98.25677186061132,98.71380598267257,10000.0,987138.0598267256
2022-01-13,98.71651420845643,99.33419669660367,98.60068553978769,99.05268684621088,10000.0,990526.8684621088
2022-01-14,99.03350676661604,99.20954262986002,98.79516850783347,99.17494025746507,10000.0,991749.4025746507
2022-01-17,99.19551741055245,99.79531721024328,98.8873696140182,99.0359083106563,10000.0,990359.083106563
2022-01-18,99.01961587374845,99.28153096957773,98.10452739451108,98.50779252657775,10000.0,985077.9252657775
2022-01-19,98.49639448494352,99.01042309661702,98.1354118378962,98.92951466243457,10000.0,989295.1466243457
2022-01-20,98.91108610278481,100.2658178628108,98.13507591493287,99.21658836339371,10000.0,992165.8836339371
2022-01-21,99.28816536854384,99.93534311708493,99.0016239636928,99.26173443614181,10000.0,992617.344361418
2022-01-24,99.23920841145157,99.91329964385883,98.90783534456708,99.5275999101639,10000.0,995275.999101639
2022-01-25,99.60518074261313,99.80231035522506,98.95691457149077,99.2215507502627,10000.0,992215.507502627
2022-01-26,99.24740574768869,99.5732983372149,98.0084145965635,99.48196733227812,10000.0,994819.6733227812
2022-01-27,99.56820629613802,100.04633462706104,98.64119917792232,99.12114947244794,233694.2228883145,23164039.997760188
2022-01-28,99.13172753368676,99.31592150680858,98.69036558511273,99.3065278905217,10000.0,993065.2789052171
2022-01-31,99.3168443919165,100.14148727586984,98.68984053653254,99.20035790450588,84006.22760100529,8333447.844227104
2022-02-01,99.22355506013746,99.93276990545277,97.3494377891341,98.15947857383381,844224.9966716219,82868685.47228299
2022-02-02,98.22639632764952,98.2436354560593,96.87425045625375,97.42110775784111,762676.7830108027,74300817.06209901
2022-02-03,97.449797463573,98.25866335825188,96.72934326472082,98.07968835865299,176388.8051211585,17300159.036238402
2022-02-04,98.16234467507097,99.36269586385255,97.86981137697386,98.92640399735795,1259583.6934551857,124606085.32723197
2022-02-07,98.83667864194855,99.32762655206594,98.10110392062903,98.72550213629772,1212332.2057471564,119688105.76839341
2022-02-08,98.87676580180049,99.27806918666656,95.28965248717711,97.81989934754448,2780327.770231756,271971382.6372531
2022-02-09,98.06171325438784,100.36321101532499,96.48766118906097,97.13464522117707,3182742.315119953,309154545.60960436
2022-02-10,97.29407596131512,103.3877931804396,96.86384825485106,97.82206349458548,6338596.264548146,620054566.257171
2022-02-11,97.95191458151139,102.373442887991,91.51542319410571,95.44534867138721,4874501.0308698565,465248450.49040985
2022-02-14,95.50130274219626,96.95529374202087,95.27147372615055,96.43782820850763,1862459.3989216643,179611539.55852783
2022-02-15,96.38859382472643,98.33411138876747,94.94418849563324,95.55144891889866,1788142.9051346164,170859645.45966133
2022-02-16,95.46160972635379,96.49102131698169,92.80438426397613,94.56060905785597,1718199.043699402,162473948.05484113
2022-02-17,94.55551851812899,95.03278509124067,92.8315511639396,94.61498979003706,2643583.837183598,250122657.7642331
2022-02-18,94.63617854153878,96.68944930605701,93.73938917981327,96.60781885401934,2337977.9135309258,225866946.75509378
2022-02-21,96.58978793102503,98.42787655596267,95.4431803751402,95.51793848466944,5149066.450281173,491828212.45143235
2022-02-22,95.59597011359224,96.82441083903105,91.86055563511947,95.01600530011119,4513379.670455197,428843306.68938506
2022-02-23,94.9244660860631,97.52990004444976,91.39943470130702,93.04046758441227,4435133.780383187,412646920.7262738
2022-02-24,93.04813161647787,97.89862784211286,86.46067095809876,93.66931340915141,8873097.64418513,831136964.14318
2022-02-25,93.4812087485445,96.69301135492549,89.87434417252483,94.29904739997282,5528062.846950844,521291060.4346463
2022-02-28,94.04728842552402,98.33641875117746,92.09105576250901,94.29667513209706,6578856.194013666,620364265.2676913
2022-03-01,94.63170352132909,95.0211671320118,91.20675179008884,93.4907001935245,5322585.426637647,497612238.37620294
2022-03-02,93.55030269620059,101.3333975048372,92.26240236076005,94.16269972651699,5370758.3071975745,505725101.78434193
2022-03-03,94.14739807991099,96.2307445899388,91.75740588710302,96.08182920852146,7010217.720497421,673554541.7353837
2022-03-04,95.91288121622071,97.0045173080811,92.95296651353863,95.2316907679096,3796350.016699308,361532830.83705693
2022-03-07,95.2927470366095,96.69707533210749,94.91782239351416,94.96031011691122,3385486.587644702,321486856.2593844
2022-03-08,95.17286972198929,95.52959338322671,94.17523212280318,94.31535466262291,1748365.7099508708,164897732.0139849
2022-03-09,94.24003043410029,95.48430147623398,92.53932741357794,93.73935675206755,2113337.16371622,198102866.3269973
2022-03-10,93.70391685177306,95.66398883181293,92.96944352524748,95.21420373900519,2761267.8887254596,262911923.3350786
2022-03-11,95.26698024483552,97.27463531301683,91.51217335486264,94.11792563657748,3083106.113524217,290175551.9223497
2022-03-14,94.02498593813499,96.26093263318185,91.24256303272898,94.34831645367204,2474227.9556702524,233439242.14009902
2022-03-15,94.22759946974696,95.99613063503793,93.95777973641496,95.04302431115575,488435.18388604064,46422357.056504786
2022-03-16,95.10011787319226,95.24240974507242,94.36567203064644,94.68487860783121,1226877.444700834,116166741.91818462
2022-03-17,94.66332189971625,97.5785043241649,92.5759678411247,95.42082247019191,3004673.0316259875,286708371.9317567
2022-03-18,95.53985023100927,97.3354261324329,94.46420652721683,96.20519884378861,1669284.7837605411,160593874.54859352
2022-03-21,96.27194908616748,96.66170683675837,94.08831448100165,95.17143727281565,634883.7241818892,60422796.53150826
2022-03-22,95.18426968531962,97.33507478880829,95.0265618900191,96.0581503735979,1444979.957596443,138802102.05363423
2022-03-23,95.92726701611132,96.75230398656747,94.5033214885333,95.10988280995188,1656904.0726361491,157587952.17575616
2022-03-24,95.15550598771121,96.05432405334214,94.82145252900227,95.19793753215824,10000.0,951979.3753215823
2022-03-25,95.2158198967353,95.24935515015922,94.73089343648137,94.75624521296152,10000.0,947562.4521296151
2022-03-28,94.76253796109127,94.82362744662278,94.11220693044386,94.41707423378205,10000.0,944170.7423378205
2022-03-29,94.42105725342434,94.6341918281167,94.30616856543188,94.43769074174426,10000.0,944376.9074174426
2022-03-30,94.44243653592247,95.62676544053785,93.90544547977518,95.16882636491948,10000.0,951688.2636491949
2022-03-31,95.20412170239909,96.9902529202875,94.66837082201832,96.74447306085484,492214.14583592396,47618998.17199522
2022-04-01,96.67386943041564,98.58300558579607,96.15413979143271,98.47980762300352,672912.052845741,66268249.51144896
2022-04-04,98.49605001077853,100.23325889651035,96.98377625613077,99.34737599714867,676234.2828612009,67182101.56157391
2022-04-05,99.23598198565232,100.63130724275328,96.62879157817001,100.57160900254296,2344637.337172514,235803949.52687752
2022-04-06,100.49966184028455,101.7144362834691,99.77514959364392,101.10038661139815,1199057.6981784874,121225196.85521823
2022-04-07,101.10230688824129,104.89914122917237,97.57194038896006,101.687406887588,2988511.569059412,303893991.91120845
2022-04-08,101.64196753314168,102.22584863913606,100.04009257617614,101.10675446863371,1855036.5623465034,187556726.23950624
2022-04-11,101.12505786063949,104.0031016945623,96.01571841568557,100.30603027473207,3687116.5764973443,369840026.94860905
2022-04-12,100.30290834437768,105.15278827486176,98.16464025143291,100.75841769860978,4182850.610518068,421457408.9854644
2022-04-13,100.68346299026405,103.19165042894612,100.29890812766273,101.16657781622177,2892075.2423164193,292581355.0521725
2022-04-14,101.28341842815685,104.66338922418278,99.42883488095725,99.9422160088785,3995911.54789849,399360255.07244295
2022-04-15,100.03750051554039,101.56335452223955,96.63557080421725,97.52565809720842,4056885.1273323833,395650391.8678679
2022-04-18,97.4373857570751,103.32432053175297,93.44511822258397,95.23706072638333,6830294.940987965,650497214.0739797
2022-04-19,95.04716103697655,107.34631161580228,94.61740026024327,104.09869101213252,8212217.151642304,854881055.7933472
2022-04-20,104.51314279253731,109.19904023540582,95.58576753301627,101.82752009167535,10187556.589297906,1037373623.2818121
2022-04-21,101.51192643488862,108.83559370807087,96.70797215319111,104.85444903893098,6051909.649150392,634569651.8950545
2022-04-22,105.03276599523952,111.05899992787728,100.99878130297002,108.31983836001643,9670464.677871706,1047503170.7733116
2022-04-25,108.14136764708299,116.16467420130789,106.6082677916089,110.59903600134118,5238872.712703121,579414271.7586963
2022-04-26,110.80286430679023,113.18193718420139,107.73888837564314,108.54785817857947,6530136.871139874,708832370.9752038
2022-04-27,108.49333784837425,122.9783189923584,92.95607893415,115.10204862372521,11764529.483170457,1354121444.6071348
2022-04-28,115.82475486957357,119.81194370935637,110.07042597353049,115.52854894690812,7785603.094897347,899459428.2300475
2022-04-29,115.72172010932582,116.80589148264141,108.0481008085867,112.42329438473,9180491.993059207,1032101153.9323518
2022-05-02,112.3022465901283,117.09067428484634,101.7667013134963,109.03350254919404,10808972.772436444,1178540160.3376179
2022-05-03,108.75320934156994,121.3184435424403,103.82072996490832,108.01559257614433,14936001.83143151,1613321088.5404515
2022-05-04,108.29799332681651,125.72369337311653,106.7154360889228,117.19444807517243,13290339.34411531,1557553984.1653428
2022-05-05,117.17665517555065,119.37591625020201,108.92330339809934,111.30195243290161,11212281.050829085,1247948772.183703
2022-05-06,110.93286426640672,113.43879428671623,108.05777217621024,109.3740248726534,4360377.480129711,476912034.9658648
2022-05-09,109.0018298634969,112.61575509384403,101.33282824875144,108.98818630541929,7056952.639305166,769124469.0011119
2022-05-10,108.60010938119474,110.70237812636786,104.2400121168154,109.67693866186698,5855835.620047094,642250124.113881
2022-05-11,110.23528913205034,119.93455488036217,95.353532344238,105.65163329400808,11729330.879329465,1239222964.847002
2022-05-12,106.1250731060001,113.880414844253,98.76684538972397,102.0777540077775,8401921.221271658,857649247.6176939
2022-05-13,101.98855227849909,102.9807692188157,95.16522388804181,97.9850617608716,21803981.435161315,2136464467.5571792
2022-05-16,98.90056748223765,120.00945014804387,84.53510299755331,103.28244626484245,27856316.696242355,2877068532.3160844
2022-05-17,103.11554874763111,111.68721994237208,87.85808716793757,101.48135085815832,20826849.33660806,2113536804.7983243
2022-05-18,101.29281052436194,103.15122126499958,87.32369457200423,99.07657672357895,36162898.6541175,3582896203.051683
2022-05-19,98.99849987460559,101.2007187320621,98.79578125002215,99.95155627413547,14411560.652397385,1440457915.5462136
2022-05-20,100.26816010168751,104.30947276102054,97.21463592703772,100.31994803491422,17496524.80091466,1755250458.8193467
2022-05-23,100.07308444272691,106.22571606782438,98.01725374198358,104.10112224701136,9628061.627486164,1002292020.4846963
2022-05-24,104.25022578250189,116.204677297787,100.32281557114706,101.01487978696555,15390443.527401088,1554663802.788503
2022-05-25,101.00711823019876,104.57020847866795,91.55117752927727,100.92789628590049,4824557.034805513,486932392.0342624
2022-05-26,100.71617577333765,103.79115158841265,99.24694683902015,100.16634581796995,2769755.1503912853,277436252.22519684
2022-05-27,99.97446543264942,101.4336601024978,96.70406108555109,101.10773249940566,3166440.3915293734,320151608.0820652
2022-05-30,101.21100422457073,105.31311983567538,100.32678211448794,102.16096732867001,3910882.2672142126,399539515.5271461
2022-05-31,102.13312981543729,103.57737015105337,99.30250561703497,101.77774458321305,2523345.6762499283,256820431.73252022
2022-06-01,101.7174379289569,106.06730518753514,100.07796783091563,103.07534825027807,2530804.5122152073,260863556.4499576
2022-06-02,103.06341330947176,104.9026184417098,101.72926792226797,102.77622506348007,1125254.7311864197,115649433.50616124
2022-06-03,102.74432833037199,104.91411521934762,100.62695788771885,103.90005135923586,912585.2550513904,94817654.86952081
2022-06-06,103.89055959340014,103.97176069688201,101.16916796286368,103.35293266432872,2068441.0050570322,213779443.91579586
2022-06-07,103.43674686884226,104.02927903641694,102.38634071030636,102.80606905333616,1988602.6671012514,204440423.1136597
2022-06-08,102.7438247214777,106.35156298844232,98.00312720674387,100.98281350046128,2774450.773416848,280171845.0181641
2022-06-09,101.0094953853165,104.21979518258604,98.90234423977444,100.00979742146122,1430142.904021824,143028302.11496288
2022-06-10,100.06643931722994,100.25568760424005,98.94518097407813,99.80438105744602,160641.56407119575,16032731.87422575
2022-06-13,99.81376380900578,100.3551808687126,98.64509923320632,98.78105776933968,10000.0,987810.5776933968
2022-06-14,98.67371837183184,99.22678845090913,97.70618798844168,98.82893912157347,10000.0,988289.3912157346
2022-06-15,98.87644870651728,100.66394324571905,97.6530662635705,99.21465907285845,10000.0,992146.5907285846
2022-06-16,99.17257040724175,100.02999670730901,98.75835938367126,99.45672191338709,10000.0,994567.2191338708
2022-06-17,99.43852456636607,101.38734084660891,98.87757489242732,99.56006042246818,10000.0,995600.6042246819
2022-06-20,99.58577848893557,99.96815734679859,99.4162681240532,99.89261615441126,10000.0,998926.1615441126
2022-06-21,100.00128416361134,100.41179653590167,99.20917106861155,99.57494133343712,245854.4684656406,24480944.27402953
2022-06-22,99.62650245250252,99.93757275128425,96.98487839871588,99.21982394092326,910134.9623902371,90303430.73083815
2022-06-23,99.22583044569255,101.5292984825822,99.15597373340711,99.76670853455593,369526.881374161,36866480.66973934
2022-06-24,99.74081130496866,100.1308598321332,99.20110206402279,99.68377063649217,645022.8167523573,64298306.52044611
2022-06-27,99.62906761394552,100.71496668157016,97.92871108746175,100.6004043321109,1364991.9872840857,137318745.8308706
2022-06-28,100.50499982298183,100.9655714008724,99.65937159281509,100.12745095471854,1772221.6449875964,177448035.83938617
2022-06-29,100.19706657785679,101.37635984894804,98.82840773951234,100.70281408435082,1080622.3875692664,108821715.39077513
2022-06-30,100.69434497227105,102.87498788815017,100.3842051971202,101.52250927915125,547730.2345201703,55606947.81654567
2022-07-01,101.52898705726666,101.99492078382163,100.97627927239715,101.39558704572991,790230.4918652772,80125884.62411568
2022-07-04,101.2806678657424,103.38858191752034,99.75046558402319,102.73701793946204,856807.4278519939,88025840.08589463
2022-07-05,102.75279790533986,105.65319470147975,101.4313992817047,104.22566485106104,1977386.4171469237,206094413.99459565
2022-07-06,104.06962913479389,104.5776388657052,98.82151218490645,101.87908917706629,1245138.0963748328,126853535.15833415
2022-07-07,101.94497307590174,106.36078705196621,99.98161605640108,105.64783012999979,2480361.2942456505,262044788.67549092
2022-07-08,105.88613461353819,107.22354088730101,101.99061301005497,103.33734382091961,1935587.1438212788,200018434.17641127
2022-07-11,103.25412558167908,106.07956981574829,99.76520105602194,105.31554990541562,854506.9871759125,89992873.25245115
2022-07-12,105.211868764855,105.45380724923979,102.18059997096243,104.39356254605094,958196.2033901837,100029515.2900017
2022-07-13,104.50189216499423,105.36667192391589,101.92403746543114,102.4351637072053,1105003.2423914,113191188.03135572
2022-07-14,102.37026448902513,105.68185741765207,99.83002025652699,100.89250356781601,2224531.2325924886,224438525.3210558
2022-07-15,100.99228724291113,102.44055897640716,100.44936669755727,101.26162544268911,1036358.364573692,104943332.53785904
2022-07-18,101.17087081309364,101.42468430419476,100.26796540307896,100.55959797787004,442680.41781903274,44515764.84855747
2022-07-19,100.57644522454846,101.00903642820384,99.85648077000592,100.23833900405346,121289.01925468718,12157809.829520501
2022-07-20,100.28222046026146,100.86285930329848,100.2265287873112,100.8251525780685,10000.0,1008251.525780685
2022-07-21,100.83385844628323,101.43904540116043,100.30568720793502,100.57047907556478,10000.0,1005704.7907556478
2022-07-22,100.54140008389854,100.9466899581038,100.5013314029006,100.72681832092059,10000.0,1007268.1832092059
2022-07-25,100.61929893844665,101.75832572682023,99.28976263073089,101.23015972501702,10000.0,1012301.5972501702
2022-07-26,101.22624071911733,101.28308497848978,99.73634570991317,100.65565311292211,10000.0,1006556.5311292211
2022-07-27,100.63815692387065,100.68870132201313,100.28115031815163,100.40617671799087,10000.0,1004061.7671799087
2022-07-28,100.40748355081192,100.6855188460542,100.09380133997021,100.46785436145136,10000.0,1004678.5436145136
2022-07-29,100.49397408109884,100.63664985068505,100.44915515575775,100.4837057200137,10000.0,1004837.0572001371
2022-08-01,100.45368689837912,100.56010854839873,100.42859719971632,100.55279147165481,10000.0,1005527.9147165482
2022-08-02,100.54707123812456,100.65515491209084,100.24387566408586,100.25726739590415,10000.0,1002572.6739590415
2022-08-03,100.26871209509171,100.476683602336,99.94238233618591,100.13265224962392,10000.0,1001326.5224962392
2022-08-04,100.1563187910791,100.48283648994676,100.14783276701797,100.20842456726933,10000.0,1002084.2456726934
2022-08-05,100.20926686399525,100.43800968224438,99.84255937288647,100.30452909960661,10000.0,1003045.2909960661
2022-08-08,100.31829003709069,100.61931384433043,100.27311869914243,100.47887008777397,10000.0,1004788.7008777397
2022-08-09,100.4680936886556,100.55238405105328,100.1106435218996,100.44781107813361,10000.0,1004478.1107813361
2022-08-10,100.44874749436205,100.59055618119943,100.2460945415754,100.37645435280211,10000.0,1003764.5435280211
2022-08-11,100.37662869102108,100.49054231444748,100.16199652250515,100.27702981481133,10000.0,1002770.2981481133
2022-08-12,100.28513557610776,100.46535499969707,100.16874154333061,100.18632752971767,10000.0,1001863.2752971767
2022-08-15,100.18603705692604,100.20499720846259,99.51783480250508,99.96395750671115,10000.0,999639.5750671115
2022-08-16,99.96256235578325,100.38495243055944,99.94952297299207,100.1972861645968,10000.0,1001972.861645968
2022-08-17,100.21002064276702,100.52588479002783,100.06263902909883,100.16482641709399,10000.0,1001648.2641709399
2022-08-18,100.16561267264917,100.23572510216508,99.91187524937068,100.1010863279014,10000.0,1001010.863279014
2022-08-19,100.09965888472038,100.2216304029839,100.007000980958,100.04715675334874,10000.0,1000471.5675334875
2022-08-22,100.05004782383337,100.16802809261009,99.97633407123709,100.1374267136481,10000.0,1001374.267136481
2022-08-23,100.13588215134827,100.33340081037042,99.68154759578285,100.1690257362376,10000.0,1001690.257362376
2022-08-24,100.1808981163968,100.52951482625866,100.04872205344928,100.09247721574441,10000.0,1000924.7721574442
2022-08-25,100.09997537060778,100.42545231936718,99.96520671147151,100.2325394210413,10000.0,1002325.394210413
2022-08-26,100.22220889805575,100.29879800363481,100.00220029361618,100.2781680794064,10000.0,1002781.680794064
2022-08-29,100.27848187201936,100.42277239835614,100.13535817831713,100.26661188114308,10000.0,1002666.1188114308
2022-08-30,100.24627328961733,100.30384226550993,100.16171432182726,100.27717893553454,10000.0,1002771.7893553454
2022-08-31,100.26627311540744,100.43521984298881,100.22237929002218,100.42968482049179,10000.0,1004296.8482049179
2022-09-01,100.42969400362647,100.76027983349297,100.41710569032084,100.5186763932839,10000.0,1005186.7639328389
2022-09-02,100.53447694050712,100.5958457428629,100.41232684041087,100.50818755761016,10000.0,1005081.8755761016
2022-09-05,100.51298306742304,100.94183405198446,100.21276197936699,100.63473983205952,10000.0,1006347.3983205953
2022-09-06,100.64761489725568,100.88898591051463,99.91328667400784,100.37044782375371,10000.0,1003704.4782375371
2022-09-07,100.36255988424259,100.53132242848912,100.2854974456558,100.46240848805009,10000.0,1004624.0848805009
2022-09-08,100.47861630012989,100.57071455368688,100.22653208608357,100.36276730557505,10000.0,1003627.6730557504
2022-09-09,100.3700080637651,100.39352174376548,100.26312892987337,100.29249039050102,10000.0,1002924.9039050102
2022-09-12,100.28665955203691,100.43460418047772,100.18074374518102,100.27099667606156,10000.0,1002709.9667606156
2022-09-13,100.26611357347511,100.57548694265687,99.73482802465895,100.5049033753203,10000.0,1005049.033753203
2022-09-14,100.50300260315083,100.57495814794885,100.38401874467489,100.48475492725774,10000.0,1004847.5492725774
2022-09-15,100.46788749618196,100.5536885961425,100.23023333630593,100.4675911391378,10000.0,1004675.9113913779
2022-09-16,100.45003963614704,100.7961913103614,100.2227229760381,100.54022642723797,10000.0,1005402.2642723797
2022-09-19,100.53157960529254,100.57501959824643,100.04153394343184,100.29579049374541,10000.0,1002957.9049374542
2022-09-20,100.29911197807894,100.47213146308219,100.14841744338943,100.27405045734474,10000.0,1002740.5045734474
2022-09-21,100.2727825006318,100.39115992120365,100.10142872221601,100.37114087943681,10000.0,1003711.408794368
2022-09-22,100.39926794256772,100.50104262958048,100.07485786094192,100.20545079821768,10000.0,1002054.5079821768
2022-09-23,100.22429166680806,100.47514604952177,100.146405946823,100.31542639426672,10000.0,1003154.2639426673
2022-09-26,100.30949809147701,100.75945231455034,99.92057942304852,100.18290286364228,10000.0,1001829.0286364228
2022-09-27,100.20153732328683,100.33514319454471,99.75110755646924,99.95105957300777,10000.0,999510.5957300777
2022-09-28,99.94411277417103,100.79989545759369,99.52766024000486,100.13110601568751,10000.0,1001311.060156875
2022-09-29,100.1252352845192,100.17735756540142,99.76231194607178,100.15406257562287,10000.0,1001540.6257562287
2022-09-30,100.17709212684238,100.65870502396777,100.07867123574543,100.44288933295815,10000.0,1004428.8933295815
2022-10-03,100.5556088259939,100.78888323595667,99.77412066544625,100.5018905770086,10000.0,1005018.905770086
2022-10-04,100.49756728649633,102.53950282182758,97.83098271625768,99.82696439306616,255382.7418937914,25494083.88163512
2022-10-05,99.99840754633858,101.56026886568033,99.61164861041759,100.68913521788969,1086275.140359526,109376104.49149242
2022-10-06,100.68191388280913,100.95447651583213,100.14467047642889,100.92262904749008,412668.7779149727,41647617.992993854
2022-10-07,100.99976879201854,101.18049156636003,100.75916660089041,101.14893141956169,398909.6050086513,40349280.279624514
2022-10-10,101.2684952972527,102.88747462905984,97.94991100047872,100.75605515626663,1249305.3528829282,125875079.04209146
2022-10-11,100.8163214623862,101.99174473207411,99.10061920509494,99.90718620126108,668266.2245283343,66764598.12596604
2022-10-12,99.96366068947844,102.04538591956289,97.60942423510582,100.88450494246234,650107.0259856438,65585725.476178184
2022-10-13,100.87622763010745,102.36971511196501,99.67355032470734,101.50799286502648,841129.2206538916,85381338.9287005
2022-10-14,101.39096721665938,102.10743478684444,100.29255210839172,101.615518998513,792080.0792478123,80487628.34114975
2022-10-17,101.63411573965477,106.0632511651956,99.61452114408134,100.92496814986056,2325668.2593466244,234717995.00169972
2022-10-18,100.94258831315474,103.15490845043075,100.15507356372603,102.26827702497883,2008164.4941429782,205371522.79874057
2022-10-19,102.49740820472924,105.70124627760987,100.01706064126766,101.20377383695984,1853531.80250189,187584413.3400138
2022-10-20,101.25754621597447,102.57181213292955,97.63729695742597,99.47545399462796,7698997.574419426,765861279.0189118
2022-10-21,99.60350988120133,109.80667879666107,95.5996382900465,105.73771700798535,10919158.419692105,1154566882.9467642
2022-10-24,105.87134203563603,109.14374785137944,102.069562494169,106.77121325002659,6393524.542772921,682644372.3756863
2022-10-25,106.69031437161284,114.79770720468662,106.1608065691478,107.92606199290033,3374409.9572722185,364186778.2380216
2022-10-26,107.96385816129163,110.0302301375243,107.08830716523288,108.50388722523347,2124843.9718749407,230553830.69553572
2022-10-27,108.63917171907076,111.00475029060205,107.03077730228595,110.69449252852898,2015669.575878434,223123520.8070585
2022-10-28,110.69327819442151,112.42468004846617,110.06729502618309,110.69921319850364,673708.2060917906,74578968.33973655
2022-10-31,110.59817677250832,113.48264994031385,109.6069586539207,110.8799754013483,987698.7771300524,109516016.11212201
2022-11-01,110.90743726383671,111.8046103276663,107.3748662257142,109.17713258521144,4397978.164456757,480158645.1677602
2022-11-02,109.45065426140364,113.60974517689779,107.79084348611848,109.05161765971563,5858582.351015559,638887882.5709068
2022-11-03,109.05331971439811,114.8396604821753,104.20549372226414,106.01235317105153,4872926.196737011,516590372.9449529
2022-11-04,105.9511721401318,106.60025613978846,105.00117961198697,105.26522855374843,4188139.536079418,440865465.48038983
2022-11-07,105.4043748872456,106.40353803340935,104.83922606372023,105.14520700706656,4388747.969591826,461455813.7645756
2022-11-08,104.97066848118261,106.9960135134325,104.42542668238465,105.93830551010906,2633662.5535497176,279005748.20848393
2022-11-09,105.96226842662959,109.8265221434333,103.49498912982374,108.48472887581191,6324312.553047928,686091332.6432983
2022-11-10,108.4948766383551,109.24337331215818,106.00357257623635,107.17448977770113,3775493.53837363,404636593.6342013
2022-11-11,107.08240374390451,107.68377763254261,104.44634968255873,105.73122104612848,1624752.0952919,171787022.9324683
2022-11-14,105.73070194902765,108.34902037726098,100.08387146518568,105.99261963209482,3054611.9479675395,323766322.3245756
2022-11-15,106.15245118113654,106.95492923502601,103.25336900507702,104.6003640857926,2913210.053968478,304722832.30349433
2022-11-16,104.81632143610541,109.6964921025469,104.44723347489499,108.29913625514493,6975736.344834824,755466220.8892332
2022-11-17,108.3866225260731,116.63607708275417,107.69288050594875,112.3066357484821,8487799.634846749,953236221.8968332
2022-11-18,112.66893859755714,115.38691529099115,108.92263810920984,109.04359260540575,9981540.886442455,1088423077.9954317
2022-11-21,109.15680561412451,112.01876329387335,106.14058523237416,109.21037012506743,3809358.254880808,416021424.95451397
2022-11-22,108.98317481523979,115.42620606164353,108.52582801504477,111.56377896901046,4615221.65628085,514891568.7543071
2022-11-23,111.81692955711617,113.39199455024527,104.88283054897505,109.0677532989754,5302362.350239625,578316748.7177109
2022-11-24,109.07326617793277,112.97772975428083,98.97012614122305,107.10647755889082,8813658.065426718,943999869.7963638
2022-11-25,107.14513832475073,107.38106997665973,106.08014210326189,106.81753712181485,7608742.189407233,812747101.2673259
2022-11-28,106.85714028101938,109.99859137854841,106.43241882840337,108.97300471515419,4229965.917272404,460952095.8478672
2022-11-29,109.3509821402112,116.13113252929637,108.17511757096612,109.97721464919815,6450205.387807526,709375622.4663227
2022-11-30,109.83446795892648,112.84917871335149,101.51051059121582,108.8724860855258,9883836.409256013,1076077841.9383385
2022-12-01,109.19144712647442,112.19704279686783,106.93102704967353,110.2716485208473,11178689.457230901,1232692514.7514672
2022-12-02,110.28845233742257,110.29195815237638,109.97868759194601,110.21183773191659,13942389.539701032,1536616373.5447013
2022-12-05,109.96039316003836,123.60193010191736,109.64431076453857,110.98973783244797,20171472.73747479,2238826470.826699
2022-12-06,110.30457579680618,117.6351547640316,107.81980899242107,112.92180063473371,17005506.23206763,1920292384.4302626
2022-12-07,113.16647582973152,114.22108519713905,111.6065950456129,113.3295015030845,6407237.823914977,726129068.5959922
2022-12-08,113.20613476026872,116.27400302310556,96.66985561469264,114.90888442759679,9140255.39844302,1050296551.2184067
2022-12-09,114.82204886287622,118.73865746029833,111.34405519448515,114.52993132235495,6935620.336154421,794336120.7776942
2022-12-12,114.52552657695611,115.35280584409823,112.39795026927575,113.16773340736282,11154221.56018395,1262297971.8895557
2022-12-13,112.94834996228275,122.3245972913812,99.46496008796773,111.51185141449025,12158641.164401151,1355832586.926806
2022-12-14,111.12698554539278,114.49544768619236,103.50323751215635,107.34128415865783,5557371.92712385,596535439.2047491
2022-12-15,107.75277397727359,108.56960345817015,102.36273850706563,106.0021009810352,7421589.495394262,786704079.1305726
2022-12-16,106.20185337237025,112.37099218324822,104.1001784094102,110.827304691664,6027904.822459873,668056444.4111111
2022-12-19,110.98477220108036,111.98187673425669,109.68531424437678,110.46331391517907,5732542.317404258,633235621.5394746
2022-12-20,110.51970144293938,111.3275779177116,109.9661990334641,111.14722025742321,3316420.2758644354,368610894.86768866
2022-12-21,111.14772836317586,114.7128903677513,110.64001962617397,112.4410971080977,4090204.6584791546,459907099.1960482
2022-12-22,112.50172092503325,118.55597586688836,110.4547934337277,111.13746943492744,4472095.566903828,497017384.37684864
2022-12-23,111.20921568160858,112.23800661717296,106.82863308126298,110.3453214239907,4079472.7773012277,450150734.85172397
2022-12-26,110.41804516082594,111.04426782216066,109.90776324518788,110.82309490065808,2671003.6630491503,296008892.43010134
2022-12-27,110.99947203975708,111.19741746495626,109.26711758909764,109.65353291439823,1912847.407794881,209750476.1908573
2022-12-28,109.5459665110541,111.1892011419782,109.3856749886103,110.50722363075982,2090781.2414678824,231046430.21388894
2022-12-29,110.36534704620495,113.02672538231948,109.76094706130009,111.03692838563795,1265439.6093823754,140510527.28334048
2022-12-30,110.99901402650531,111.84308465568888,109.89256065911182,111.0455630994417,1212329.1250391689,134623770.35182798
2023-01-02,111.1253641446812,114.50731801743777,109.9542976328089,111.11565677110433,2091412.7214968828,232388698.12856883
2023-01-03,111.14503787833318,112.03985160739064,110.29429894001053,111.73361550375387,1776853.6624044792,198534283.92153895
2023-01-04,111.57395202982245,114.48397876291456,111.48404712977043,111.59737838789738,691841.0025525211,77207642.14611597
2023-01-05,111.6749068005656,113.28165672196353,107.60744097474894,108.39730280665849,1929893.8075183255,209195283.43825904
2023-01-06,108.62551484736129,109.79626144481003,106.3170363890321,109.04761967979604,3465208.630174018,377872752.8143633
2023-01-09,109.00955372623446,110.82725292232645,106.30971203198271,107.29115691632694,5074367.057775782,544434712.2468617
2023-01-10,107.38816886356382,108.04938316130252,104.15213225745872,106.58716880033312,3079382.8544331137,328222700.10631394
2023-01-11,106.63198400931084,107.89266918439925,101.08963569114128,105.8091961045086,4768624.559560732,504564331.1713374
2023-01-12,105.72372753955705,106.89703866190824,104.60470989366358,105.19246875980797,2298485.524982864,241783366.78163072
2023-01-13,105.30220636660177,106.60308376829953,101.59739534237761,103.7697385877094,1188791.116908021,123360543.43693642
2023-01-16,103.77300430269784,105.5951270644031,100.07491315528296,102.22517415333965,1029468.4949356918,105237596.18017755
2023-01-17,102.04481044150701,106.70175208781467,98.73597769239002,102.22268340997832,2496046.1781818573,255152538.24897033
2023-01-18,102.34303003278252,103.39562972927904,98.9178218020297,102.38814811109978,3103903.7525042254,317802957.134001
2023-01-19,102.10105310518061,104.64061641214381,100.25942930641021,103.08719841802458,3132136.378976345,322883164.3718475
2023-01-20,103.48274161095729,105.0510574759967,99.22952342195855,100.67051062440284,6303399.558598109,634566452.2337071
2023-01-23,100.23022461172697,100.927507198571,97.94738491266466,100.23596901080496,3832919.5323421457,384196403.46475637
2023-01-24,100.10544866278018,103.8486976267445,97.1377591934577,101.77167020653988,4041816.3226479576,411342397.8239377
2023-01-25,101.44330118614366,103.57271155482402,97.81579439974263,101.28054185974469,5064552.426030851,512940613.98548913
2023-01-26,101.37036570953018,102.26447096535405,94.86298328601738,100.33025918014391,4557815.839415508,457286844.46392316
2023-01-27,100.52618304298834,108.54823457392617,98.77863895922609,103.72674347878326,4648330.756120891,482156211.94469035
2023-01-30,103.4843738709551,109.54915397598887,99.13328521439077,100.99782438395619,3505918.841558498,354090175.46412826
2023-01-31,101.06064492204509,102.71917156721037,94.17006471811715,99.68595965911494,5972637.014563434,595388052.4923072
2023-02-01,99.47731039802312,101.46665369320871,98.08239064131136,98.17131057890613,4798061.787336817,471032013.9014241
2023-02-02,97.83601369088282,98.74402908073195,97.28687986605337,97.52199974787229,4148314.1772946166,404551894.1522206
2023-02-03,97.53305020159725,104.59057718656396,96.31968743232132,104.1519813433899,6697560.997443604,697564248.0519621
2023-02-06,104.34515709012761,106.23053851349431,94.9245566295996,102.33805061539127,4015089.205027523,410896402.28941774
2023-02-07,102.33356455928771,103.24944633596729,101.28339854538909,101.99908695291509,4302699.628051167,438871433.49386644
2023-02-08,101.99841908558395,105.53961925692859,100.03449550711325,101.26946670155579,3302963.5797161604,334489360.2525172
2023-02-09,101.39411516702359,102.66896708536451,99.66430496851423,100.30520594627635,3464540.8923310293,347511487.7145599
2023-02-10,100.34329806963409,104.36628359656542,100.18232850008773,101.55255401619428,3254264.2873398745,330478849.8230546
2023-02-13,101.63616497733548,103.28860146344061,100.71492940097166,101.2335775115547,1831889.5844249309,185448736.23749095
2023-02-14,101.32187282226528,103.06400404474863,100.96222011928558,102.43817471943987,2076742.2379275847,212737684.21606648
2023-02-15,102.49424818684946,105.9229993361136,102.15939957601763,104.23471085845277,2973096.8707078933,309899892.672408
2023-02-16,104.30588029692449,106.71305806148446,102.018280415201,103.62469699414414,2242869.843325517,232416707.91191027
2023-02-17,103.69717882578942,105.91579732715864,103.6009210268214,105.19003254617402,1544803.400894119,162497920.01749268
2023-02-20,105.17777045942066,106.3860915472489,101.53295267323443,103.79591718057813,2821516.3442239845,292861876.78872025
2023-02-21,103.76212473447077,107.58012837959163,98.09332413293187,104.31776803790281,3048593.361783435,318022455.1564147
2023-02-22,104.25370646987757,108.5220797541256,100.59765137730183,105.41913529703824,2091604.5059568987,220495138.40136513
2023-02-23,105.51388660259973,109.47322098593185,103.4888395182029,104.30511377678246,2145638.6615535966,223801084.71721113
2023-02-24,104.25597073511985,108.154718039468,101.34221655129924,104.31106678752045,1874994.5147790215,195582678.057349
2023-02-27,104.41190142740231,105.30381494806163,103.70718593685851,104.8057483891605,1166855.9372026108,122293209.76085488
2023-02-28,104.92965903158206,105.86625650328665,103.82085089902174,105.39495564364212,1307142.6255637468,137766239.041205
2023-03-01,105.40062748073929,107.16549638165985,101.12936432568237,105.7188363086802,1303867.0642684447,137843308.7356751
2023-03-02,105.72206363882427,107.08738429750983,105.2061675105905,106.65954461734306,10000.0,1066595.4461734307
2023-03-03,106.73948471168573,107.10745262991824,106.22550825204878,106.55241717889608,10000.0,1065524.1717889607
2023-03-06,106.56636461036241,107.74867901659944,106.13649346702573,106.98071416716239,10000.0,1069807.1416716238
2023-03-07,107.06052847012523,107.96470007582461,106.34977889270617,107.75526020931261,10000.0,1077552.6020931262
2023-03-08,107.70700112201894,107.81433655538633,107.2200094728513,107.39623833467864,10000.0,1073962.3833467865
2023-03-09,107.33671339678999,107.553887862335,106.88080406516642,107.15451637322514,10000.0,1071545.1637322514
2023-03-10,107.16776898716031,108.41470358961816,105.63358469500656,106.6975025731584,10000.0,1066975.025731584
2023-03-13,106.710716802116,107.77177052518098,106.56035726769632,106.95827943279932,10000.0,1069582.7943279932
2023-03-14,106.94796477655944,107.77042586149115,106.5857023987639,107.58304419140556,10000.0,1075830.4419140557
2023-03-15,107.53193338331012,108.48354248321681,106.71300794746416,106.87519941285643,10000.0,1068751.9941285644
2023-03-16,106.87889495248635,107.52515445817276,106.4753591232324,106.54572861879652,10000.0,1065457.2861879652
2023-03-17,106.53515276544466,106.612825232201,105.12274832711697,106.30447837121473,10000.0,1063044.7837121473
2023-03-20,106.33991250850701,108.06316286824251,106.07582862080174,107.48534778536363,10000.0,1074853.4778536363
2023-03-21,107.50381067838741,107.64029616109902,106.90119314038199,107.25598558840237,10000.0,1072559.8558840237
2023-03-22,107.21721654509076,107.51782086313294,106.38253495346513,107.46453784827517,141627.09461708105,15219890.269818556
2023-03-23,107.45125221028451,107.55769208249707,106.82820140594215,106.85914926851696,10000.0,1068591.4926851697
2023-03-24,106.90036845625954,107.45538570645624,105.82808360509551,107.23368015751483,10000.0,1072336.8015751482
2023-03-27,107.22911750740587,108.34456890558356,105.17870157018385,106.74978261376229,10000.0,1067497.8261376228
2023-03-28,106.72977170445081,106.76479934811228,106.3422787049158,106.70711950743528,10000.0,1067071.195074353
2023-03-29,106.69798106388765,106.80093307926745,106.1673138617737,106.39127164519904,10000.0,1063912.7164519904
2023-03-30,106.43889114167322,106.81948568344602,106.19395891821725,106.35612854975969,10000.0,1063561.285497597
2023-03-31,106.38609405509997,106.44945254628205,105.62677950189696,106.31677599778845,10000.0,1063167.7599778846
2023-04-03,106.32477007478981,106.4917125742027,106.25196325113777,106.32881684979974,10000.0,1063288.1684979973
2023-04-04,106.34071115184928,106.35534794000398,106.16932865061882,106.34249062526257,10000.0,1063424.9062526256
2023-04-05,106.35109987947571,106.75770470300787,105.93618538073837,106.6021701130134,10000.0,1066021.701130134
2023-04-06,106.6084243444073,106.81556690493395,106.17426594621712,106.46006460877896,10000.0,1064600.6460877897
2023-04-07,106.43495710114155,106.76102792936938,106.35585111672093,106.6092697653223,10000.0,1066092.697653223
2023-04-10,106.63840651721048,106.80845669083966,106.44889881846132,106.62493528665628,10000.0,1066249.3528665628
2023-04-11,106.62286653382336,106.78768206511168,106.23157967049593,106.57803524178723,10000.0,1065780.3524178723
2023-04-12,106.58394846414818,106.85375190581001,106.30125013730728,106.59521088495325,10000.0,1065952.1088495324
2023-04-13,106.60336493221911,106.67212309233828,106.56897406986694,106.60585622372245,10000.0,1066058.5622372245
2023-04-14,106.59576566409369,106.7686856560372,106.45598387616664,106.69256195612658,10000.0,1066925.619561266
2023-04-17,106.67487677844342,107.05739710177484,106.3537012206663,106.77264593964533,10000.0,1067726.4593964533
2023-04-18,106.78077033975975,106.94615994349599,106.59696959159018,106.82532369745492,10000.0,1068253.2369745492
2023-04-19,106.82991740109367,107.0335868928327,106.52912098984022,106.83221156206197,10000.0,1068322.1156206196
2023-04-20,106.84095502727648,106.84172338984027,106.37400141182646,106.60399823387834,10000.0,1066039.9823387833
2023-04-21,106.62520303471993,106.69877827283041,106.56346943302319,106.6958055613501,10000.0,1066958.055613501
2023-04-24,106.6830465558149,106.98279489477709,106.63962550285396,106.81821869723002,10000.0,1068182.1869723003
2023-04-25,106.80967358498921,107.12081055660038,106.67671639230119,106.84308689533187,10000.0,1068430.8689533186
2023-04-26,106.84822652671374,107.04219224198668,106.75352903023325,106.85886932417155,10000.0,1068588.6932417154
2023-04-27,106.87336870872474,106.87474155585339,106.63968843952577,106.72850219286542,10000.0,1067285.0219286543
2023-04-28,106.7449682124397,106.79426643836592,106.48150833647298,106.74623116008502,10000.0,1067462.3116008502
2023-05-01,106.7364098928521,107.29275599799428,106.58189756044591,106.83874750305804,10000.0,1068387.4750305805
2023-05-02,106.83564238145236,107.08373693629433,106.42646420059413,106.65139530215353,10000.0,1066513.9530215354
2023-05-03,106.64536467791454,106.64546539513071,106.48497243656743,106.57839989524334,10000.0,1065783.9989524335
2023-05-04,106.56768189772077,106.79704625105981,106.20334880438274,106.50020703722443,10000.0,1065002.0703722443
2023-05-05,106.5057982925646,106.84734711784532,106.33285096353892,106.6497206264177,10000.0,1066497.206264177
2023-05-08,106.63427213845706,106.70751807210885,106.49951568186455,106.57897576953079,10000.0,1065789.757695308
2023-05-09,106.58725503805444,106.61951874924736,106.29993339368917,106.33808591397963,10000.0,1063380.8591397963
2023-05-10,106.3281461535627,106.55196893797572,106.17594446714627,106.3538189329344,10000.0,1063538.189329344
2023-05-11,106.38082053247608,106.71854798093933,106.28817769453818,106.53613755244096,10000.0,1065361.3755244096
2023-05-12,106.52842440749646,106.67596416592602,106.38801019443387,106.50268330297574,10000.0,1065026.8330297575
2023-05-15,106.52027592326293,106.71504540391162,105.86933302768388,106.41912497678368,10000.0,1064191.2497678369
2023-05-16,106.43558057391043,106.4928043548426,106.41461178442835,106.44495759990755,10000.0,1064449.5759990755
2023-05-17,106.43873760840489,106.88087029771361,105.97595747481326,106.71743467673214,10000.0,1067174.3467673215
2023-05-18,106.72461552353751,106.74645702925045,106.5738339671798,106.66912403443985,10000.0,1066691.2403443984
2023-05-19,106.67610085194872,106.82139418736497,106.4335057544156,106.61694985467673,10000.0,1066169.4985467673
2023-05-22,106.60720857643891,106.84241606854377,106.44762697490576,106.66784363822612,10000.0,1066678.436382261
2023-05-23,106.66505955352858,106.74565847399288,106.45288866807859,106.51638939567742,10000.0,1065163.8939567741
2023-05-24,106.5776498521204,107.45258842836822,105.41901393040204,106.0536338869453,10000.0,1060536.3388694532
2023-05-25,106.06454806818117,106.43694662500229,105.94812148097137,106.1008158789885,10000.0,1061008.158789885
2023-05-26,106.12184770982633,106.2444582302962,105.14194301280993,106.00912384608705,10000.0,1060091.2384608705
2023-05-29,105.95160454101833,106.1832115951994,105.81464779404816,106.15452446305427,10000.0,1061545.2446305428
2023-05-30,106.06716917181551,107.81377707568211,105.27376265849128,106.24491438386359,10000.0,1062449.1438386359
2023-05-31,106.26826273864529,106.84772203808491,105.93144456639328,106.49594813143153,10000.0,1064959.4813143152
2023-06-01,106.48403793356216,106.80309702495752,105.99592456062918,106.09958980031564,10000.0,1060995.8980031563
2023-06-02,106.02760458942852,107.44092975940404,105.96107898511633,106.30822438961485,10000.0,1063082.2438961484
2023-06-05,106.25758695631808,106.52432828586437,103.69190995755818,105.7828514785292,221602.9827329475,23441795.409638457
2023-06-06,105.74005378323135,106.87959299974499,105.6971127506346,106.05178312978953,211555.18995475536,22435805.125063144
2023-06-07,105.96056927302328,106.40245283282583,105.67089141819443,105.87552439045749,10000.0,1058755.2439045748
2023-06-08,105.9297526796119,108.25124397314873,105.15420141788168,107.08984009502187,426999.5345061312,45727311.87091036
2023-06-09,106.9523941346812,107.82576563169316,106.40072731372493,106.51587837700565,379514.6243955006,40424333.57440612
2023-06-12,106.64171378071914,106.7852992000981,104.53861919391818,105.1208946674725,207135.33662892826,21774251.903681025
2023-06-13,105.01918336270762,105.5500697115705,103.69328994838465,105.25215123925871,10000.0,1052521.512392587
2023-06-14,105.20544134561601,106.44561532460007,104.15311357427015,105.0502894784962,28267.915851300102,2969552.743132847
2023-06-15,105.0955712352992,105.15153993379607,103.88691592137498,104.4930991717776,319274.80467884545,33362013.82835652
2023-06-16,104.50982034481528,105.57973221514516,103.57883565608469,104.72524339971734,492223.23007608973,51548197.57671357
2023-06-19,104.79322759885872,106.67275498729326,103.8974064806921,105.94833562912598,550401.501223299,58314122.98238087
2023-06-20,105.90207008265058,106.5603951059565,105.52920647042644,105.87311160357571,322369.2914195711,34130239.96802987
2023-06-21,105.67849742523306,105.73191590139139,104.57961932276217,105.24949643338215,1403694.8567470363,147738176.81875408
2023-06-22,105.38508608530609,110.02557088831132,105.19559131401387,107.37365446661462,2815871.7531476263,302350440.6447736
2023-06-23,107.2719908480232,111.183826877681,105.59294808073841,108.87885452540462,1929629.8905359711,210095892.13953844
2023-06-26,108.91234888604272,110.14600188644616,107.23112539699787,108.82792534140438,1384510.4102406339,150673395.56006485
2023-06-27,108.98970433635861,109.81546805109899,107.4709204058309,108.13344071862315,1690127.8435885909,182759338.98158127
2023-06-28,108.26956462862408,108.68082798173411,107.89884921324767,108.637190282028,508680.0828822604,55261574.956757896
2023-06-29,108.45735168649351,108.82211424241771,107.90221157903119,107.97154504685125,825721.2499232024,89154399.13222536
2023-06-30,108.01805909275674,109.2019954867837,105.09134635983924,107.33413180574499,935455.5854418065,100406313.1062312
2023-07-03,107.18912969355763,108.2969750863462,104.99660157488165,106.49277071684998,1739802.4360949004,185276381.91967127
2023-07-04,106.38133619341914,109.25606207731975,105.40738995927113,107.3101195833893,3693345.8460806888,396333384.4057328
2023-07-05,107.06658075343066,111.23778437618526,106.40664164232223,110.91202394751743,7674649.235412974,851210879.7869201
2023-07-06,111.32723969768432,118.44071077661299,108.63267183743594,110.92080828066521,6718492.768415242,745220648.3004228
2023-07-07,110.97046891638145,116.87669150579103,110.59639915410982,114.88872197236273,6678210.326911636,767251049.5215125
2023-07-10,114.62941278054535,122.90431308048348,106.36483930500032,108.95562956780786,8701315.625720909,948057322.0686256
2023-07-11,109.29661823427676,112.68354324641935,108.41972018574036,108.7663640299367,12840865.134710276,1396654211.70122
2023-07-12,108.53834442418938,108.96302425647573,100.94995436757678,104.57680568849386,7374294.475264035,771180160.4294208
2023-07-13,104.84471036398361,111.50423666307137,103.80305276117062,106.34101219044021,4109693.5857579745,437028975.7020627
2023-07-14,106.24927546058636,109.62273492592651,104.01265690788657,108.63900022579483,5217517.104910412,566825841.9384506
2023-07-17,108.7064230641165,109.85103344858578,102.74009193269737,106.44468786703183,1879887.6861087782,200104057.9729256
2023-07-18,106.56420943959407,108.87074816022582,105.05129199911806,105.73924128933795,1114899.3093346672,117888607.0830546
2023-07-19,105.59704214278166,106.73830417114353,104.38667987205338,105.81527911516882,2388326.566785439,252721442.28257412
2023-07-20,105.90581337366446,106.45397091535165,103.07448965148652,104.25570066461478,1749945.2515650666,182441768.3266316
2023-07-21,104.33360001349382,104.85118858114737,101.76908986578182,103.12921415218777,2857716.454766127,294714052.2498067
2023-07-24,103.18377869913274,104.4794058942001,101.69161047439107,102.09765151318828,2003103.6801272908,204512181.4784211
2023-07-25,101.95826426086418,103.1727105979944,99.68365392961003,102.25769527383247,4011447.3494432555,410201360.6663914
2023-07-26,102.31540875265343,105.75041974958255,97.91070463359209,101.10882366985533,3479209.281913106,351778757.7954762
2023-07-27,101.01009501163506,103.3791463012832,98.70736899207515,98.92107617272372,5335196.116507227,527763341.4374311
2023-07-28,99.0033176059183,100.0207339792315,96.12433944061006,97.97751639300284,2607173.5609978503,255444390.3120705
2023-07-31,97.71250710867479,99.38151427150439,97.68868913185841,97.9342185464062,2561748.357959477,250882823.54930067
2023-08-01,97.93508651199214,101.18731374392125,95.14106397930814,98.15311520372875,2195182.629928738,215464013.56861967
2023-08-02,98.04385526101541,98.95528630280594,94.56673613175758,97.91892378376892,3444051.6221513217,337237828.296801
2023-08-03,97.70628851492005,105.67064806725772,94.6187459778553,100.24266185335013,6736874.217932829,675322204.1767931
2023-08-04,100.52085403022187,101.15467468567046,98.11701497755749,99.44703643992128,6033179.316573181,599981803.3438325
2023-08-07,99.26482461391737,104.20644718812653,98.89618133000081,99.59939199082903,3829074.083832867,381373450.6375943
2023-08-08,99.52288667980572,102.17649655382118,99.46175394602628,100.69092128504464,4051984.7589964364,407998078.4163107
2023-08-09,100.82276826507581,101.74887849664884,98.07714420726906,99.90282257239797,6716827.451277654,671030021.1144035
2023-08-10,99.75188443684249,103.24422309851205,96.85526837475196,102.224097735023,3465340.0878663594,354241263.8271439
2023-08-11,102.42171813493138,107.62715160864475,100.23448921945946,103.36729400800033,4259332.9064337835,440275716.81729144
2023-08-14,103.24669432967663,105.69020381670134,102.05307264343999,104.37294408085312,2842453.7603617758,296675267.3826503
2023-08-15,104.26894450523623,106.41508509132309,102.59203551334697,103.29338633635928,1734048.9434883776,179115787.44590062
2023-08-16,103.23174289645236,105.03984821679579,100.98294867142923,102.98787424377629,2488382.605723638,256273234.8686664
2023-08-17,102.95453772783274,104.9009625429159,101.2381676929475,103.55764071896168,1505324.3849247266,155887841.81952682
2023-08-18,103.83412913528619,108.45876901360815,103.73933099845348,105.11515825272451,3798033.694385354,399230912.8344964
2023-08-21,105.32346006979893,106.52703526592596,102.45610531986773,103.7266725523214,4211304.969734535,436824651.6136179
2023-08-22,103.6975514703074,105.13053537692858,100.81399883748077,103.00896649155004,2336346.9079616186,240664680.3548549
2023-08-23,103.0901599713779,104.04014299867707,101.85597727466657,101.92486139365764,1061323.601878239,108175261.015257
2023-08-24,101.85287782919752,102.01191448434493,99.40910332570964,100.65185078224354,1128793.483955513,113615153.31105912
2023-08-25,100.69029000845879,101.66122199282758,99.98750109779041,101.49501768633809,517385.33741405717,52512033.97149173
2023-08-28,101.49148762038577,103.0479691420959,101.33844045508795,101.53106503343787,794764.8128847491,80693317.90328954
2023-08-29,101.47621766554569,103.51678176314964,99.77446778023565,102.14102921050853,1910087.579009779,195098311.20226738
2023-08-30,102.31870182267488,103.73589670234992,100.57873305427293,103.46688149834526,2162550.3795940643,223752343.8596606
2023-08-31,103.52937939047779,105.56840626527475,101.4207527006908,103.3953821838991,1920321.1693285306,198552341.21855545
2023-09-01,103.43885365734486,103.53293765090494,102.26353451427362,103.49827136794936,1895390.039732312,196169592.68032315
2023-09-04,103.23154565244037,109.21536937707656,98.55588816717227,101.61705381331163,5324551.344950835,541065220.5516099
2023-09-05,101.5948772529938,103.96066428096445,99.17075163566341,100.67465884557414,3833809.023269588,385967415.4967496
2023-09-06,100.76701207669305,105.03032691897954,97.37507395065035,101.7392279367675,8526257.050584404,867454809.5168777
2023-09-07,100.87536217810919,110.97436441938451,99.83256879366309,107.35612989284189,16693582.969272595,1792158461.626162
2023-09-08,107.70174454379759,119.93249387618144,103.79295861761575,110.8506485706716,9861322.391596155,1093133982.87292
2023-09-11,110.80612313762668,115.26018417298819,107.86214837657528,107.89320528708876,11423049.228253359,1232469395.3884604
2023-09-12,107.94133846929053,121.43867640965613,82.32706979966183,103.57078866419019,16202270.792325987,1678081964.1119761
2023-09-13,103.15931503357784,116.96038704311538,99.7157790962676,106.3234198800457,14395688.545944847,1530598837.7328587
2023-09-14,105.48676669804938,114.55433066319269,99.6775129468734,108.2367471203219,16288635.468711708,1763028918.162055
2023-09-15,108.03449586674232,115.79268208674252,106.75264304416427,110.90161046056375,12969109.58670438,1438295139.4050522
2023-09-18,110.76113835956502,126.04540301919907,88.77668021989447,111.6209321987355,13862780.839561118,1547376520.1785812
2023-09-19,111.53966082882975,118.38057716555056,109.72739524372719,116.6222362382688,10490071.336559637,1223375577.56855
2023-09-20,117.4927930178984,119.01295039684885,114.93798496556698,117.30493825404002,13226616.65774364,1551547450.346475
2023-09-21,117.21238719467496,124.292670925978,114.18386965820734,121.96034616996725,11447966.191916514,1396197919.7082198
2023-09-22,122.99284623939046,125.33010148537866,115.78600521919437,124.10668994060607,18150484.983670156,2252596612.1399784
2023-09-25,123.90739938433781,128.92401387936928,119.22995168163875,123.53017750837883,9180017.180103954,1134009151.7882087
2023-09-26,124.32149786647282,140.7073626156728,109.51162494966526,114.72605711792659,16856761.64420446,1933909799.216275
2023-09-27,114.28021557720339,124.26819656121901,93.45891984008215,116.97348158280943,28474682.66036083,3330782767.7480607
2023-09-28,116.79970107764667,124.57706225218024,114.32970365378691,122.04107921031542,20671377.086576175,2522757168.409142
2023-09-29,123.14470267509957,152.58227254174375,122.12569852885318,122.63568166365404,18439571.915865812,2261349471.488175
