Date,Open,High,Low,Close,Volume,Turnover
2018-01-01,100.0,105.32605453805678,99.0675768608211,101.64611655290419,1094878.4590337386,111290143.45820753
2018-01-02,101.9401960907758,105.45073672603878,94.2878850863175,99.96824976618501,3019689.102620152,301873034.42695844
2018-01-03,99.72648745856785,100.24283007015255,97.55868117697321,98.56530452675241,770201.9767387519,75915192.38436176
2018-01-04,98.41835477583727,104.1936419673664,95.80219632819698,100.80292504025523,1332761.6117631348,134346268.84708902
2018-01-05,100.9576124545183,101.65575762651947,99.20399969889941,100.29873964350797,1110058.4583831325,111337464.30644363
2018-01-08,100.39202660480557,104.75523340110757,96.3930612479047,99.16142249777951,892616.3425265956,88513106.26970242
2018-01-09,99.184503616866,103.84826821075588,97.66064029826585,101.21521542704959,1045180.4001213739,105788159.35841474
2018-01-10,101.21126438257751,107.69159803592184,101.12106419377784,102.12512460902028,10000.0,1021251.2460902027
2018-01-11,102.09772381622638,102.45366386784639,98.53186994905381,99.00322522202583,10000.0,990032.2522202583
2018-01-12,98.95409115420644,100.73164957782525,96.67466331719109,98.62675542916182,10000.0,986267.5542916182
2018-01-15,98.34218875404245,102.92667842145342,89.60681529537982,100.76173744023842,1908856.0163073714,192339648.72638282
2018-01-16,100.93582168817666,104.94205077298872,82.35264219806355,103.29779560678918,2502573.3415770247,258510309.5292229
2018-01-17,102.47186727807964,107.00382347021912,101.78032630089257,101.89822408296176,2051710.4107008076,209065647.1829364
2018-01-18,101.6893126195209,111.00032393695588,100.06843033655188,106.23305378762495,1994931.7617235465,211927693.14581892
2018-01-19,106.54486766647479,107.98133054023496,98.90254928557003,104.35269083864031,1644262.7121322765,171583238.45664367
2018-01-22,104.19064760832586,107.2450451421683,103.83681850839467,103.9427028091451,766247.9675337712,79645884.76747425
2018-01-23,103.70794259054311,104.81270439154386,103.66901516607584,104.21485507567078,856803.9507870254,89291699.55953202
2018-01-24,104.64857679165115,110.26558251682046,101.88256758228309,104.24648542241528,1834732.4812520177,191264412.86087027
2018-01-25,104.4785191367549,106.53094718903829,103.9435253367659,106.07841965351332,1927492.0931513014,204465315.13613254
2018-01-26,106.02294045032522,113.66534159163747,104.47911284339357,109.22348099398643,1996484.3402532972,218062969.39244753
2018-01-29,109.03188937776942,110.30908212276336,105.23694558039703,109.15427225169098,1999543.5056021821,218258716.18960118
2018-01-30,109.06947706149873,116.68285765505085,107.72189983731712,113.59862962944176,2264552.429942045,257250052.7654387
2018-01-31,113.40756581014976,118.43122533797231,100.71877281883732,110.46823778219816,4625788.225704766,511002673.6472466
2018-02-01,110.31569890019192,111.43875674045485,103.94593616204638,109.4712736103606,5352197.624721125,585911890.5925684
2018-02-02,109.10927516916199,117.63502653566267,106.88395686185507,117.55781457351573,4545777.64235742,534391685.1726871
2018-02-05,117.79459492162938,124.17271285414435,116.77276432197624,118.10966473899222,5214794.113347741,615917584.4103719
2018-02-06,117.79078897848214,134.5133694318473,111.07806675390648,123.84325333579014,4130067.928538431,511481048.7680069
2018-02-07,122.20092458258976,132.9810608607078,119.37870678032506,120.45039922335982,7913651.867534614,953202526.7592313
2018-02-08,119.44177216284115,139.3275807535416,112.663794130341,118.73547291791446,7552076.453989306,896699369.2766668
2018-02-09,118.70587047970407,119.73154293537287,113.24305761925028,118.23798767758997,7004614.426472229,828211514.2434924
2018-02-12,117.38010027807424,134.38751509829856,117.25916735916476,119.78762175128065,10771444.242241919,1290285688.6046848
2018-02-13,118.25047715455037,127.1162008316158,112.15227293988711,117.99200122433476,6555445.248078684,773490103.7373596
2018-02-14,118.76034390525315,119.49705736930113,115.92711999003564,118.2266829607592,4242599.449501311,501588460.0456831
2018-02-15,118.5075399334399,133.34195282910252,112.67249180781096,122.56584894877317,7118893.856433549,872533269.0899837
2018-02-16,122.18593002228532,133.98162010656202,113.22213594587109,131.35523608960702,7947954.343312981,1044005419.195294
2018-02-19,130.9313519542621,144.58201672581063,118.75211919431541,132.33957291726225,5002994.933818748,662094212.8487998
2018-02-20,132.705747939607,156.55221894286808,126.3916285275118,137.7308907150551,5826168.289959623,802443348.0319482
2018-02-21,138.23139963152025,146.12292356795516,131.3144370216428,141.23383525075351,2192190.990631127,309611541.2089827
2018-02-22,140.89600080346048,148.60164907700843,129.28036603210643,136.38100310039206,3320038.7216919754,452790211.196495
2018-02-23,136.50455310259844,153.31168891954752,124.95453870564475,131.2117958544931,2607354.0133226835,342115602.5164892
2018-02-26,131.06067799249118,137.35016607565834,130.55902178769662,134.72572487102764,518319.5172555289,69830972.67705224
2018-02-27,134.78811797642902,145.10921077680564,132.48186562809886,137.8892893945034,1043872.7142809979,143938866.79051828
2018-02-28,137.53949412967305,141.773909231572,136.78878494958389,138.14252253687062,1524837.9155839037,210644956.1186242
2018-03-01,137.6639905822144,141.8089629698795,132.95303218245735,139.0771272077328,742510.0659716281,103266166.89815818
2018-03-02,139.08034007432948,143.20406476077966,136.7895887226558,137.4384715298492,232701.84707887087,31982186.184692718
2018-03-05,137.4133839633048,138.941218852564,131.9835951077177,135.04588010412087,202880.00679433628,27398109.073071163
2018-03-06,135.16168726498884,136.67544482013187,134.88013355993544,135.64340139525868,143242.28115359135,19429870.23928909
2018-03-07,135.45986698500025,136.18695444475884,128.9038510191055,132.2233805439983,1146096.4890470356,151540752.21140656
2018-03-08,132.5823783134759,135.42153035751602,130.91933097450055,134.7555893602888,1651376.494960986,222532212.83419567
2018-03-09,134.76217784385585,137.4886889836375,132.3079835332701,133.06369682514435,1491191.3532328038,198423434.13484654
2018-03-12,133.54813086473246,138.31984798368117,128.36481969401643,134.09021267803226,2209054.203080015,296212547.9083002
2018-03-13,133.97340571183938,142.65715756783538,129.99137800049297,139.55263390550905,1613890.9953271775,225222739.23429123
2018-03-14,139.85564549884845,145.11281298864893,137.22826904699645,143.4971564020482,317765.133829593,45598393.10826289
2018-03-15,143.4658934366757,153.8200322164887,140.74737274460605,142.96819027317503,747121.9412794953,106814671.85811077
2018-03-16,142.98496715596224,146.70956584478068,142.28263616941058,145.51587727872246,800098.5887447604,116427048.05066158
2018-03-19,145.6990051711609,148.67405774028717,143.06254198533898,143.56094837517753,310983.95189481333,44645151.06347999
2018-03-20,143.28861100078146,144.40883032620485,142.52004860063417,142.7747373630812,10000.0,1427747.373630812
2018-03-21,142.61506718649525,143.49063830283643,138.5133341361846,143.3170966574766,10000.0,1433170.9665747662
2018-03-22,143.43596414262805,145.20425298819282,142.80131329233052,144.23821014564749,10000.0,1442382.1014564747
2018-03-23,144.11948921268313,144.22418762199942,143.4648102801654,143.8455492958162,10000.0,1438455.492958162
2018-03-26,143.80150030654687,145.15468708923055,142.32390217593613,144.2711394942934,10000.0,1442711.3949429342
2018-03-27,144.29298534497514,145.23855795085888,144.1762279837432,144.32937857938563,10000.0,1443293.7857938563
2018-03-28,144.38944624668562,144.67593543566966,143.41478614086012,143.81832038177018,10000.0,1438183.2038177017
2018-03-29,143.79514662739302,144.062239355826,143.67093317338873,143.7776116530503,10000.0,1437776.116530503
2018-03-30,143.78005621445226,145.09026155465403,143.05357317832932,144.3693111127576,10000.0,1443693.111127576
2018-04-02,144.32091800948146,145.99139226962834,143.81046907426395,144.344447258844,10000.0,1443444.4725884402
2018-04-03,144.32619310047673,144.66430815560523,144.32485357211283,144.55028209622643,10000.0,1445502.8209622642
2018-04-04,144.58899051536426,145.46765984094293,144.10543034101207,144.88354408944318,10000.0,1448835.4408944317
2018-04-05,144.8940916983444,145.53460807821673,144.1497517057663,144.60764252247222,10000.0,1446076.4252247221
2018-04-06,144.60371790191425,145.2512422484306,144.07981402171637,145.09778881576537,10000.0,1450977.8881576536
2018-04-09,145.1124317833212,146.2505574478841,144.85461085420928,145.6961357718431,10000.0,1456961.357718431
2018-04-10,145.69917219279307,146.9432374277012,145.25836368266192,146.3339425388233,10000.0,1463339.425388233
2018-04-11,146.33834146754774,148.39341355817092,145.5215998919484,146.86216142714258,10000.0,1468621.6142714259
2018-04-12,146.84517282868313,146.96168769219756,145.41842548565143,146.68901117331893,10000.0,1466890.1117331893
2018-04-13,146.6464327626946,147.04250732971434,146.1189397951019,146.4682094902567,10000.0,1464682.0949025669
2018-04-16,146.4934489402377,146.76341202676002,145.64530807939983,146.1690587794871,10000.0,1461690.587794871
2018-04-17,146.11961725184665,146.82848647310794,145.7043694428554,145.82255530083194,10000.0,1458225.5530083193
2018-04-18,145.86174465744827,146.52856585677384,143.65686552039045,145.52044214570458,10000.0,1455204.4214570457
2018-04-19,145.60463646791905,146.71032597359687,145.35446669698104,145.91873437366982,10000.0,1459187.3437366982
2018-04-20,145.97825478881234,146.82229852901494,145.8735396937911,146.5033769016892,10000.0,1465033.769016892
2018-04-23,146.59600298991043,147.31106096991044,145.82978656259664,146.26016105181233,10000.0,1462601.6105181233
2018-04-24,146.19986794881495,147.3648500739545,145.98335459387437,146.70343721413607,10000.0,1467034.3721413608
2018-04-25,146.71837203602453,147.01961789924067,144.46361246507152,145.77669165402025,10000.0,1457766.9165402025
2018-04-26,145.68383168145274,146.352443820161,144.9976967194013,145.46620941448367,10000.0,1454662.0941448368
2018-04-27,145.3431742490206,145.38752084778127,143.93624222324297,144.005657450218,10000.0,1440056.5745021799
2018-04-30,143.6837707788114,144.43354382709074,136.86887445428732,141.20286707231298,39025.6251768227,5510530.1642568065
2018-05-01,140.99704183085674,142.35532749532186,139.194622834379,141.31848290912203,10000.0,1413184.8290912202
2018-05-02,141.43611046088083,141.60881804332783,140.85966134638304,141.45376544319706,10000.0,1414537.6544319706
2018-05-03,141.53914896744072,142.07043079508495,135.9360795160179,140.9663357464359,10000.0,1409663.357464359
2018-05-04,141.20145677542288,142.04214383434643,138.79623724011427,139.98381049405612,230827.25591756034,32312078.849226758
2018-05-07,140.14619658391678,142.76653122556343,138.28604286940805,138.59644773749008,10000.0,1385964.4773749008
2018-05-08,138.7009799571907,140.1949101561684,138.336578046673,138.4388987904555,10000.0,1384388.9879045552
2018-05-09,138.3197722804315,138.79181783329346,135.04428466547188,137.63640779926453,10000.0,1376364.0779926453
2018-05-10,137.61234002296885,140.0840458687268,132.15036273333348,138.0445624606158,10000.0,1380445.624606158
2018-05-11,138.19258372110974,143.62725211687837,135.24949866697182,135.6510396396714,580971.8123631905,78809430.34841089
2018-05-14,135.84927550767753,138.6015365088784,134.7411660323561,136.02780649127075,10000.0,1360278.0649127075
2018-05-15,135.98162604098673,137.87486182396918,135.30061262615482,136.61507373765278,10000.0,1366150.7373765279
2018-05-16,136.54739508585754,138.93995671076289,136.17449862478355,138.21500553513883,10000.0,1382150.0553513882
2018-05-17,138.1229251846885,142.71088822499075,136.1821232869003,140.29657386697482,316080.44027519587,44345002.83697494
2018-05-18,140.71791464926204,147.08844687941905,139.73049746289763,140.81943246350494,1002143.3122086747,141121252.4723226
2018-05-21,140.9843847511743,144.02868979219747,137.9006686310257,138.8780255893341,1473656.5263859215,204658508.7813132
2018-05-22,138.7823325530123,142.09134487745163,125.26169293083635,133.89185571686266,997267.1564138872,133525950.2177341
2018-05-23,133.64495014682888,144.5085759230058,131.6867325212184,133.90009658653318,2116774.442170759,283436302.25856954
2018-05-24,134.03173725795403,141.88077925152112,131.49846648915246,138.24860073137722,1772319.5276780296,245020694.750383
2018-05-25,137.5514064167593,155.5216091311393,131.67009718847632,145.06317611234073,3558363.6436725673,516187531.9138241
2018-05-28,144.9765903990392,147.90651114029814,133.25657663334007,136.40756711951093,2211207.575866705,301625445.8202086
2018-05-29,136.19427671512904,140.97196565126885,133.1017432074219,133.7644410594354,2314656.8550919844,309618780.4657698
2018-05-30,133.5489777470397,135.9640702480921,132.44011060347805,132.5640997720924,3030651.6267607673,401755604.6243685
2018-05-31,132.64746284349135,136.28329233989734,127.85403673719057,128.36224485752783,2873588.482172785,368860268.3684347
2018-06-01,128.54449869359718,129.98284798712078,121.16146240726893,129.20248068662013,3735472.147054262,482632267.93518573
2018-06-04,131.81125450925003,139.88408843109553,128.55867767545885,129.58648616757827,6688222.891408236,866703303.2031537
2018-06-05,129.70749184925396,146.36652452711922,98.14969772560559,123.76959743554801,10750294.612156035,1330559636.4600933
2018-06-06,124.85771117507518,155.51911160523056,103.6576690502201,123.33485954000439,22295692.064906206,2749836049.172397
2018-06-07,122.64873134502199,132.75559804834293,101.71553778895345,110.90303490522837,7031251.08745483,779787084.779428
2018-06-08,109.7899465984178,112.02538887349381,99.05718942341952,104.78614295973247,8864853.893684648,928913847.4207805
2018-06-11,105.38883991351369,108.41344738704476,99.99622644205371,100.34539981909974,5011855.814066091,502916675.49814147
2018-06-12,101.45224821205316,134.97550542066057,100.47832960348792,105.40085196306373,7499177.286368898,790419675.0053382
2018-06-13,105.07990737441371,105.70377027343314,99.86349778888315,100.43742813667964,2397414.071956206,240790103.56596598
2018-06-14,100.41019259964054,103.4405929309085,94.66302317417662,99.60122497054947,4883172.377190205,486369950.5104945
2018-06-15,100.20132304474434,103.8382903840042,91.06706299341224,103.75922506592934,6771189.506847634,702573376.0050628
2018-06-18,103.79999600174325,104.04687181458213,100.91706155886912,103.57844552713695,3950237.4459339418,409159454.11292535
2018-06-19,102.86032020273998,109.32964967134055,98.5601645895935,105.9953031912787,2020374.245492608,214150180.71083993
2018-06-20,106.2557387010143,110.46334300332936,99.64315153531471,104.4097188453691,2263142.493708628,236294071.47512537
2018-06-21,104.3762035519012,107.10375991767386,102.05727507089185,105.52603383761856,2415744.0762571814,254923891.1341419
2018-06-22,105.75715001294526,110.26062096496425,103.52317357831429,108.32373298559634,3608193.8202431956,390853023.94430274
2018-06-25,107.81534232239666,162.17372906346134,107.69521892576762,120.59871168007976,6716137.653032755,809957548.4218247
2018-06-26,121.08525569899466,132.90279483721068,118.52296570205877,124.52639096625515,6244549.202435786,777611175.3905355
2018-06-27,125.21283814409746,143.7357354407159,103.52479050872903,133.94234557737246,6070437.454727342,813088631.366915
2018-06-28,133.4554610322889,148.14367287523086,122.63821588186543,134.0727066208297,6676713.74456799,895165083.0667255
2018-06-29,134.5858188905328,150.15054118784843,126.72814654886574,135.12760392464264,11592730.168748673,1566497850.6479263
2018-07-02,134.43498817838517,164.65141179995604,122.54468320073056,153.37176944579716,11460126.02969262,1757659807.2457952
2018-07-03,152.58631266964838,196.23560233104703,152.09360754427848,162.91777245518188,19164441.92964858,3122228189.525034
2018-07-04,161.89407629434282,226.4707065196181,156.1884446916808,179.6540121441585,9767154.173533192,1754708434.5058002
2018-07-05,179.1984818340648,199.72792110531793,150.7191306202072,187.4567347386804,5660129.709931476,1061029433.6211488
2018-07-06,186.89720065543727,213.21111180630035,165.61790354770093,205.8218334309929,3904442.081925003,803619427.8269271
2018-07-09,207.31065693658203,254.94442913723282,196.76486686172794,237.18061683139732,6170333.74475654,1463483563.636942
2018-07-10,236.85776338139317,247.3003677291263,189.77174707349687,225.23851031975676,7306287.449959795,1645657301.1968787
2018-07-11,223.90309204468048,255.7900533787472,171.00769109598437,248.2350825769843,7763584.552617049,1927194052.5122929
2018-07-12,249.70975193411664,257.19265117208016,227.72050684137426,252.936290265927,6375365.186771254,1612561219.4324598
2018-07-13,253.55877970567477,270.2277028115887,244.30757070082112,258.33636221950667,4168342.431652186,1076834420.2782383
2018-07-16,259.2017725765518,267.6040910479607,250.15290823610096,257.5219225374378,2566935.3928991263,661042137.4087762
2018-07-17,257.4930596112918,274.1690096872171,253.85210093294606,262.01725460481475,1700044.4410716605,445440977.1557733
2018-07-18,262.4932789569766,264.3304173455179,242.5944502743966,255.0541465959148,2467197.0128858066,629268828.6055796
2018-07-19,254.96780427384297,262.35881529285325,245.41371804273012,247.58945737854012,6115798.833176196,1514207314.542403
2018-07-20,246.76698010259167,263.03957784744466,240.8284488976709,241.30504668443643,3218169.080933498,776560440.3130677
2018-07-23,241.38942669558494,243.58511524005868,232.87087062956576,243.30998466232444,2757774.997166559,670994192.2627373
2018-07-24,243.3837407864583,253.3816117906679,243.0893294512839,247.40003316820523,1005068.2771131552,248653925.09410548
2018-07-25,247.4467881965866,253.87667373597418,245.800290161012,249.5802776816968,10000.0,2495802.776816968
2018-07-26,249.8529181974476,259.36564680498145,243.8969746284811,250.78937010513465,38737.07064160584,9714845.545926433
2018-07-27,250.17531886158451,254.70259955156322,246.68171346725393,248.8138257752447,409312.7778150373,101842678.18685214
2018-07-30,248.9174428452024,255.96089826198892,239.23550493549024,243.44809766172003,105208.48180236953,25612804.75266455
2018-07-31,243.2121947566703,246.84847304894507,239.66617215327986,244.7357770707871,33729.66110598236,8254854.821106898
2018-08-01,244.6649808676515,246.11596063209808,243.57528429597212,245.21071022104377,10000.0,2452107.102210438
2018-08-02,245.33274654792214,247.1632347679896,243.21210316053882,246.1751078573196,10000.0,2461751.078573196
2018-08-03,246.18997944766582,249.85351305404274,244.60616815434008,248.36442091196332,10000.0,2483644.2091196333
2018-08-06,248.285119785227,250.04160937397188,247.97346187178937,248.17904244043058,10000.0,2481790.424404306
2018-08-07,248.2700968706321,249.33119141141435,247.805257316342,247.98551844093768,10000.0,2479855.1844093767
2018-08-08,247.9838850854525,248.75931698163902,245.7377055830737,246.11390608780312,10000.0,2461139.060878031
2018-08-09,246.1803014839143,247.5055543572542,245.285114154972,246.50533589239473,10000.0,2465053.3589239474
2018-08-10,246.59237123823894,246.9729386743622,246.390069001444,246.49246919351674,10000.0,2464924.691935167
2018-08-13,246.47103799203583,247.05596111349456,244.95115980980106,246.02072679581818,10000.0,2460207.267958182
2018-08-14,245.94897894755778,247.80702366241917,245.3805489158636,246.29675589148823,10000.0,2462967.558914882
2018-08-15,246.30543176508982,247.75065858437327,245.46046465517966,245.62295259271502,10000.0,2456229.52592715
2018-08-16,245.6815647143411,246.74455028720695,242.20178370981762,245.28339588672105,10000.0,2452833.9588672104
2018-08-17,245.30835216463424,248.31307110179134,244.2358341701619,246.60615358501028,10000.0,2466061.5358501025
2018-08-20,246.52980211288715,249.3143843506597,244.58974541784664,247.1267830776315,10000.0,2471267.830776315
2018-08-21,247.01431803591734,247.99328163843,246.2498411421434,247.76471279261122,10000.0,2477647.127926112
2018-08-22,247.7037383080492,248.95155807925633,246.89001491749053,248.2854781881397,10000.0,2482854.781881397
2018-08-23,248.2238124307774,250.16993873306816,247.53359587598624,248.73566075423446,10000.0,2487356.6075423444
2018-08-24,248.7820671535653,249.3328548208847,248.4399869306375,248.88453747810556,10000.0,2488845.3747810554
2018-08-27,248.89250884872763,251.0963667880214,247.9451692450086,250.44369034014457,10000.0,2504436.9034014456
2018-08-28,250.51802289413212,251.69465190861368,248.12477882298515,250.40718448620947,10000.0,2504071.8448620946
2018-08-29,250.40364319393902,253.88085102550403,249.4856557929151,251.28656204205762,10000.0,2512865.620420576
2018-08-30,251.57996972427273,253.60000445726914,249.81662257057718,250.96745284257614,10000.0,2509674.5284257615
2018-08-31,250.98067306113262,253.18161559230816,247.01710447993128,250.35892982869493,10000.0,2503589.2982869493
2018-09-03,250.54852191447537,252.74160058862466,242.35527578297888,243.16075560042046,13638.015383371227,3316230.125510705
2018-09-04,243.0577685221541,243.67579905348768,233.46528906555716,237.75473273677875,10000.0,2377547.3273677877
2018-09-05,237.9041543258964,249.5386975557519,233.65491450189356,242.3175267640774,15522.90531726196,3761472.0246718647
2018-09-06,242.7636435776248,260.04357429580085,239.69830001239714,248.12882475540562,604076.2439532722,149888728.47478515
2018-09-07,248.43177954991899,252.28306495484708,232.79359608581981,246.66756729643532,429119.7794185418,105849932.06795464
2018-09-10,247.54002816411764,274.835557382068,246.27907866303582,246.59961985815846,2549614.126023618,628733874.2624152
2018-09-11,246.1421268367803,257.70862897667985,239.47762936035235,251.906850365638,3460003.0957499784,871598482.1057341
2018-09-12,252.67765833488724,283.04158430929647,216.96572012489878,238.22276824179997,9712449.745097443,2313726664.6864777
2018-09-13,240.56378525479562,286.89867119933865,220.30098964011336,262.4845104091521,7606262.054028278,1996525971.2953243
2018-09-14,262.8903225586141,276.4321684019201,245.68994078364784,250.13584689830296,5914495.143934346,1479427251.803918
2018-09-17,250.01995354985732,281.994712179907,233.50056511323544,241.88587385901369,7029663.900322502,1700376395.4646707
2018-09-18,241.6641743342444,250.37693207119784,197.3430727347043,207.52599103615728,7345458.796678716,1524373616.39601
2018-09-19,207.07890163202276,229.6570350014848,206.18511064701602,222.79490301338623,7315797.770230604,1629922454.6840746
2018-09-20,223.03837000810987,226.48835210433376,212.7397992561065,223.6272041475489,6440618.318551903,1440297467.5592494
2018-09-21,225.23756339492783,267.82449110030444,207.11317282846392,242.06259721812563,7016538.807559635,1698441607.2396553
2018-09-24,242.97634010499056,300.8701243413648,201.20949507100133,225.7503559843988,9665781.564865552,2182053629.1358376
2018-09-25,225.80969517492792,243.8816131045061,218.52812855879054,230.34363559160488,8717448.493513456,2008008779.0784483
2018-09-26,229.1275926734147,242.1210094855998,160.3549294134879,231.83242694439983,11059340.93281051,2563913848.859003
2018-09-27,230.37171398406548,252.0165203956586,220.697837783846,234.72603265911692,8466738.475396728,1987363931.8921742
2018-09-28,237.3149375397749,263.8248764092281,224.7787585847459,257.38582781878904,6866422.148537075,1767319748.8544831
2018-10-01,257.0015421254724,313.41211311977065,253.00482542193805,279.7718801426288,3960708.6405698014,1108094903.0693686
2018-10-02,279.90197695513376,294.4528841223779,269.38554612512564,290.62657224378114,1971767.0487042954,573047898.6281661
2018-10-03,290.2652822676534,298.1158081464569,276.5978536035028,287.35985749133334,3315286.6025763894,952680285.6592779
2018-10-04,287.62461831440686,306.7133050541851,279.3033564252474,297.6349012177896,4014653.1373729394,1194900889.965684
2018-10-05,297.1893431861637,340.8541874122236,295.8493636301213,314.4596335424333,4974341.240600142,1564229523.6341338
2018-10-08,314.71567278553164,325.7825999595785,312.68720785549505,323.0688151451664,5299985.819999082,1712260139.1532867
2018-10-09,326.55530637696825,343.7147559662228,310.32835836518495,336.544801257121,6904089.196675245,2323535326.556506
2018-10-10,334.8757433828582,401.54999259410846,297.3359666489292,348.710150580154,12706025.87294441,4430720195.429778
2018-10-11,350.20645703149614,394.6058393769118,290.54124622933745,327.10689952807724,7658430.682057603,2505125515.6585603
2018-10-12,327.0816946528357,333.5700281363926,318.19672064081453,332.542480794106,6314991.73094477,2100003016.4026394
2018-10-15,333.6216612396503,358.09194812654107,295.6480839165507,355.4473195878909,3794915.14085096,1348892414.878977
2018-10-16,354.32079586628925,394.4742431558008,304.65109125149417,338.491477530712,7947055.83984022,2690010673.2465897
2018-10-17,338.9847601142412,342.882228960062,294.23528906174414,339.481800133432,4083610.1867470727,1386311337.2401166
2018-10-18,338.2728603074377,354.64046739091236,337.1412163777716,350.4422457579748,3415342.118328504,1196880161.9788396
2018-10-19,348.071144095203,361.2438912970287,318.70754567456464,333.1165492937,5223740.997205122,1740114575.3930018
2018-10-22,330.9764453218584,363.31016254818184,329.2488704321299,331.01893477300706,5967658.633316784,1975408003.889461
2018-10-23,329.55404197753944,337.5462259570542,277.3898645557752,305.4662044873868,5857904.561659618,1789391872.6995127
2018-10-24,304.18251926107706,326.9757641526171,278.21287438030697,298.63667801128787,4764521.348323931,1422860827.7773209
2018-10-25,298.2643565840226,323.87119153870685,279.38824123293,281.9183308809468,3574066.192038209,1007594775.3174335
2018-10-26,283.0556480272619,301.6290507424722,264.73664324276507,273.21897133636026,4604503.545341282,1258037722.1727688
2018-10-29,272.1771574024288,278.74055224623174,267.698568025874,268.82670100032936,4491478.0125972135,1207429216.7420247
2018-10-30,269.2558975243668,284.6318944147566,248.3866174325361,266.3799223424857,4111759.9474144657,1095290295.4832084
2018-10-31,266.52516612375393,294.2974562863607,245.75324542807172,264.66312565482156,2464129.9932845663,652164346.0424877
2018-11-01,264.0867289212592,266.20043398177114,237.52490357203476,245.717165617635,3488134.8506060536,857094608.7830122
2018-11-02,245.14136826336772,268.3401153402534,231.97428878602867,255.71579397325058,2482861.7246925314,634906957.255545
2018-11-05,255.98851059468907,259.5917328483977,251.29989217584344,254.04599136849154,2451440.519206203,622778636.9826295
2018-11-06,254.2250685336417,263.1975259595772,248.8322816523224,250.10768696349723,423710.71554694354,105973307.00709437
2018-11-07,249.98287745645004,255.11751061864248,245.95638557100486,247.8560940797265,299894.9319507357,74330786.46761471
2018-11-08,247.81536176877412,255.56149956114825,245.28248562525877,248.72110241001857,10000.0,2487211.024100186
2018-11-09,248.71898093946058,255.61587685983784,244.30667815630898,244.83318884952246,498593.3125508223,122072190.65086445
2018-11-12,244.11044385466573,249.50993061427812,241.59435412843558,242.58786448361116,2041026.7034252349,495128309.3379525
2018-11-13,242.6248859326037,251.31274901870518,234.97320310379328,241.0365528555527,237269.68393667985,57190666.71322382
2018-11-14,241.14637377100402,248.9244566803803,233.40176054797737,242.94760448310538,314831.6354736805,76487591.65382893
2018-11-15,243.57388149512852,247.89683845809876,233.24550636229134,240.3243887913266,373316.36744891084,89717027.83295779
2018-11-16,239.97278388433614,243.3576953897146,239.5763575132399,241.56691263975486,10000.0,2415669.1263975487
2018-11-19,241.28251108718385,248.64504156775226,240.32995247835066,242.70123039596191,193778.9106070781,47030380.02912697
2018-11-20,242.72650022518758,247.29682542812742,239.54296832518907,242.26477361273902,24802.883973016964,6008865.070665988
2018-11-21,242.15120201335304,245.31478453070127,238.69052053119609,244.6589028015393,10000.0,2446589.0280153933
2018-11-22,244.58132741760141,244.7428834441854,242.3690883378617,244.6976520431817,10000.0,2446976.520431817
2018-11-23,244.69913802536254,247.20374548396117,241.7341326141926,242.46935120986254,10000.0,2424693.5120986253
2018-11-26,242.41006576449854,246.5444584877453,239.77889044170996,243.06529886044981,10000.0,2430652.988604498
2018-11-27,243.06019869172002,243.4022387787626,241.6810717756528,243.2505990061193,10000.0,2432505.9900611932
2018-11-28,243.33141945230062,244.16299716824852,241.3304030941208,243.1769000372475,10000.0,2431769.000372475
2018-11-29,242.81502965591682,247.05614917871165,240.37434751796889,243.69211327012837,10000.0,2436921.132701284
2018-11-30,243.78549905519043,250.85574513020154,243.21002959301524,247.59661087321203,10000.0,2475966.10873212
2018-12-03,247.2734985246418,248.69384460448185,244.44547410783946,247.92986981912674,10000.0,2479298.6981912674
2018-12-04,248.17207843826296,252.02404052994206,247.4311215311514,248.57622220818115,10000.0,2485762.2220818116
2018-12-05,248.6908730226873,249.0119375550028,246.90844387967752,248.2743996026056,10000.0,2482743.996026056
2018-12-06,248.1589997654225,253.67481780635347,247.8264404319319,250.76581267711924,10000.0,2507658.1267711925
2018-12-07,250.96365575046025,253.50456422738884,250.17650285067637,250.65713301864668,10000.0,2506571.3301864667
2018-12-10,250.63690398721226,253.7706898556432,248.19755028268003,249.53065473564286,10000.0,2495306.5473564286
2018-12-11,249.57926218319616,251.53095116320446,247.79026970444542,248.1903085861198,10000.0,2481903.085861198
2018-12-12,248.26985805918636,249.18282589347993,248.06342410691045,248.73714795442717,10000.0,2487371.4795442717
2018-12-13,248.79997925369173,253.54257846668546,248.38720155683566,250.0479920195661,10000.0,2500479.920195661
2018-12-14,250.04958709918964,250.1045992326696,243.70837933830597,247.64286387818726,10000.0,2476428.6387818726
2018-12-17,247.73155234342852,248.27615715216646,244.48666533460764,246.6336032470013,10000.0,2466336.032470013
2018-12-18,246.60810073030834,248.737871225286,246.04739457579873,247.53900464977846,10000.0,2475390.0464977846
2018-12-19,247.49390076417197,249.77808445664118,246.29570127552358,248.80220947354826,10000.0,2488022.0947354827
2018-12-20,248.62303985784038,248.75751835791826,243.33153635577798,246.2991135543183,10000.0,2462991.135543183
2018-12-21,246.0513895689908,246.14123404851082,244.72914848701626,245.73868031646242,10000.0,2457386.803164624
2018-12-24,245.96200874185178,249.76117898587333,244.7843243889725,246.89816621358295,10000.0,2468981.6621358297
2018-12-25,246.995067280006,249.14472280835597,242.2837368930733,246.24970466101965,10000.0,2462497.0466101966
2018-12-26,246.0841064666961,246.84448676041862,242.62794841807272,245.71318667769634,10000.0,2457131.866776963
2018-12-27,245.744018522549,246.28603492557335,244.3504128046609,245.30901723897895,10000.0,2453090.1723897895
2018-12-28,245.33210855851533,245.88180520134557,243.37888695671197,243.96745413800005,10000.0,2439674.5413800003
2018-12-31,243.77525135871363,246.2595345717683,243.15633024249584,244.00722997643518,10000.0,2440072.299764352
2019-01-01,243.94046759503132,244.355018098816,243.92817205735517,244.2539591074641,10000.0,2442539.5910746413
2019-01-02,244.2481636922883,244.47676006859368,243.05568693592406,243.33006574743968,10000.0,2433300.6574743968
2019-01-03,243.44459237258778,244.00427248998452,242.95457904049508,243.39477849891148,10000.0,2433947.784989115
2019-01-04,243.46827794033246,244.8273979535848,242.28633095001658,244.12272859676546,10000.0,2441227.2859676545
2019-01-07,244.23905939206472,246.1256989733339,241.42023801490836,244.30929550454752,10000.0,2443092.955045475
2019-01-08,244.34959104480893,247.96251526174333,241.57799070156597,245.43744499581385,10000.0,2454374.4499581386
2019-01-09,245.61707169787164,246.40831120596147,243.5999012393636,244.47190006823564,10000.0,2444719.0006823563
2019-01-10,244.213981329731,248.50523345377357,242.28362601309908,247.5406648508096,10000.0,2475406.648508096
2019-01-11,247.6951238149009,250.05777716936322,242.5002664949192,245.65014423765166,10000.0,2456501.4423765168
2019-01-14,245.88655924566265,255.07675045714802,241.7730373226367,251.61373947153157,118029.36602563466,29697810.15316408
2019-01-15,251.12968535675856,264.97081918801575,245.78318472941325,249.864953604335,716917.0600136665,179132447.93847105
2019-01-16,249.9735115089061,255.16308652295575,246.76670981078192,247.0676189077305,674990.4250813245,166768277.1103597
2019-01-17,247.81556473628004,268.446121786413,241.95786644203267,242.79877009883234,972489.0581931046,236119147.26385757
2019-01-18,244.11014706417984,248.96875000414582,237.03906734721505,240.0390660539696,2691358.496917734,646031180.0165483
2019-01-21,241.05696602430518,250.99047253960774,230.09070919039158,236.58696300642762,3530632.672099688,835301661.3833336
2019-01-22,236.15951204324938,238.02308764642035,232.0253128803111,232.2547607311244,1723252.030221855,400233487.9586013
2019-01-23,232.21119953696288,241.70348939933842,221.0150622963277,229.78182528229135,3755873.2897799257,863031420.0546358
2019-01-24,229.20620750811037,254.2794486749365,213.9561905041463,237.78373766697442,8011936.881032177,1905108297.5237124
2019-01-25,239.20820634434608,288.30930889036773,212.19396817377856,247.86087720291374,6510215.198059625,1613627649.7707994
2019-01-28,246.96167776757693,262.8470159337456,231.5937276971058,244.11650833352004,5596782.9610220585,1366267114.3452444
2019-01-29,243.07036917828657,275.32909882146555,228.8862512349727,257.16868316382306,4743067.272571206,1219768364.644563
2019-01-30,254.86519062056175,285.6782370617513,227.72753766246976,243.04710243009984,7258601.967678806,1764182175.9377549
2019-01-31,243.2438513048039,256.0301953163426,224.18021491568476,234.5951317917591,3385203.164494916,794152182.5165647
2019-02-01,235.01611809089871,239.66970594869187,216.4832247466279,224.77067339687,4199166.058851813,943849382.7534026
2019-02-04,224.1314528841917,258.136405090699,199.28240230955961,231.69609310933046,7392460.883161397,1712804305.0920463
2019-02-05,231.02468156771715,244.4906015634954,215.71785935908827,217.61825904837787,6038151.58369343,1314012035.5135698
2019-02-06,217.43311724707925,235.7662470449676,185.39144711240633,200.58871061954284,6265706.562495555,1256830000.4913914
2019-02-07,202.38149121079863,250.85374556594294,185.77780903257155,217.73773611455155,6781020.690780883,1476484093.756562
2019-02-08,216.20748596573594,246.63754576791388,214.73394743081775,238.72239246321558,5790279.840052544,1382269456.4488685
2019-02-11,238.72422364630918,266.1697843040292,215.79915625536756,257.04485765378666,6462611.09588106,1661180949.2125292
2019-02-12,257.2841723216334,269.52995942375,227.2620386737361,243.33680459022443,3089482.523826357,751784805.1852477
2019-02-13,243.66388902654714,270.87534609825013,240.20166256641272,243.38772946781137,2958236.137426942,719998376.7179718
2019-02-14,245.02163418197156,259.159332543708,215.92699884873034,253.95079853173277,6238975.968761064,1584392929.2871633
2019-02-15,254.84985070578495,286.25489802979206,244.52903483599158,254.88132050923488,5329361.617171124,1358354726.4558074
2019-02-18,255.40620063194535,258.30634341651165,220.8716305509483,229.7497760151157,8348232.983884024,1918004658.1693556
2019-02-19,231.84854335114025,292.1684764661707,212.3725230953027,224.96604031278977,7003544.6744854,1575559713.5727067
2019-02-20,226.97723931604185,230.67655371376844,191.7679453814733,197.9972734484047,12061346.793935265,2388113779.3148403
2019-02-21,198.48212663466992,223.26840034518764,163.21738565884993,181.09064775890567,10910368.310282566,1975765664.597307
2019-02-22,181.294556980789,197.03775789956833,171.0512128386285,196.98415576359974,4189778.669795402,825320014.1059852
2019-02-25,196.223137980648,210.27264794715126,178.04666211847587,201.53767977370472,3015338.3149049743,607704287.7187011
2019-02-26,201.66908253202945,203.17612450714736,187.35501384353273,191.09333508039865,4388390.619433125,838592199.1030122
2019-02-27,190.71101356672065,194.32761340400816,178.5816219617876,183.4057955121775,3157669.6364680314,579134911.6410676
2019-02-28,183.00570297264866,185.9205168848667,180.57540997499393,185.05505348117714,1150578.7462078654,212920411.41380227
2019-03-01,184.95843313996772,188.0952932418445,175.74285804691112,182.43864645078895,1512903.8548734307,276012131.49328953
2019-03-04,181.8143405840795,185.02997161904344,181.50430245681974,184.56328308330907,1701336.2472533053,314004203.4217065
2019-03-05,184.34547758006968,186.0201149778928,179.43599213018265,182.87910256502957,421781.93200236134,77135101.20273617
2019-03-06,182.7696872641543,184.34670462028154,180.46169436124387,182.39402113001756,143136.2720669507,26107200.23185135
2019-03-07,182.51175038980588,187.25081683941494,181.09188655710864,183.10942069342548,924070.481197452,169206010.49196038
2019-03-08,183.0267986549407,183.3569337538038,173.61572658906857,180.070865536432,538895.5145188817,97039381.73311588
2019-03-11,180.23864703668434,186.61080209131762,170.24345404723945,172.74879858354964,1155651.3007856158,199637373.7922315
2019-03-12,173.66118489006234,177.77634557739444,164.66995724097703,166.10206718681602,3920118.4682742916,651139781.1975746
2019-03-13,166.56719035236185,166.89753661695752,160.29830563948295,162.28853322007117,3678398.0872354796,596961830.1769614
2019-03-14,161.8397726279532,167.73369043329103,159.4252359236428,161.43299955232266,1732367.9077327533,279661347.6734797
2019-03-15,160.9233393694126,163.79916661041986,159.75987550996004,161.2275165755835,965683.6750558962,155694780.7268449
2019-03-18,160.9598822658017,166.68399481918567,159.16961913582318,160.9904802869025,1365113.4948789445,219770277.1866933
2019-03-19,160.65616738366097,164.4250378424392,153.18940931913693,162.93254714224202,2342269.4206398875,381631922.79824036
2019-03-20,162.10664987982636,165.37504562582907,158.40516338674976,159.17869171641843,2740022.659136024,436153222.1546142
2019-03-21,158.37605915858234,170.47979962077272,156.43182407047632,165.79935404023402,2546081.363696604,422138645.4347751
2019-03-22,165.0624939992642,179.43316281903438,157.88090514238252,174.58517582859645,2740564.478270266,478461931.3084201
2019-03-25,174.29368865866556,179.64522602475853,170.71273902667807,176.2971705665477,3087139.4329990274,544253947.1821449
2019-03-26,176.9038903475518,188.9901947853959,175.93983068782916,177.03977357661776,1836315.2171207194,325100830.2543498
2019-03-27,177.70178251600572,197.00079425831572,169.4684122506841,181.90760643878858,1987910.2360241897,361615992.8503276
2019-03-28,181.60956877692684,188.868176952596,175.30437050220766,183.7341984519564,497797.5400385803,91462432.01034422
2019-03-29,183.6387936144445,187.9283578038468,182.74625996924345,184.076664272627,10000.0,1840766.64272627
2019-04-01,183.82086029577,190.88563299663514,182.53172056420078,183.74362940057298,10000.0,1837436.29400573
2019-04-02,183.50444257371765,185.0389537634144,182.1078606401839,182.66554681717287,10000.0,1826655.4681717288
2019-04-03,182.65174497122,183.94001482427376,181.0984853395527,181.27204411868186,10000.0,1812720.4411868185
2019-04-04,181.27140111123936,184.12045450664525,180.7398237434938,182.23174739130545,10000.0,1822317.4739130544
2019-04-05,182.12846970035417,186.08901392757306,181.86009212359477,183.9915158654137,10000.0,1839915.158654137
2019-04-08,184.17399544603816,193.66050325034126,176.8551358091678,180.5747581672446,833279.0984729563,150469171.6925737
2019-04-09,180.4207146031588,184.70327083966376,177.136631448096,180.23897916271122,1196625.8315874857,215678618.32505882
2019-04-10,180.55045396103844,183.1628935192133,178.89595292177134,180.85894744027655,753886.6801891653,136347151.46825683
2019-04-11,180.65415963539036,190.85320514150703,169.2065929222302,179.30236575044273,1101312.8283294172,197467995.5507757
2019-04-12,179.57947229408234,185.4437414377667,172.91209593188546,176.5480650860791,1400337.1714225523,247226818.0827647
2019-04-15,176.4706305307126,176.8660858121332,169.57398577956744,175.43689332336257,632147.4925378881,110901992.21300061
2019-04-16,175.4504377963176,176.24235981083555,166.87512785839084,168.95686042629117,920582.736086282,155538768.8517832
2019-04-17,169.08558841306086,170.0509335998833,166.66094090259128,168.77218616639232,428686.68465096253,72350388.94896576
2019-04-18,168.62671005168494,171.31447231245141,168.01123116293658,168.4551363424359,10000.0,1684551.3634243591
2019-04-19,168.3547854372118,171.90943969429898,167.35966767178465,171.0143553773887,10000.0,1710143.553773887
2019-04-22,170.99843129633715,173.65294547500525,167.8528258038706,171.93449108856748,10000.0,1719344.9108856749
2019-04-23,171.88337980211486,172.21221164914218,168.71861743039025,171.43333233619177,10000.0,1714333.3233619176
2019-04-24,171.45139354805505,172.0711561046526,171.36937144770974,171.4064585188201,10000.0,1714064.585188201
2019-04-25,171.33992022608248,173.45796057418312,170.93953335855164,172.6653137203273,10000.0,1726653.1372032731
2019-04-26,172.5193859413764,174.57731559690788,172.18402466621401,174.30370814093465,10000.0,1743037.0814093465
2019-04-29,174.28948621040104,175.87748733611608,173.80640821753838,174.42305841799813,10000.0,1744230.5841799814
2019-04-30,174.43640778373313,175.17518558355732,171.61942175494144,174.32317513253602,10000.0,1743231.7513253603
2019-05-01,174.24320470646384,174.2564991670479,171.92429981291176,173.02842975174337,10000.0,1730284.2975174338
2019-05-02,173.11722269124266,173.83171163261403,170.84215344805602,172.75621290037714,10000.0,1727562.1290037713
2019-05-03,172.7966648893062,172.85473976878947,172.39825136929548,172.6312800587773,10000.0,1726312.8005877729
2019-05-06,172.67668423750143,174.60110870344735,170.81081851739717,172.1824219726482,10000.0,1721824.219726482
2019-05-07,172.2269370854136,173.93091492988418,170.0970671355541,173.27732513264212,10000.0,1732773.2513264213
2019-05-08,173.23336036415148,173.24872099864058,171.36371863715468,172.39393812542036,10000.0,1723939.3812542036
2019-05-09,172.48933575911227,173.6218424833188,170.77936909529538,172.32267662222677,10000.0,1723226.7662222676
2019-05-10,172.28531148964825,172.59338496920182,171.64235154193256,172.50952175399266,10000.0,1725095.2175399265
2019-05-13,172.53450211701627,173.27410936075506,170.19608322140638,172.83873356493078,10000.0,1728387.3356493078
2019-05-14,172.88290228044085,174.77565526082145,170.73689607498312,173.93261118498785,10000.0,1739326.1118498784
2019-05-15,173.94718155521954,173.9479664786931,172.9595485538012,173.22910108942503,10000.0,1732291.0108942504
2019-05-16,173.2384477481474,173.92181037028539,171.56652800393758,172.7683655243805,10000.0,1727683.655243805
2019-05-17,172.72136452436743,173.30565717880535,171.8052475176099,172.8129826113328,10000.0,1728129.826113328
2019-05-20,172.786116472616,173.4261051190593,171.65460976996982,172.88718877966195,10000.0,1728871.8877966194
2019-05-21,172.8887984980125,173.7642615064697,172.43770492029913,172.5942664797016,10000.0,1725942.664797016
2019-05-22,172.73257917411712,174.06194090856815,169.84782231724688,171.76262741918094,10000.0,1717626.2741918094
2019-05-23,171.69865878028986,175.05108203826097,171.2708261740643,172.79178536949095,10000.0,1727917.8536949095
2019-05-24,172.86497725731536,174.23144346619983,169.54228015789496,171.67300882898283,10000.0,1716730.0882898283
2019-05-27,171.70051090579815,172.48105860098065,170.8387911583623,171.31254579831528,10000.0,1713125.457983153
2019-05-28,171.31860514123787,172.52411422977386,171.0734497495979,172.11441348591347,10000.0,1721144.1348591347
2019-05-29,172.0635226813366,174.77708112830268,171.2949517815126,173.7952848027561,10000.0,1737952.848027561
2019-05-30,173.78544064483083,178.89169459242075,173.25121962645662,174.5963708720541,10000.0,1745963.708720541
2019-05-31,174.44505364197536,176.25137321125334,172.04339107880952,173.8103923267862,10000.0,1738103.923267862
2019-06-03,173.82208161310635,173.97042157820073,170.83901738792312,173.15505006549887,10000.0,1731550.5006549887
2019-06-04,173.19343941270006,175.59503147702446,171.03125977204064,172.23079086643273,10000.0,1722307.9086643273
2019-06-05,172.1761825437657,173.37895625110755,168.07159691674843,170.85625952875353,10000.0,1708562.5952875353
2019-06-06,170.91520609661242,171.37996198613254,170.17794885806356,170.4250212090607,10000.0,1704250.212090607
2019-06-07,170.47703265736482,172.64001730607524,169.25904340059387,172.11525539730616,10000.0,1721152.5539730615
2019-06-10,172.009785441494,175.39992159002364,170.44377093760446,172.44644078592123,10000.0,1724464.4078592123
2019-06-11,172.6457831510778,175.61202720730472,167.23280099757585,170.77278299315267,112561.05206045702,19222364.11700139
2019-06-12,170.68369873482374,173.49236597511833,168.94134753914344,169.19834493537368,10000.0,1691983.4493537368
2019-06-13,170.02589099784078,176.57466813892145,157.95816272428314,165.28053286340378,930284.0302983307,153757840.24202296
2019-06-14,164.92667174683984,170.1860203227609,164.75165683330306,169.8105099145963,1926439.7503304176,327129716.32335585
2019-06-17,169.52974252635371,174.57521931659525,153.8572660315895,162.03269017841566,1921976.9369270892,311423093.55116737
2019-06-18,161.8469610115724,164.3398869855443,154.44063502714462,162.8902459713612,1414802.8105141954,230457577.80563042
2019-06-19,163.0004179109157,169.05703661355494,152.85103589946888,158.0406691638547,1771059.6832344152,279899457.4674915
2019-06-20,158.57207324561233,160.4106692234103,150.07729538578744,153.5027483008458,3128435.8838802855,480223506.05860955
2019-06-21,153.57469055677063,159.22301496002464,139.56852206716542,147.6051063777404,2461662.5361270276,363353960.5111282
2019-06-24,147.44416432048507,152.8236649348652,120.67994228953222,152.5368786083929,4080599.9426319855,622441978.0986702
2019-06-25,153.77765627661893,155.84260107104697,145.90285310789938,151.8657121857211,6220459.103210223,944674451.8311725
2019-06-26,152.82672118184894,185.92054396389898,141.0135798805675,177.35507040336802,8497626.29975275,1507097110.6541605
2019-06-27,177.12152385635346,178.44988297412917,149.56759541116045,164.9592384561735,9707296.737657305,1601308277.3120463
2019-06-28,164.92967074942774,165.9639096086578,143.18561485229006,153.48241483278827,7648503.17319359,1173910736.877996
2019-07-01,152.62985172716347,160.4933280953559,149.92447001442034,156.82126641073728,4575540.633799927,717542076.7062922
2019-07-02,156.89863091328135,184.69407841539623,133.32245182603037,160.32288178779362,6326213.850507538,1014236835.3192227
2019-07-03,161.77608744923066,175.77925799775838,151.30119174745508,157.81558615794765,7275668.967150687,1148213962.7420752
2019-07-04,156.93188581562737,157.84678256932904,139.7921516735604,141.97279660965702,8140653.611706562,1155751359.4844856
2019-07-05,140.86855565285634,158.41324823553572,135.26301654214916,154.0895594734216,8113042.7484660335,1250135183.1001687
2019-07-08,154.24813755300787,164.15146944902673,153.22474775368178,158.2629190965367,7013330.867229254,1109950215.637547
2019-07-09,156.6246431797692,181.707842663987,152.8968274639231,160.84975747375898,4998396.205336755,803990817.3861743
2019-07-10,161.66733859160053,167.79624886553705,145.2494052814769,157.35737555567675,2718807.589762024,427824426.96580714
2019-07-11,156.23306595144842,164.38880522998267,152.85867333811922,162.11645002390594,7507085.636830684,1217022073.4684436
2019-07-12,161.5768725662655,170.85079164199522,156.1351329487271,157.3034724215791,6277764.077674123,987514088.4615915
2019-07-15,157.23305545546887,164.57043990269506,141.95716341895576,157.32247679755088,4416492.4836433465,694813536.2845383
2019-07-16,157.9269109557898,160.31391873779725,144.4248901891767,156.21386943273933,3375734.393878748,527336531.8449822
2019-07-17,156.42031833025246,173.11377665272968,154.34066535816785,162.00020194531336,3673295.5126085095,595074614.847392
2019-07-18,160.69400254714532,169.96201347198806,141.58016801656777,158.41781904917642,5600609.857681538,887236398.9992275
2019-07-19,157.16517665795968,163.9265208724378,145.4159900544942,155.48274633708075,7505290.567927827,1166943189.5592072
2019-07-22,155.62431891654504,165.3962872616052,151.0539528343921,162.01398055150366,3961249.109925889,641777736.2551942
2019-07-23,160.17928148292827,166.60070882015896,156.35685905375078,163.6175667866808,5047410.0527348425,825844951.4031072
2019-07-24,163.2800383151163,197.05246893848047,146.3452023472469,162.79171402181868,12573157.089091334,2046805793.1987586
2019-07-25,161.6132329338268,180.1847605151805,123.37548418263574,158.63775538711303,12575692.31279577,1994979600.940893
2019-07-26,159.91146107863955,178.6493084979531,157.36721706431737,173.5031491028052,17033262.012444012,2955324598.652221
2019-07-29,176.02053887594963,179.56939450118142,154.69067247913867,159.48841609439424,16628520.481225776,2652056393.5438933
2019-07-30,154.58930873695178,171.2751094955506,140.31609255697083,167.88831494205652,13086284.673163768,2197034282.6295257
2019-07-31,168.82526174652514,232.1541207171688,101.16312586918215,217.68712381007296,19060035.85820945,4149124385.6904707
2019-08-01,218.99050212481006,263.07064472495676,203.59706318150913,224.94788039141375,16581011.620797982,3729863418.843906
2019-08-02,222.7900911423414,233.8832272275165,188.49887450862434,202.8043464264046,24147704.134330697,4897259354.661125
2019-08-05,201.38226060131504,207.51370909786556,161.14253267535744,175.65469074259562,19267182.25575339,3384370940.6155877
2019-08-06,172.10437531816603,193.4079248807369,159.5667573131954,178.34119306033364,21061184.361995995,3756076746.3820076
2019-08-07,177.7911647146996,191.78307447728662,148.20099923193212,160.03230161008693,13097045.756872617,2095950376.764948
2019-08-08,160.58022871752837,197.82222422837555,124.25895302437392,138.0471752285699,9141730.891589133,1261990126.2836356
2019-08-09,139.8729902729189,141.52298926309962,99.30783893010101,127.13330358076556,13030230.453076312,1656576243.918287
2019-08-12,128.5727909855036,146.75979104397658,109.52048383465849,115.88506146455035,14704269.528731056,1704005178.128313
2019-08-13,115.59740181633028,137.0546034358557,115.31015958348777,123.5896367630481,9478952.753601076,1171500327.7116516
2019-08-14,122.70170650199313,133.70596148768087,104.23746911131636,108.95694414082755,12747005.031735316,1388874715.2056324
2019-08-15,109.83393598788737,138.46044956426036,101.09343543040622,123.67635720272723,10346433.50561199,1279609206.0143337
2019-08-16,121.51071008257935,125.18013212048785,114.15277299149292,117.51900818560497,8099974.072915027,951900919.3780891
2019-08-19,116.62608468471589,124.32909190673409,98.63728857261805,117.85908364901387,4858873.829656796,572662417.1295246
2019-08-20,118.28642216846305,127.92312893379683,96.30825609885109,122.23608325699882,10254119.602332868,1253423417.437984
2019-08-21,124.14736693053668,125.0541825974059,121.85803650157199,123.62294674298467,7669433.141760617,948117924.8327543
2019-08-22,122.99384485745787,146.18109075777582,110.69433859324728,128.7408063155272,6451286.217187553,830543789.372973
2019-08-23,128.7841987444137,135.3784051529011,118.38564325333526,121.67406672665619,5078164.438741675,617880918.7683871
2019-08-26,121.00110554726449,122.57265862007121,101.24422356207525,108.76852555946523,5298460.759215901,576305764.5145983
2019-08-27,108.7039180481019,112.32923111914424,93.51760262511154,107.22497924953088,7781351.010918583,834355200.6790612
2019-08-28,107.1832677913536,107.88307307351829,95.67726201015772,101.0407991569272,4380467.666123783,442605953.66622686
2019-08-29,100.87393518475412,100.91257637866102,97.07333476702334,99.67707343675471,1402181.8553671425,139765383.76911563
2019-08-30,99.74429647062179,103.85605201944533,98.96619617319124,101.33578287608054,1436485.2455635467,145567356.94912082
2019-09-02,101.3097196482362,101.52866992487337,99.85067630132203,100.99004668196683,108380.59513781437,10945361.36238722
2019-09-03,101.0366695810916,104.77745409196457,99.73392017225777,100.33504289033839,10000.0,1003350.4289033839
2019-09-04,100.31410636001938,103.14565371933965,97.3865976568651,99.25444484660623,10000.0,992544.4484660623
2019-09-05,99.14318980049408,100.93788899356424,98.91456494385741,98.92277142016836,10000.0,989227.7142016836
2019-09-06,98.92966727430078,99.05308018755542,98.41331423077328,98.77077058748853,10000.0,987707.7058748853
2019-09-09,98.82602879355694,99.46021470655135,96.24947250267026,97.67348220239971,10000.0,976734.8220239971
2019-09-10,97.64345413221797,97.93679070144222,97.60126040379122,97.75337394289808,10000.0,977533.7394289807
2019-09-11,97.80408402307012,98.17619490090402,97.06653641719673,97.31012996233369,10000.0,973101.2996233369
2019-09-12,97.32144169342375,97.37763171012885,97.04804519196297,97.34650403235705,10000.0,973465.0403235705
2019-09-13,97.33654517456046,97.76224479005761,96.61064429380863,97.20662281270745,10000.0,972066.2281270745
2019-09-16,97.20708374356558,97.83376501245478,96.94985391953307,97.4456182025095,10000.0,974456.182025095
2019-09-17,97.43413029664468,97.66631809387526,97.16455325653197,97.64993376200292,10000.0,976499.3376200291
2019-09-18,97.62575959992854,97.91504367936489,97.3369877251754,97.63097383949267,10000.0,976309.7383949267
2019-09-19,97.65481946610748,97.66497786925214,97.36731967086129,97.5810508554179,10000.0,975810.508554179
2019-09-20,97.60450846731722,97.96296331512266,97.4102786816894,97.67558563866265,10000.0,976755.8563866265
2019-09-23,97.6633391782159,98.06793541106765,97.32677603460108,98.0205437470412,10000.0,980205.437470412
2019-09-24,98.01538369783098,98.48869412132002,97.79689659666171,98.2831462276431,10000.0,982831.462276431
2019-09-25,98.27729795410947,98.52008307160303,98.16744477073581,98.30665919456455,10000.0,983066.5919456454
2019-09-26,98.3248812452114,98.51304542832992,98.16684686850041,98.37284336392541,10000.0,983728.4336392541
2019-09-27,98.41154053206266,98.81857401189475,98.11586951508875,98.77623095418375,10000.0,987762.3095418374
2019-09-30,98.75841094152368,99.02292487148202,98.11696185519354,98.32507722488121,10000.0,983250.7722488121
2019-10-01,98.33308437123338,98.75446377097155,98.31398276538286,98.45389120148177,10000.0,984538.9120148177
2019-10-02,98.45312727668808,98.57989119276297,98.13022773059618,98.17485688761482,10000.0,981748.5688761482
2019-10-03,98.2004067785767,98.79343657617021,97.4836293950612,98.77667016329535,10000.0,987766.7016329535
2019-10-04,98.85053650425515,99.12094314852881,98.04050683548745,98.49843458783684,10000.0,984984.3458783684
2019-10-07,98.45032289874943,98.71339012827679,98.16011003281965,98.41167607529003,10000.0,984116.7607529003
2019-10-08,98.25520843220376,99.52828802771151,96.32271241950426,97.55729909258154,10000.0,975572.9909258154
2019-10-09,97.5447179596567,98.27316682626125,95.98179859746062,97.53925381232213,10000.0,975392.5381232213
2019-10-10,97.37728602430107,103.67602860361978,96.64880659787364,98.30795214421407,10000.0,983079.5214421407
2019-10-11,98.52890543675267,101.49903648579675,96.91741639169115,100.49248561440885,164415.5777414409,16522530.08096647
2019-10-14,100.40927996453755,102.85626910692625,97.7900146234618,98.95065819190386,10000.0,989506.5819190386
2019-10-15,98.91627543359344,100.91158157035198,97.76452287831196,98.36895593303959,71834.32498355117,7066267.548786589
2019-10-16,98.40103553578408,105.74180694521066,98.2671746581175,103.48845600496033,152494.48916461764,15781419.232911432
2019-10-17,103.53656259471849,111.1888103610348,103.45362886020607,105.56654928500599,1748582.26822491,184591796.19745252
2019-10-18,105.38113229855036,107.34556599862817,99.97249328083461,105.45159899747935,6206990.174168971,654537038.8277609
2019-10-21,105.45546118212172,111.49114770669607,99.66852215884236,107.64381685134987,5358303.032318683,576788190.2449449
2019-10-22,108.05749203205335,113.85339054851396,89.77594542067808,96.66832033849111,3936359.6140323817,380521272.1367815
2019-10-23,96.60395062068906,109.32578638283606,95.08527785910677,100.20140402508729,2221665.1659795716,222613968.90478167
2019-10-24,100.6588921653873,101.90377881586281,98.80125588444652,100.56365678699781,2257206.508982756,226992940.66671938
2019-10-25,100.65733096674587,102.47493815043168,96.39759742079121,96.96972890225369,1718635.8746237098,166655654.8439488
2019-10-28,96.51963670054039,104.5608637729557,94.46214221486133,99.23029465307131,1077263.0709208222,106897131.94634564
2019-10-29,99.45903194177308,101.39375891925152,96.49658332799955,97.63936857633499,2015852.723258128,196826587.04180896
2019-10-30,97.33834015206746,99.51747995954167,93.70142105543718,95.86801231160112,817271.8982152293,78350232.40002322
2019-10-31,95.92883695771044,98.6543423953218,94.11762453691901,96.7607300032405,1192532.8460209705,115390348.7338311
2019-11-01,97.19417587120647,98.21277489617185,94.83479844039152,97.52172090556695,1484430.0893489034,144764176.87730956
2019-11-04,97.68469361927308,98.76380501560965,96.26262089139242,96.8394575116084,679530.8053178957,65805394.5494114
2019-11-05,96.62069742268989,100.11127725689671,96.07506740935814,96.69046925704546,1774947.4824668563,171620504.98633182
2019-11-06,96.4766611082358,101.826255990249,92.4730298174147,93.12525022988758,2519298.018745284,234610258.3993146
2019-11-07,93.1333592486301,98.48011809074339,89.95230996584921,90.42719588467769,1280700.6149670933,115810165.37925653
2019-11-08,90.62864733352555,94.17015610772482,89.04752462513488,91.66120856708314,407167.2327094872,37321440.63906638
2019-11-11,91.53807359707241,97.38267829976996,86.52818265543948,93.97839317685163,1179388.6948131556,110837054.4694846
2019-11-12,94.19119983321038,97.1856857739784,94.01721724422994,94.79144803944767,1526771.4142173566,144724873.1788986
2019-11-13,94.8408751002192,95.82216031906631,94.24471383449155,95.3456377501033,610915.1064246382,58248090.43322936
2019-11-14,95.33448009902975,95.62885558246246,91.52126796106617,94.75733517963612,452167.6556931384,42846202.107905015
2019-11-15,94.73574363466017,98.46531139659994,92.65399972576154,94.55530465720092,590232.4235491692,55809606.62724975
2019-11-18,94.82978430066498,95.4604298948781,91.4147163953886,93.0628556377033,924101.6408495902,85999537.59695014
2019-11-19,92.75514142780747,97.417199737304,90.71235595430993,96.78818549159332,1839415.6196241863,178033700.1883198
2019-11-20,96.51227426011252,97.10266636753708,94.50300128882394,95.38609640122611,2541072.946911897,242383029.07668594
2019-11-21,95.7510469230788,98.67827503969171,94.81092455988407,97.01701336568136,5032020.3966878,488191590.0818415
2019-11-22,97.58960335236901,102.60700322355957,93.27461110122289,97.01794874836229,6368099.919391594,617819991.6039836
2019-11-25,96.19933401223962,108.59242171887082,82.77016519630193,88.43490618789932,7255537.783196878,641642803.1997749
2019-11-26,87.78145823337485,124.64338639244413,85.79705976879589,103.79780394981364,12862276.909123987,1335076096.9614666
2019-11-27,102.53717615328046,110.14944456400167,90.10532393741327,99.68384226720609,14390567.451623129,1434507055.9831898
2019-11-28,100.35888570477415,121.31689354639148,63.12764693575664,91.08139573961546,19849618.631962378,1807930969.8982098
2019-11-29,90.63026292467809,101.00337638084578,85.44412578281164,91.90317285409321,8988771.611733712,826096631.1791294
2019-12-02,93.11365511200773,121.43634215883033,64.04572370487179,84.7094185766886,10355227.087868318,877185265.8429016
2019-12-03,85.28394937595786,89.63688407397841,83.30038229959062,84.92336977870907,9394906.255331192,797847097.9577978
2019-12-04,85.21565467777687,98.2441149098466,74.02667730620806,75.83295081169878,15716877.576476993,1191857204.1704714
2019-12-05,76.01923750412836,90.01492023009143,65.23481720220376,80.62392908227473,18220790.36185987,1469031709.9575849
2019-12-06,81.13431075369141,96.20632780341332,68.23892410900893,81.12548468882372,11803427.880475229,957558807.7931281
2019-12-09,81.89181142092124,108.59182977275856,43.565754781562525,69.93127923928716,13373450.503368463,935222501.5438455
2019-12-10,69.96899646145717,85.67212615336986,67.7997687295326,81.54232439822486,20900998.12865157,1704315969.6531973
2019-12-11,81.85128942928151,104.58683556188838,65.2012774905304,83.70639686013305,25899679.220651366,2167968827.393985
2019-12-12,84.4554939716102,103.1478644578442,74.08526753328812,74.12608430484137,15432059.650501058,1143918154.6503823
2019-12-13,74.08979328524077,94.32714069831913,60.10298430795745,77.00490779516343,16826195.34257912,1295699620.8987134
2019-12-16,77.66389608721057,80.7503491773923,74.82710242976508,79.84426338579918,11956053.740078773,954622303.8776189
2019-12-17,79.77207311253747,100.44209171491528,67.81233827776028,92.38263605882028,9651410.22690812,891622718.4468288
2019-12-18,91.89805070945894,104.31121833022566,75.52506229904871,86.9734941232661,10100684.737007238,878491844.6150625
2019-12-19,87.09703861137226,95.91094627933902,82.22949247061823,92.19780829495997,9640101.649995591,888796243.8702208
2019-12-20,93.7241820755667,118.0551275376133,72.61006457135714,91.39398179003832,11675062.907211654,1067030486.7392538
2019-12-23,92.47047069799166,103.47075957738952,90.126220155487,95.91657953338385,8249698.148902847,791282828.6256496
2019-12-24,94.87046422626659,102.85628939026356,83.0021568838594,94.24128950265653,12279907.369520074,1157274305.4767466
2019-12-25,94.41909728975315,108.6153966483953,89.20107442219657,93.96563388334881,6874593.500813052,645975535.9942485
2019-12-26,93.68955372296074,104.22963803772186,75.64379721249354,96.91854287714793,8813431.469771983,854184935.7979008
2019-12-27,96.79723528501545,96.94404303880818,88.97006225665744,92.4180067123187,4078327.347205104,376910884.1490342
2019-12-30,92.32402411429469,94.79181204706893,86.27800539984011,86.67075003870396,3653910.046106329,316687124.2699909
2019-12-31,86.61779687929831,92.83162846242834,78.52429004679387,86.67035041004229,3204277.2011178886,277715827.83179694
2020-01-01,86.53917602646263,90.50010015847157,81.95225827915475,85.56647085280477,2694945.2972718584,230596958.22891575
2020-01-02,85.50564117070152,88.99602694169504,83.99475625766092,85.7879605226724,2804248.9021158395,240570794.1104611
2020-01-03,85.82947978591338,87.62618558543305,83.3739114132248,86.98462208564234,1388003.2733405347,120734940.18516093
2020-01-06,86.8218870443942,89.10980775735807,86.00189824407249,86.70934356987532,682123.3330566816,59146466.44304029
2020-01-07,86.53336305285899,91.0244175120428,83.63882204733999,88.45730729919235,852925.7063009455,75447511.30564341
2020-01-08,88.24296855207473,88.81540939820611,85.63566727937977,88.41121590151893,1401520.799963122,123910158.0360091
2020-01-09,88.20228721943724,92.96653080628731,87.1713761985591,88.65548217006696,1074394.652935588,95250975.9969463
2020-01-10,88.75733063476504,94.12988370946245,88.63725373749695,90.12750379888617,1531415.0330131862,138022614.20556733
2020-01-13,89.93947632508957,93.50355771682158,88.8786024260765,91.17288198926575,810913.5041978592,73933321.22173338
2020-01-14,91.16343927148738,94.02420912492136,89.26497271256623,91.09684026786378,157965.72692188405,14390178.59319986
2020-01-15,91.10291457744185,94.72184201444617,90.82535585318456,91.24242888427922,10000.0,912424.2888427922
2020-01-16,91.29936124789467,91.30386134295642,90.51006261772368,90.66130412403577,10000.0,906613.0412403577
2020-01-17,90.66335629645938,91.28271375536671,90.02773123572928,90.21860334203747,10000.0,902186.0334203747
2020-01-20,90.2874341505948,91.17013370371885,90.1321985375122,90.304292161276,10000.0,903042.9216127599
2020-01-21,90.30180666731846,91.14996840226726,89.37617745938148,90.66077249935347,10000.0,906607.7249935347
2020-01-22,90.6731660757685,91.17989866115411,90.32407566984124,90.45882300630687,10000.0,904588.2300630687
2020-01-23,90.50872325495392,91.47715988817167,90.0746522580825,91.03458155234773,10000.0,910345.8155234773
2020-01-24,90.95907084464534,92.47602106852037,90.87282922434139,92.06394675824995,10000.0,920639.4675824995
2020-01-27,92.08285939506271,93.74950724116972,91.40644821204886,93.13411981845961,10000.0,931341.1981845961
2020-01-28,93.20084733077519,93.71467725417233,92.2739175876465,93.16218554138904,10000.0,931621.8554138903
2020-01-29,93.1672304271384,94.27541706833848,92.52239172336735,93.65999001065924,10000.0,936599.9001065925
2020-01-30,93.65352534061955,93.9686846452155,93.63055212703713,93.8335124698224,10000.0,938335.1246982239
2020-01-31,93.90107015076428,94.94895489937879,91.61933549193293,94.12889137207848,10000.0,941288.9137207848
2020-02-03,94.13186388408415,94.70345464978018,93.85831618303737,94.37856991643598,10000.0,943785.6991643598
2020-02-04,94.42331784384105,94.69663541096057,93.67620131841811,94.58551016591207,10000.0,945855.1016591206
2020-02-05,94.50175308171333,95.32236288550159,94.39668689326797,94.89455143878628,10000.0,948945.5143878628
2020-02-06,94.897887278967,95.25619690650679,94.52782606849462,94.97102979465875,10000.0,949710.2979465874
2020-02-07,94.95505267643715,95.1902168792891,94.54534831980774,94.90435420278054,10000.0,949043.5420278053
2020-02-10,94.92068907347848,95.2992642626546,94.38273466774719,95.03430857707875,10000.0,950343.0857707874
2020-02-11,95.07776436470459,96.01074481537889,94.07190705435261,95.23529142141656,10000.0,952352.9142141656
2020-02-12,95.22979781982191,96.18824839064888,94.04990290454698,95.71016649418857,10000.0,957101.6649418857
2020-02-13,95.7019019210041,96.82936347579655,94.70010897371036,95.86776016623986,10000.0,958677.6016623987
2020-02-14,95.79068983103339,97.21690581829112,95.00873134136894,96.08632055573135,10000.0,960863.2055573135
2020-02-17,96.12135661519662,97.39835973319332,95.95280507460586,96.74748509576297,10000.0,967474.8509576297
2020-02-18,96.82557177086919,97.30129528547016,95.77825138693392,96.23269889914128,10000.0,962326.9889914128
2020-02-19,96.24251891041037,98.84562085184987,95.98545421866446,96.09840380684123,10000.0,960984.0380684123
2020-02-20,96.052650703425,97.2255410568425,93.17111949493786,96.67478246491814,10000.0,966747.8246491813
2020-02-21,96.70507060012565,97.31953360790261,95.52400161852876,96.74202054986802,10000.0,967420.2054986801
2020-02-24,96.83434062320882,97.9102666315869,94.39760984929173,95.89022489741633,10000.0,958902.2489741633
2020-02-25,95.98682310734583,101.01122430867582,94.52662910343453,97.46150912760609,593204.7351222597,57814628.70665727
2020-02-26,97.88593208901715,101.86268330130933,96.99044855582994,97.42891134994356,1473336.6431204218,143545585.191203
2020-02-27,97.36178734715752,97.43367610767588,96.0009810216621,96.29286056458295,73341.3234000257,7062245.82778066
2020-02-28,96.21710036310704,97.3912490104804,93.81808018066678,97.38939932120087,10000.0,973893.9932120087
2020-03-02,97.41406776220474,98.2342736880751,96.12317081141245,96.7749750016527,10000.0,967749.750016527
2020-03-03,96.87080219170551,97.76715100701101,95.83424940683038,96.80406272972341,10000.0,968040.6272972341
2020-03-04,96.7698282397398,97.18950596629163,96.30988825024015,96.33744071921774,10000.0,963374.4071921774
2020-03-05,96.33808998416599,96.94846823349957,95.67142745406677,96.46663166836782,10000.0,964666.3166836782
2020-03-06,96.39942573993251,100.10277562116698,94.44869998390129,97.11546570902526,10000.0,971154.6570902526
2020-03-09,96.99842008817662,97.34933811787134,95.02653538085245,96.40116559118252,10000.0,964011.6559118251
2020-03-10,96.32134573124326,96.65594888052162,91.62792616486534,96.34171119470611,10000.0,963417.111947061
2020-03-11,96.04006658217345,98.98332376023019,93.51142740804175,96.22207064176034,423082.4402682581,40709868.45478068
2020-03-12,96.27009990624333,102.90858821287284,92.39480506735627,94.54886229392807,1097755.6039187696,103791543.4273036
2020-03-13,94.64271368794518,97.31279251621486,94.5446817710337,97.05281417060107,1677754.0621200297,162830753.21490633
2020-03-16,97.21946402467171,97.60910815935732,94.58652624970395,97.46789438068242,1080008.3776252496,105266142.48063
2020-03-17,97.27924154192804,97.52142489624772,92.24030875840542,96.91881100479964,1539096.3183628365,149167385.19759068
2020-03-18,96.78289973628421,97.41642157173787,94.53100779443648,95.61109474926135,1271083.8144288906,121529715.0156132
2020-03-19,95.09912100157709,97.56886242203673,94.38328044704018,94.73614846001229,4210945.562578633,398928763.9734794
2020-03-20,93.88295738651094,97.30466332136638,90.29161729460594,95.84173420801075,6869251.306140866,658360957.8911836
2020-03-23,96.26140738061612,97.62024335277385,92.19752693768426,93.88231216910863,6168805.153075142,579141691.0914065
2020-03-24,94.62977354843851,98.35745900590595,92.40292526940918,97.38608350244847,3254586.112345632,316951394.90280086
2020-03-25,97.11563956887508,98.78724961387677,79.79297924570957,91.21620067053613,1961973.384596511,178963757.9596063
2020-03-26,91.10725645026075,91.35673383661612,85.45265497013256,85.69331605341335,3805456.9113649465,326102221.8332426
2020-03-27,86.0066186814041,89.94554522822627,80.94157970648087,84.97517071116668,5372225.508529388,456505779.686169
2020-03-30,84.66567112319171,92.20996751556643,71.3404720820138,77.39455946320439,5509588.138768117,426412146.8236546
2020-03-31,77.58024457474585,78.72370248573857,75.1699707081735,77.31671932502758,4186366.8575922986,323676151.32006145
2020-04-01,77.23550343156111,77.25468094906478,72.18704332101359,75.7169632856955,3261898.04944265,246981014.85133088
2020-04-02,75.60759283285115,85.7616419462429,75.02544603510111,77.98087645221892,6542633.808264819,510200318.67440945
2020-04-03,78.22773061725499,84.1007883983205,72.41900612782653,79.25089327314673,4736956.223940667,375408012.14308995
2020-04-06,79.15471714285596,91.51660007906807,78.34519301151211,84.40088618566838,6844631.242413464,577692942.4738088
2020-04-07,83.93730715138884,90.98501324126418,83.26292340073117,87.98951462041741,5035962.378452724,443111885.326738
2020-04-08,88.3592548226374,94.43547055848403,86.48369581331997,94.07789701543288,6582722.871923407,619288724.4259448
2020-04-09,94.08843792712779,100.84673239718302,93.56126519004533,97.35621588967443,7645159.668498575,744303815.197379
2020-04-10,96.97871907973551,115.95277642377465,94.91033151158874,105.16181754751975,9283627.81344473,976283174.2965543
2020-04-13,104.47846269774314,121.14410532354222,100.12863716484092,109.87785210050846,13075839.316823494,1436745138.5439456
2020-04-14,110.24507968323383,119.65082715061251,96.3489237777341,106.43396673182117,9412370.779355938,1001795958.3975356
2020-04-15,105.97216176562726,116.80766751760102,89.41712546308213,99.02227658727226,8891442.755380685,880450903.7832043
2020-04-16,99.0869852036509,109.04616212462447,80.77986418457658,92.66199470042929,7719724.095723067,715325033.2466671
2020-04-17,93.20044887509094,105.12774834067628,90.44375531519822,95.56382897788598,6160566.495341404,588727322.9677004
2020-04-20,95.48204233488562,116.28369301096954,56.81785527821491,80.16455272841438,7803285.087427606,625546858.8459399
2020-04-21,80.72679218269907,88.77195764065692,70.94121326160199,81.31874889080736,8828060.576087995,717886841.1797358
2020-04-22,80.75167978126298,82.63777758604448,78.29728641413915,78.46822290571778,5060339.71208231,397075864.50633043
2020-04-23,78.65631456340256,81.63443007918481,77.83868308759513,80.9422862857523,4408773.395491729,356856198.34689975
2020-04-24,81.09309757080845,92.0510242292248,73.93339578511849,81.6458690735474,4370473.266771748,356831088.1282851
2020-04-27,82.27452491552717,87.67631494220468,72.30906777835169,79.30510524270376,4827763.707723145,382866308.92788976
2020-04-28,79.30936404714421,84.49173141895182,76.16168988420007,79.45460093725455,4127565.0352710057,327954032.7200228
2020-04-29,79.74640946396583,81.81662232667233,69.08191491163177,72.47303931054196,6292568.312949882,456041550.70868754
2020-04-30,72.423885982523,73.7687852765877,67.49881477569446,73.4320836420237,6295456.413716982,462288481.93678
2020-05-01,73.14356988784716,77.43998091901992,72.38370020462632,74.83289149411976,4119795.758722917,308296228.99044687
2020-05-04,74.66861673698752,78.8528274530425,70.19605031595061,71.5627774525415,2264152.4681367185,162029039.19589055
2020-05-05,71.43306209594371,74.43452598857719,70.42888142472931,73.2355282962146,2889988.4551463374,211649831.2826031
2020-05-06,73.40046953705733,81.10513359523863,63.233878913505656,73.07918020611696,3521917.9663935723,257378877.73723683
2020-05-07,72.97854629741728,77.27373794925602,71.71642550054978,73.3616551730608,790674.7063700684,58005205.16278205
2020-05-08,73.36826922459386,77.43462564551052,66.40000664133865,71.06531793324899,1756632.9212077125,124835677.03763801
2020-05-11,71.27609508644892,72.7458286511293,70.41807426976287,72.6153632177928,3257523.3473119433,236546241.055497
2020-05-12,72.91127231279867,77.99179683742932,70.85707644171852,74.13423969841605,3712332.7338746297,275210964.733338
2020-05-13,74.36823836529612,84.95099349663445,68.81633453560868,74.21793873372481,3892212.891572659,288872017.92535347
2020-05-14,74.83059469400064,77.94261817282691,68.12341909768118,70.46684733489874,8190424.255499789,577153375.6203554
2020-05-15,69.95124198083167,76.68776378191262,64.93797657746236,74.26016872042102,9038182.382974485,671176948.6856222
2020-05-18,74.10328772582184,83.12820991299937,67.3374386591907,78.5444626536047,4363287.118353392,342712042.11446244
2020-05-19,78.6362629610741,81.28205552726595,76.50965766216744,79.86607673666626,3199465.6771862414,255528771.29048622
2020-05-20,80.13742293078653,89.30113547737223,75.67716033210041,82.47795890369287,2556846.632519835,210883491.48001647
2020-05-21,82.5831405399303,86.36107445698995,77.55699322905852,81.37541734294773,2182692.6547926376,177617525.71513742
2020-05-22,81.29937339380731,82.21519357592129,80.89837609590782,81.58605159762969,24514.278537949507,2000023.1936758147
2020-05-25,81.56529358010906,84.20269645555777,80.07593815432901,82.06315631285737,204446.07137384117,16777489.912701122
2020-05-26,81.92537286249684,83.4373697198428,80.86363094734739,82.23579891432925,10000.0,822357.9891432925
2020-05-27,82.29905301014578,85.38266056670804,82.17152140700213,84.5280955104754,10000.0,845280.955104754
2020-05-28,84.40407969977134,86.34952984827665,82.82310975863979,84.86679871085524,10000.0,848667.9871085524
2020-05-29,84.8834355326155,84.88835685538646,84.35358490393611,84.48773830256648,10000.0,844877.3830256648
2020-06-01,84.55453449123894,85.16834730069871,84.07865267152366,85.04808680649522,10000.0,850480.8680649522
2020-06-02,85.08841053590972,85.24788376743759,84.56953576698103,84.59702753941836,10000.0,845970.2753941836
2020-06-03,84.52492499443427,84.9121988687796,83.76969123169138,84.79607126421347,10000.0,847960.7126421346
2020-06-04,84.80791709517104,85.30718230725206,84.42004032295917,85.26699646193936,10000.0,852669.9646193936
2020-06-05,85.25195265568438,85.49239206358932,84.90669534114198,85.0886964755037,10000.0,850886.964755037
2020-06-08,85.07336058122843,85.1335256248825,84.40276957078693,84.96570172268497,10000.0,849657.0172268497
2020-06-09,85.04078095177998,85.30789444334572,84.45628759724566,84.57565454934903,10000.0,845756.5454934903
2020-06-10,84.58520477592455,85.12574199153572,84.54304871196311,84.64810916829386,10000.0,846481.0916829386
2020-06-11,84.58820013065193,84.63945811373924,83.19719178285222,84.40246588826082,10000.0,844024.6588826082
2020-06-12,84.37117118688305,85.33616038160537,84.36577887969734,84.93350662065112,10000.0,849335.0662065111
2020-06-15,84.9574420739666,85.69087872603906,84.58300705827183,85.18331197019702,10000.0,851833.1197019703
2020-06-16,85.18944438654705,85.43894073556324,84.12094454504897,85.14785491452841,10000.0,851478.5491452841
2020-06-17,85.11442006937335,85.19197578810268,84.367336126238,84.75948634511933,10000.0,847594.8634511933
2020-06-18,84.72106571381725,85.91303488811815,84.40697596089642,85.24924885519133,10000.0,852492.4885519133
2020-06-19,85.2364209698274,86.09985572763183,84.20406352685484,85.57269519166182,10000.0,855726.9519166183
2020-06-22,85.5607735227748,85.87527175659797,85.20950868528631,85.72679812962699,10000.0,857267.9812962698
2020-06-23,85.75201369112249,85.94792427651906,85.27881807912385,85.81971958573102,10000.0,858197.1958573102
2020-06-24,85.79819178517484,86.25431256006414,85.22396139081026,85.9154543053626,10000.0,859154.543053626
2020-06-25,85.93851958928036,86.9081764966893,85.15715594822845,85.7879543410951,10000.0,857879.543410951
2020-06-26,85.84087904047495,87.40745982862887,84.98105222662691,86.66655335277203,10000.0,866665.5335277203
2020-06-29,86.60998670258115,87.16676194047655,86.21335008241061,86.77504982322492,10000.0,867750.4982322492
2020-06-30,86.75685149883307,87.02264141847554,85.95590873979627,86.36949756433515,10000.0,863694.9756433514
2020-07-01,86.42176526155765,87.43061058758457,86.01616844725433,86.18181224541033,10000.0,861818.1224541033
2020-07-02,86.16708558600848,86.44403483925885,84.93245442425531,85.39346873273803,10000.0,853934.6873273803
2020-07-03,85.39249479866157,86.09661459865421,84.26227626346747,85.63148357291489,10000.0,856314.8357291489
2020-07-06,85.66566925656146,86.24709507804752,84.61003003241782,85.94541745092891,10000.0,859454.1745092891
2020-07-07,85.91362267473768,88.18158787112712,85.2751718946172,86.71434540418215,10000.0,867143.4540418215
2020-07-08,86.69469024749975,87.94906375369284,85.76386395754353,87.71439986184171,10000.0,877143.9986184172
2020-07-09,87.58057937215943,88.11848948893744,86.66539592201342,87.17459507038944,10000.0,871745.9507038945
2020-07-10,87.23435439296854,89.72252308715406,84.71083403681948,87.80119633436993,128021.36703124721,11240429.18170497
2020-07-13,87.71534208606646,91.28978458413415,81.87248980037086,89.65127438536562,1183221.1505344508,106077284.02513205
2020-07-14,89.58067440589446,92.45170337233785,89.35493691205797,91.24781062270509,1455841.614347633,132842359.92264608
2020-07-15,90.81611131665326,93.81449423822978,88.26875430513267,90.57467903584346,1068395.9416018333,96769619.4937838
2020-07-16,90.68730215478112,91.78708543597796,89.26064115821751,91.67141972477634,187390.6582373715,17178367.6837802
2020-07-17,91.7510190229987,93.3269156567555,90.81571697758132,92.39493257899632,257768.95274857932,23816545.010163475
2020-07-20,92.32949166666663,93.55288136023724,91.04271533182869,93.54992458680705,10000.0,935499.2458680705
2020-07-21,93.6417067301699,94.12765438000689,93.20696616200824,93.60355349706326,10000.0,936035.5349706326
2020-07-22,93.33981944005681,96.85409465544193,87.60007724347096,93.4535155191029,10000.0,934535.155191029
2020-07-23,93.4337646830116,94.42234028544924,87.92394181815558,92.7326019253914,934999.3860621545,86704925.86818713
2020-07-24,92.32772002682533,95.0694619734956,88.1088277731633,92.07206739549223,2271675.4383397494,209157854.05950174
2020-07-27,92.59090810657378,92.84548572065313,89.67355837785333,90.7772699917428,1267611.8312587426,115070341.45090239
2020-07-28,90.17140439184301,90.94699738646425,87.7089050257814,90.21443103963517,1771702.3006399153,159833115.02384263
2020-07-29,89.96949206965739,94.03995770776926,89.69385775268097,91.36246474386674,1624781.825774511,148444072.2737992
2020-07-30,91.15752928535703,96.00205948147038,87.8789484050542,92.75430001045808,3339766.8964751814,309777740.6806555
2020-07-31,92.94572291449013,97.50224446344264,88.87300316420414,96.42865170960762,3001638.5865600985,289443961.82152265
2020-08-03,96.69106328058925,104.22914206635396,95.45709556457426,100.52954625949764,4136692.3411394698,415859804.0698899
2020-08-04,100.7521706706817,112.04595334892299,98.18673397800725,105.49821105131826,8585989.248799233,905806505.854171
2020-08-05,105.22873638593781,106.38031355937682,89.62907061043825,96.6666855213844,13251879.04382115,1281015224.0964832
2020-08-06,99.44894997515,132.72896692177505,99.30043799199997,105.80707970343806,24835069.314416595,2627726158.3908854
2020-08-07,104.7155775083827,183.4159510034771,94.50581111678842,124.565524480542,25153914.367912564,3133310535.9776697
2020-08-10,124.90240297840522,157.28423040448462,94.7057345920688,108.91580354835268,16942596.88582205,1845316554.0151265
2020-08-11,111.50343627388136,134.8845677901174,89.28806276391036,94.07336003461492,27146726.16111552,2553783743.91572
2020-08-12,91.67121850713349,95.69995849400452,38.72893722911113,79.20574169644836,22462126.471665107,1779129387.2676613
2020-08-13,78.16280492448689,82.14355087958194,64.02894861805487,68.5449357092687,18540280.008289628,1270842301.2000523
2020-08-14,69.51409893432852,80.30530942312005,54.38596436017627,66.52772226085474,22323569.124136392,1485136206.5615382
2020-08-17,66.74851632320143,68.67065271386772,48.36510760012824,61.7456181053635,14105226.03475789,870935900.0319914
2020-08-18,61.091217181647174,70.97197704270248,58.4131546302247,63.92707715386175,9775503.493371384,624919366.0385976
2020-08-19,63.90461363394881,64.83798045077023,43.499649266825855,57.66113289352693,13494245.396948567,778093477.1313154
2020-08-20,58.53447921059192,58.84462368519259,56.310537130020016,57.35871938504265,12939186.205326019,742175150.6221099
2020-08-21,57.233637999324785,69.28698950387502,53.813515758204105,55.723512888343485,11621453.972895447,647588240.23993
2020-08-24,55.90361649646187,57.58072728842471,51.20233285628345,53.53730253521461,4180040.3116263873,223788082.77293465
2020-08-25,53.55078607712328,57.551296609185485,50.2278064098485,56.369877972258045,4900526.052484553,276242055.5784257
2020-08-26,56.12943670098826,58.67763396933973,51.67857594541114,56.64286980092383,9257276.289646186,524358695.5856082
2020-08-27,57.181632261259786,63.23226361879361,54.73564044193424,58.777618335279016,8408478.582847374,494230344.9229707
2020-08-28,59.1044375670387,64.80356216014586,47.790602866893735,57.781918560321785,7284409.263883637,420907142.84577787
2020-08-31,58.05729900067669,64.93043673586408,56.779722826519574,59.67513214859116,4842883.5427490845,288999715.39378893
2020-09-01,59.58851486388615,73.76783771574115,56.55528012900387,62.27972806390951,10747997.942474417,669382389.0887656
2020-09-02,62.28878774157841,69.34086747774636,61.06528449698291,61.93373359362001,6100152.283041635,377805206.3784135
2020-09-03,61.981797646455426,62.44915259408027,54.98792702212593,56.57484416658114,6547226.704763218,370408330.54525757
2020-09-04,56.69921087850153,63.23250353575898,54.8805389320402,59.60489804107695,8536993.212141925,508846609.98708546
2020-09-07,59.523252988610075,62.52046049730406,58.69539368255656,61.055432752697556,2494800.0689718826,152321097.842538
2020-09-08,60.94597590736528,64.44850464798718,60.00665042304178,61.501756341253355,2527947.9540833,155473239.11540106
2020-09-09,61.719309040337926,67.40680374009288,61.538222965983344,62.03241758234401,3428165.6993838376,212657406.20564663
2020-09-10,61.807913001357846,65.26090141065059,54.41015130450303,62.375649470258566,2981962.6111711254,186001854.56782705
2020-09-11,62.24068323145578,65.54529933750231,60.595031956503206,63.017914967118095,5954102.627041758,375215133.056412
2020-09-14,62.89225562155343,68.93728247709043,56.930045502717476,60.50126457014431,4166156.410858029,252057731.25392443
2020-09-15,60.4099415162672,60.566881160319454,60.068803466188854,60.5038780572052,2086484.1416729412,126240382.07607208
2020-09-16,60.32994587898864,61.11978785750467,59.791183392647355,61.0092780029881,1623030.1753598405,99019899.17576703
2020-09-17,60.89191016381058,65.26403141171757,59.66090169455892,60.25452496755441,2235368.303428324,134691055.25060168
2020-09-18,60.350821851020704,61.806268025104046,56.133273882027396,59.0430790362097,2032408.6032023798,119999661.79275066
2020-09-21,59.00238412025531,62.513208375054994,58.215444788090466,60.80529924468827,459889.8393316714,27963739.300153892
2020-09-22,60.75568054544021,61.51493931426095,59.92133603294922,61.204230524617245,10000.0,612042.3052461725
2020-09-23,61.31369906393844,62.61239258986833,59.99549175228366,61.03292906024977,10000.0,610329.2906024978
2020-09-24,60.92801041867191,61.48789704105987,60.33211446858428,60.71460991378154,10000.0,607146.0991378154
2020-09-25,60.78159544032014,60.930801044991945,58.01103715598546,58.92388505547576,10000.0,589238.8505547575
2020-09-28,58.93522771725228,59.32750886079984,57.94240809986657,58.34377231921681,10000.0,583437.723192168
2020-09-29,58.249585513839584,58.78057654888019,56.947926768315774,58.21944075024367,10000.0,582194.4075024367
2020-09-30,58.204779865733116,59.37565463703208,58.101783298943715,58.621453114359625,10000.0,586214.5311435963
2020-10-01,58.60838283211222,58.82306578501084,57.84270069022929,58.078896331489915,10000.0,580788.9633148991
2020-10-02,58.13360392361767,58.431126513901795,57.711020063374946,57.78930951663964,10000.0,577893.0951663963
2020-10-05,57.82320677187893,59.4814748513673,57.46354045842035,58.5993887502632,10000.0,585993.887502632
2020-10-06,58.58418445521924,60.116202414304105,58.206960496066266,58.899582348471235,10000.0,588995.8234847124
2020-10-07,58.86334304038792,59.11097007848368,58.65239394753482,59.03470153065095,10000.0,590347.0153065094
2020-10-08,58.96706787062507,60.04692160571603,58.81018402646749,59.510306696141946,10000.0,595103.0669614194
2020-10-09,59.50376234108828,59.54045468556939,59.485588369990246,59.49505876624421,10000.0,594950.5876624421
2020-10-12,59.45807642998572,59.71290070281883,59.38309871117911,59.465896232450575,10000.0,594658.9623245058
2020-10-13,59.459621938676,59.889651024873004,58.771170015603815,59.646403110323995,10000.0,596464.03110324
2020-10-14,59.64157258104303,60.068494959417336,59.36317388081413,59.79429028982358,10000.0,597942.9028982358
2020-10-15,59.79961146146852,60.000823298934534,59.410397166493766,59.607365112384514,10000.0,596073.6511238451
2020-10-16,59.62205507019011,60.386500773026235,59.400304130427344,59.863508294522326,10000.0,598635.0829452233
2020-10-19,59.8637940604307,59.97076265990958,59.42014243763271,59.59197858589433,10000.0,595919.7858589434
2020-10-20,59.59811827866282,59.687321830322375,59.21939283930449,59.48994261533828,10000.0,594899.4261533828
2020-10-21,59.48569813187825,60.17577286400726,59.44430049524387,59.99574281867437,10000.0,599957.4281867438
2020-10-22,60.01118170963305,60.03763039511665,59.805757490581406,59.92279423673923,10000.0,599227.9423673922
2020-10-23,59.93456331263709,60.42293022997155,59.90891052554718,60.03896986393792,10000.0,600389.6986393792
2020-10-26,60.063443036694174,60.28773526567111,59.831805866793125,59.88670024629238,10000.0,598867.0024629238
2020-10-27,59.90760081112595,59.92756952627003,59.52350020237746,59.84486566484032,10000.0,598448.6566484032
2020-10-28,59.83156039626033,59.83263844313295,59.636206651147674,59.738581081133034,10000.0,597385.8108113303
2020-10-29,59.71345503790925,59.737840106537654,59.44915386405404,59.6843189703984,10000.0,596843.189703984
2020-10-30,59.693248131317446,60.01659244931982,59.643108494003044,59.800255551866954,10000.0,598002.5555186695
2020-11-02,59.817351901413275,60.457709916267156,59.76373695390022,60.09352787083094,10000.0,600935.2787083094
2020-11-03,60.081107165573336,60.569198500222356,59.967380634175896,60.24568491789074,10000.0,602456.8491789075
2020-11-04,60.26870933326878,60.74021152005702,60.15130743774133,60.50982802348629,10000.0,605098.2802348629
2020-11-05,60.50993561259073,60.5390798962677,60.419677495482496,60.437378116004666,10000.0,604373.7811600467
2020-11-06,60.43383953644123,60.8371059429055,60.40540316287117,60.737989371132684,10000.0,607379.8937113269
2020-11-09,60.742667691355294,61.30584778533476,60.610807316909394,60.848680219449356,10000.0,608486.8021944936
2020-11-10,60.817323047062345,61.19108904889421,60.7610830290374,61.14844367823152,10000.0,611484.4367823153
2020-11-11,61.08640357900227,61.11044419824933,60.729490966177934,61.02237169015442,10000.0,610223.7169015442
2020-11-12,61.00883834293573,61.221279200694134,60.729899738351854,60.97070444521,10000.0,609707.0444521001
2020-11-13,60.926916400521876,61.66253421696218,60.73148001094127,61.46114940517376,10000.0,614611.4940517376
2020-11-16,61.45793058249894,61.95130678867164,60.77019606381647,61.638291709721294,10000.0,616382.917097213
2020-11-17,61.63526248473782,62.12585437720799,61.492531953961276,61.68343797067338,10000.0,616834.3797067339
2020-11-18,61.62493284448588,62.128755544792405,61.38702832054224,61.54714736546012,10000.0,615471.4736546011
2020-11-19,61.525448119840334,61.53846423124858,61.08261042603876,61.53679503004811,10000.0,615367.9503004812
2020-11-20,61.54687577376405,61.79571618071517,61.35712317066665,61.668833868528736,10000.0,616688.3386852874
2020-11-23,61.595430511871875,62.08880787335462,61.41854396784548,61.90142100137474,10000.0,619014.2100137474
2020-11-24,61.87750311121302,62.57605280950202,59.451140003179674,61.63934136925877,10000.0,616393.4136925878
2020-11-25,61.54709492321409,62.115253985277754,61.23770251808117,61.45784977846185,10000.0,614578.4977846185
2020-11-26,61.28837392365665,62.47993548190061,59.91506847180452,61.84439132552592,150439.5597480784,9303843.003899999
2020-11-27,61.93095212909887,62.31040988471687,59.86005316407584,60.92488085743757,318781.94320726866,19421751.909405272
2020-11-30,61.00802291470725,61.92479315219408,59.78311736936223,61.7842936983853,470646.6786481225,29078572.621765167
2020-12-01,61.741567837712154,62.61544583315692,60.241312217593645,61.80746978273761,98916.1264617831,6113755.497312112
2020-12-02,61.77344597944969,61.95673309567076,61.52735448831924,61.75224513421371,10000.0,617522.4513421371
2020-12-03,61.83004938708896,63.95867377911884,59.41768378445168,60.298592372159874,10000.0,602985.9237215987
2020-12-04,60.40664497266092,60.558732565061106,56.31066419384886,58.733289123318954,753217.7157389001,44238953.87129869
2020-12-07,58.71638974837934,62.35291812233599,57.062273132225634,57.536485007679076,1568208.5307768218,90229206.61995503
2020-12-08,57.61542956892041,58.327509941133435,55.57783882158219,56.92796808400414,1246479.3206478395,70959534.98321137
2020-12-09,56.92296571152312,58.714206096231415,55.03663776181551,55.10677887722045,3109089.3113481454,171331897.18999186
2020-12-10,55.03903089369076,56.140745596062104,51.25482896556866,55.6813412119903,2296785.9898704253,127888124.39289404
2020-12-11,55.746637681972416,58.362938456576266,52.347823937369114,55.86541495564129,2443357.862100433,136499200.85136926
2020-12-14,55.80665496163611,56.32249759858951,53.85374687836788,55.58908895314383,867322.780802909,48213683.21314098
2020-12-15,55.628452048997616,55.942069819952245,51.372164360071935,53.85598170967732,585268.0377656764,31520184.737167004
2020-12-16,53.823264596122016,55.99838009449732,53.49839742658608,55.05800125680167,501404.3044613121,27606318.825196687
2020-12-17,54.965900238108624,55.076796771393994,52.883734991871165,54.62929140940101,2191610.8966370495,119726150.32840402
2020-12-18,54.52312884679111,56.54515190218727,53.6185373418985,55.519958266376754,2321746.487184267,128903268.07357734
2020-12-21,55.5583445364254,56.47303861471191,54.58719321183906,54.713688100805825,2093661.2663166795,114551929.51398897
2020-12-22,54.79961685511612,56.22640873027565,52.74087921537613,54.7105287610963,1555618.6591868817,85108719.39474195
2020-12-23,54.74162284543626,56.075098024352386,53.17104335062118,55.46085128359351,976750.4283190158,54171410.2461872
2020-12-24,55.38527831702644,56.48562833012224,55.370466636542716,55.63568321639731,321306.22567610786,17876091.3871722
2020-12-25,55.675995587140214,58.64203073561409,55.083208403652954,56.448834026642636,443816.5054121411,25052924.252294496
2020-12-28,56.33526689939776,57.062988975005304,55.11512894531355,56.2475209452171,1443592.6258176232,81198506.45703772
2020-12-29,56.09020701869661,60.4074287744484,54.0711974673744,58.773170850195,1264120.0877146954,74296345.89041927
2020-12-30,58.72003267128494,61.509505226895804,54.36752532263848,55.87067646666466,3102964.868316137,173364746.24511763
2020-12-31,55.94501292832436,56.69997449342201,53.9108352396633,55.25954183068541,983125.500201387,54327064.703192055
2021-01-01,55.30086042415685,57.05075838263905,54.31360766785298,55.992096170875236,282604.3193840527,15823608.22925662
2021-01-04,56.04006816913847,56.68390993722009,54.5794730480616,55.70440927390643,1498334.7984082524,83463854.83986938
2021-01-05,55.89467058316206,58.57205808436693,54.098002442704825,55.02227674329414,2657862.1019214373,146241624.1174348
2021-01-06,55.098498731833324,55.79157128724842,52.920247899641716,53.203702440866905,1391875.7986727888,74052945.82723102
2021-01-07,53.15038820147752,55.894498313192734,52.383870474847356,54.52787870485437,1584793.840616814,86415446.31335396
2021-01-08,54.60476054372951,55.963712890371134,50.74587270007034,52.34886138395501,1921439.0149110642,100585144.64930236
2021-01-11,52.29737305360792,54.94838496820922,51.241787705797734,53.00686943143725,1830729.2572559444,97041226.70367795
2021-01-12,53.04576710329072,57.23312154132769,52.6904621520671,53.26761111018254,2315115.1955451733,123320655.9115745
2021-01-13,53.326734230761176,55.75475868123398,52.13673408414265,54.35831927585648,2382258.005208714,129495541.24460024
2021-01-14,54.333398109245344,59.035080954075994,50.838071579358285,56.34319696839327,2160870.2159154005,121750336.19845591
2021-01-15,56.11190899757228,56.882092462068016,54.21285748112494,55.31526908075533,2891010.6384725394,159917031.3824348
2021-01-18,55.28016219104376,59.049318606935124,53.3446464368887,54.17970241469588,2621078.893807464,142009274.47192866
2021-01-19,54.144735552893565,54.86242079241565,53.127732189023284,53.8981622492311,475315.266975859,25618619.379001446
2021-01-20,53.88961423608227,54.34764194931124,52.76035687947347,53.19476738527238,10000.0,531947.6738527238
2021-01-21,53.176297959833526,53.52627569144561,52.37439095914518,53.48181299097152,10000.0,534818.1299097151
2021-01-22,53.45037760305994,53.94307597320149,53.292669656966076,53.37436940813739,10000.0,533743.6940813739
2021-01-25,53.322930321296255,53.575710893709015,52.90457052793172,53.41636431079551,10000.0,534163.6431079551
2021-01-26,53.43892415684923,53.54612610702676,52.555207083176576,52.96353725992675,10000.0,529635.3725992675
2021-01-27,52.99436965815885,52.99473562541483,52.51047135053593,52.95706326190056,10000.0,529570.6326190056
2021-01-28,52.96915703414069,53.51779053858334,52.428444216703376,52.68588019495244,10000.0,526858.8019495244
2021-01-29,52.68020897025608,53.63621558652092,51.40426597117728,52.640224646492854,10000.0,526402.2464649285
2021-02-01,52.7534914864409,52.94468685521913,51.51850622541189,51.96427644663998,10000.0,519642.7644663998
2021-02-02,51.993187289886755,52.695710070217025,51.70984911053751,52.45943681724204,10000.0,524594.3681724204
2021-02-03,52.45574644507666,53.13451995184393,49.4125666345672,52.03044673397845,10000.0,520304.4673397845
2021-02-04,52.08510444912348,52.99908021858271,49.1778753261296,50.17847383667318,385877.22372772166,19362730.174989562
2021-02-05,50.168149425624705,51.42229760917308,49.16252856516629,50.61767432027096,404366.3617988503,20468084.80760706
2021-02-08,50.679299626740296,51.75484522922122,49.68588999132777,50.28835695872169,1166318.3967746543,58652235.864527814
2021-02-09,50.3039669339958,51.06245844180767,48.91628575717998,49.60563613264527,547578.4028152626,27162975.004148975
2021-02-10,49.64590685793256,52.9451697739818,47.27392993346369,51.77722956650667,959055.544517023,49657239.09548896
2021-02-11,51.77702243324758,52.70725931553482,51.264835004193564,51.71842680396143,57325.791889356675,2964799.771808819
2021-02-12,51.693395523217674,52.127677147831555,50.25040473106149,51.05047093880296,10000.0,510504.7093880296
2021-02-15,51.06568899904383,51.5660006268409,50.57185468812714,50.82624981336601,10000.0,508262.4981336601
2021-02-16,50.86417539644922,51.07004991679037,50.49931438182531,50.94801884269903,10000.0,509480.1884269903
2021-02-17,50.922535631693655,51.28671642814468,50.3904348291215,50.87742804247112,10000.0,508774.2804247112
2021-02-18,50.86286483297703,52.06041509046445,50.65324530484524,51.17777176358764,10000.0,511777.71763587644
2021-02-19,51.15781218486884,51.411332009976654,50.91231196225639,51.35721781608803,10000.0,513572.1781608803
2021-02-22,51.37485864376964,51.52428524483336,50.72402267858452,51.17736334823323,10000.0,511773.6334823323
2021-02-23,51.16894293375731,51.96760164292979,51.09980900757341,51.175940049482286,10000.0,511759.4004948229
2021-02-24,51.19977080577511,51.474820009154236,50.77302048769662,51.34788550066279,10000.0,513478.8550066279
2021-02-25,51.3164987203801,51.50002791289737,50.53761943364226,51.17746304262698,10000.0,511774.63042626984
2021-02-26,51.20510432470697,51.228269387306376,50.80758030313621,50.99603837988953,10000.0,509960.3837988953
2021-03-01,50.96458341913538,51.582112941708296,50.842888242650936,51.424026589451366,10000.0,514240.26589451364
2021-03-02,51.40277111742875,52.38448199509969,50.76840183929398,51.59579251142876,10000.0,515957.92511428765
2021-03-03,51.60699314544622,51.75909389818188,51.25190868300658,51.26504626069626,10000.0,512650.4626069626
2021-03-04,51.25287023778339,51.38316639778072,50.565706226050345,51.09887406911017,10000.0,510988.74069110164
2021-03-05,51.084230597110235,51.22540884740603,50.82575962310509,50.99420328644912,10000.0,509942.0328644912
2021-03-08,51.00729179720819,51.04276157284923,50.8415345743517,50.96926879766944,10000.0,509692.68797669443
2021-03-09,50.967773259776074,51.01637482074764,50.743147488565484,50.86480086333683,10000.0,508648.0086333683
2021-03-10,50.881110710563426,51.09224162105275,50.87596123924391,51.043659611652906,10000.0,510436.5961165291
2021-03-11,51.077675808313316,51.110705306258005,50.85725128467675,50.904405889718454,10000.0,509044.05889718456
2021-03-12,50.89617591388554,51.26158669145788,50.50922488357409,50.7496399105274,10000.0,507496.399105274
2021-03-15,50.74446579782653,51.00187973158567,50.547271703958664,50.77278923557923,10000.0,507727.89235579234
2021-03-16,50.749095075007,50.89082439379874,50.20348212498788,50.422958686748586,10000.0,504229.58686748584
2021-03-17,50.406455116022926,50.5184502636707,50.033718216521436,50.277144066241995,10000.0,502771.44066241995
2021-03-18,50.2846780284297,50.42227169764119,50.02434500769698,50.356604208395254,10000.0,503566.0420839525
2021-03-19,50.360107019607796,50.38173664097296,50.01781901190754,50.171222863953744,10000.0,501712.22863953747
2021-03-22,50.17442128408807,50.40132172683,49.68027421129258,50.05147715266616,10000.0,500514.7715266616
2021-03-23,50.05711749293832,50.36687030236669,49.88871804156477,50.193082433107946,10000.0,501930.82433107944
2021-03-24,50.18124043340713,50.426288819219764,50.16702986418148,50.249722063613575,10000.0,502497.2206361357
2021-03-25,50.22655032469637,50.36259605943995,50.16028695329603,50.25229873668818,10000.0,502522.9873668818
2021-03-26,50.26634422653099,50.58487935918808,50.207753581942505,50.28035851671706,10000.0,502803.58516717056
2021-03-29,50.28361982005556,50.42208055464436,49.965327138193345,50.16866537840377,10000.0,501686.65378403774
2021-03-30,50.19764844053612,50.56921493017791,49.80901681422874,50.24184473245021,10000.0,502418.4473245021
2021-03-31,50.23887914841216,50.55569940074446,49.27245917435043,50.13627178853982,10000.0,501362.71788539825
2021-04-01,50.17171374369967,51.99132647121847,49.898613841868766,51.373927441109814,10000.0,513739.27441109816
2021-04-02,51.33549379285476,53.158117086226326,50.38585527965565,51.72517318761134,195743.04779034667,10124843.047226565
2021-04-05,51.722736532920266,52.71484272398159,51.493867949880396,51.49668759960889,10000.0,514966.8759960889
2021-04-06,51.482111295487236,53.3411599848478,51.283571212597515,51.43510228658377,349976.4954118707,18001076.839409687
2021-04-07,51.45606811975742,52.85130704619668,51.24723319574214,51.450448076876164,36772.30835845812,1891951.7418637287
2021-04-08,51.56093473859411,53.6453557510525,49.348450656087195,50.31099221050992,559696.5873269691,28158890.645256132
2021-04-09,50.34896368355688,51.492019993136594,49.44818885969515,49.78036329550493,57111.67003403493,2843039.682707261
2021-04-12,49.626809809792604,50.66449248631585,48.84762318977546,50.58239176963591,10000.0,505823.9176963591
2021-04-13,50.57433188633311,52.22259903588896,47.65850315687665,49.73916644630466,10000.0,497391.6644630466
2021-04-14,49.73738729964577,50.52609604515919,48.74089298370966,49.29370910579201,479769.6927728125,23649627.673318222
2021-04-15,49.33577316563772,49.96219925256146,48.91919128835252,49.84601756251644,10000.0,498460.17562516435
2021-04-16,49.85183017211546,51.30612613599132,48.89656897302109,50.65130757195588,10000.0,506513.0757195588
2021-04-19,50.60593006878145,50.68357574891315,49.878872172126414,50.0000509107126,74006.79952976882,3700343.7442273423
2021-04-20,49.942055763434176,51.67986580598129,49.73854023634622,51.04460143791473,305331.931432116,15585546.746221071
2021-04-21,51.0211640732913,51.6334329149741,50.76456408756287,50.79735239723582,106617.1277406462,5415867.809422712
2021-04-22,50.74468770533803,52.04504253916482,50.25433795840801,51.989856120952616,409180.4805881822,21273234.313281838
2021-04-23,52.09312590807194,53.586457351300524,52.05228047694146,52.351975234799696,312582.2898966415,16364300.299505955
2021-04-26,52.41795612668343,54.283151116027504,50.28441575374432,52.002395839236826,2054751.9105231317,106852022.20245202
2021-04-27,52.00600907200211,53.94877979067476,51.92582701087936,53.00265938630332,2961949.7097920603,156991211.58746853
2021-04-28,53.10068336164188,56.25180191532131,50.89799784250061,53.57816477107291,1196831.8659509898,64124054.91719278
2021-04-29,53.714744690577874,53.7295639245913,52.792987456654835,53.0681447056776,22009.040874825518,1167978.9659784136
2021-04-30,53.05126382364797,55.23101999918509,52.671626089496115,54.63789547993194,301592.2663426608,16478366.725986097
2021-05-03,54.631832705701825,55.87859248359168,53.99158300727822,54.24667910134996,1249011.7735171078,67754740.87179054
2021-05-04,54.208166436829416,58.127654693855334,52.88370649524258,55.62497188612401,1975917.8683550193,109910375.87653802
2021-05-05,55.42653348161858,56.41553059520089,54.486463880856576,54.83125600123966,3407257.857511036,186824227.847423
2021-05-06,54.738515561782684,55.430096649083694,46.31157384930151,52.2609827112097,1974812.7300015555,103205653.94048811
2021-05-07,52.166308843432425,54.80241356953772,51.056043309939454,51.138586342323144,1142761.668407683,58439216.24856355
2021-05-10,51.19459134884022,53.14532589317304,49.30409443311944,50.996676838078145,1974172.460083457,100676234.96950978
2021-05-11,51.052121923992836,56.73240345868276,48.81215439111513,51.882635344385484,1706134.0443643827,88518730.47239888
2021-05-12,52.01940330600109,57.19390075316575,50.24169756849296,54.807429785009255,2900751.510140069,158982734.7157614
2021-05-13,54.71064149309555,55.7559307464879,53.5808441497875,54.891248731624074,1631939.4924683673,89579196.5960415
2021-05-14,55.01898599178683,55.4559474365828,53.04934781790625,54.49869005931127,2633129.428446338,143502104.6069484
2021-05-17,54.384134347388006,57.14993273861111,50.30103731041363,53.07383419540707,1221050.8449863507,64805850.09096728
2021-05-18,53.04491252653098,53.86684090634643,52.87110105688212,52.98860810286645,1847805.069055225,97912618.6546574
2021-05-19,53.1456245854819,54.29527398906869,52.61546355046674,53.34879941187637,2166981.976243176,115605886.77974865
2021-05-20,53.48154915122043,55.523084418301096,50.33555172296128,50.94150310753343,1143121.7924771267,58232342.34376273
2021-05-21,51.04075067039279,54.58682185233829,50.26149460963752,52.167981747051115,1239532.2880679974,64663897.7788118
2021-05-24,52.450233877140576,54.18132889261083,49.2886073368186,53.72522255575423,2104612.937157223,113070798.4424914
2021-05-25,53.87000114769015,57.0916645237308,49.9899968985863,57.04221675664727,2783044.9282772527,158751052.04227892
2021-05-26,57.00982862071284,57.69011612626149,55.481962844347215,55.89895836246587,2072113.7377717379,115828999.5499959
2021-05-27,55.877059966714455,57.17204397927085,54.07945764450585,55.92220683017407,950049.8156152797,53128882.287806414
2021-05-28,55.86332195337595,56.083423776971976,55.1526952327679,55.92221986337049,288934.22595838655,16157843.310097663
2021-05-31,55.94759882226552,56.87163245947501,52.54883675106322,54.41077521148904,1782723.5314629546,96999369.33466274
2021-06-01,54.35738043864374,54.663085707563205,53.35765777141499,53.79945088672366,145076.37098475677,7805029.095618524
2021-06-02,53.76291056861768,54.08447579972178,52.52015049411948,53.21326689953858,10000.0,532132.6689953858
2021-06-03,53.143390780877645,54.04928173024908,52.89139887957149,53.56963855858305,256468.18833132283,13738908.15068357
2021-06-04,53.40362485017592,54.865378884128475,52.6450811871139,53.98045871645484,777047.1493140701,41945361.56428708
2021-06-07,54.21429164434034,56.97614098723005,54.174221701375565,55.266640665716984,883861.6551188839,48848064.49166123
2021-06-08,55.36974836032648,56.51327621445407,54.11129877522824,54.770668607783904,1729565.3771642179,94729452.10815816
2021-06-09,54.488025621162194,56.678128053149884,49.93134745744054,52.85663580777924,2832643.1930888905,149723989.63048437
2021-06-10,52.9268978286758,58.028886460880685,52.27390121097153,53.53973888490749,3011184.2325541414,161218017.5452993
2021-06-11,53.45347867733097,55.69825472651924,53.25445127205196,54.08344736730888,2884344.644941345,155995301.79386443
2021-06-14,53.617688330999876,56.76641058974633,52.04268631698143,55.52150904226839,5827088.748897562,323528760.6620164
2021-06-15,55.4754386381697,63.09240177620129,53.67366778644099,58.20764371683492,3258912.7441532277,189693631.9159239
2021-06-16,58.268461481839225,71.73384419333318,53.589669036672916,56.44131076668619,4821966.2816541325,272158097.40932316
2021-06-17,56.54924771905576,59.37566740794988,50.8079698238945,57.94062383284035,3316756.816787275,192174959.0664805
2021-06-18,58.18129643541204,59.54951390077313,55.41261945399462,55.71564567615849,3177180.206602334,177018646.64035967
2021-06-21,55.600659606910156,57.15868385894298,51.8397236255102,55.900927324210535,1524685.1740117606,85231315.10473272
2021-06-22,55.89644197754829,57.62127530892302,55.16990477076858,56.47239547091778,604261.2649593607,34124081.12254205
2021-06-23,56.53167512145665,56.583260067802094,56.12926086919622,56.34860109293417,734651.5363798891,41396586.36578158
2021-06-24,56.38452380832562,56.7395294587465,56.37293834163328,56.48054543624672,10000.0,564805.4543624672
2021-06-25,56.50729529009421,57.19277170032969,54.94020365373383,55.49991994451574,71109.13399785287,3946551.2442046767
2021-06-28,55.50457310657591,57.29664603246147,55.11405025000368,55.17757105279456,10000.0,551775.7105279457
2021-06-29,55.25871256067092,55.88900488843804,55.241199594618124,55.262539822070636,10000.0,552625.3982207064
2021-06-30,55.18817424072545,55.79339789271497,53.072421282254446,54.53494922111951,10000.0,545349.492211195
2021-07-01,54.47650225834319,55.11663063797633,53.50568424554076,54.18879399829698,10000.0,541887.9399829698
2021-07-02,54.253041916599784,56.1671898912383,53.977739564109356,55.09612415383176,10000.0,550961.2415383176
2021-07-05,55.114018846645756,56.078741174962225,54.604735126271315,55.19552512019171,10000.0,551955.2512019171
2021-07-06,55.229614710069235,55.43803966566476,54.846554417990546,54.93350540947335,10000.0,549335.0540947334
2021-07-07,54.94070290875587,55.01550784547483,54.22271166944607,54.605154247710864,10000.0,546051.5424771087
2021-07-08,54.589342865039185,55.366619427533365,53.98719482461812,55.21507296896737,10000.0,552150.7296896738
2021-07-09,55.19417396959202,55.226595015796974,53.44139289072028,53.88855693528266,10000.0,538885.5693528266
2021-07-12,53.89430945512538,54.47061106885509,52.69613165669227,53.734159586049955,10000.0,537341.5958604995
2021-07-13,53.7218728045307,53.939713289626766,53.456365052720834,53.882419812044056,10000.0,538824.1981204406
2021-07-14,53.881018636306884,53.90901642951387,53.67573930009105,53.706927654575985,10000.0,537069.2765457599
2021-07-15,53.70595233540617,53.93567708967257,53.667809588256,53.77333143161107,10000.0,537733.3143161107
2021-07-16,53.78541110208291,53.8404166148262,53.39323939590374,53.606126973302125,10000.0,536061.2697330213
2021-07-19,53.617821335471696,54.235951874113816,53.43310522977874,53.588410419420974,10000.0,535884.1041942098
2021-07-20,53.611639222377605,53.91700357618099,53.39938862426544,53.5783654088102,10000.0,535783.654088102
2021-07-21,53.56862282489697,53.72751983477717,53.19523746732237,53.56372470969468,10000.0,535637.2470969468
2021-07-22,53.5635926550767,53.68869241149929,53.53019052573557,53.56795460099302,10000.0,535679.5460099302
2021-07-23,53.58217891185116,53.63496041618193,53.24268649729314,53.55634385576782,10000.0,535563.4385576783
2021-07-26,53.56188770635272,53.98430860329399,53.30499731017657,53.70132693395998,10000.0,537013.2693395999
2021-07-27,53.666942276508024,53.68270499995122,53.607866600942366,53.645476302484326,10000.0,536454.7630248433
2021-07-28,53.65128426610723,54.2096810660666,53.515160231677164,53.542316923196964,10000.0,535423.1692319696
2021-07-29,53.54284604363007,53.642386627749474,53.35297957756773,53.483494494393966,10000.0,534834.9449439397
2021-07-30,53.477395451334765,53.77281035028536,53.38502286370894,53.421316872050994,10000.0,534213.16872051
2021-08-02,53.416099246009104,53.421354552619206,52.911549871636566,53.183478451690014,10000.0,531834.7845169002
2021-08-03,53.1726034972071,53.36115889841761,52.358880323239646,52.84767974119122,10000.0,528476.7974119122
2021-08-04,52.8720100295024,53.328657478625985,52.42515841923192,52.54880811232591,10000.0,525488.081123259
2021-08-05,52.57300615464561,53.005199098066825,52.43051688267603,52.59925126082994,10000.0,525992.5126082994
2021-08-06,52.61482694489742,54.033142765266824,51.527032949966426,52.14116279634511,10000.0,521411.6279634511
2021-08-09,52.18943301672809,52.783227731757734,51.49451731358508,51.91646010495364,10000.0,519164.60104953643
2021-08-10,52.00399878450411,54.72191804010368,51.99787805172161,54.39677928888037,1063921.8587291837,57873922.529906765
2021-08-11,54.32098099489632,56.85993037881156,53.8663824152726,55.41870403160727,1232218.3806955023,68287945.7420704
2021-08-12,55.27357164866548,55.92492214265491,54.18648585053678,54.90592265849029,2435993.674130796,133750480.26839708
2021-08-13,54.78830897675856,55.12120776643548,53.311757733576684,53.93908041183533,2416419.989152301,130339472.10365222
2021-08-16,54.05529560158402,56.27152438265119,51.24147931971134,55.73650227178173,2254372.668555812,125650847.36240366
2021-08-17,55.74659486184545,57.02246569747207,52.69582964705982,54.28293951825638,2878260.0139846825,156240414.25694627
2021-08-18,54.495700598792794,57.95100691792559,53.23693299216546,56.15230715856132,3007435.6384201106,168874449.72817
2021-08-19,56.28438541488831,57.829195937078595,55.42991951721443,57.15901608826234,3674560.7388456413,210034276.38897517
2021-08-20,57.13020568543373,62.01734293699685,55.70693310769544,60.5701864664413,6161706.149351493,373215690.41763794
2021-08-23,60.32023820590288,61.87771640358997,53.93509558259917,58.72708444204018,3903657.5399644063,229250425.98229653
2021-08-24,58.69253502154808,62.46973875133024,57.41500599002192,60.3637475913685,3569865.074185612,215490434.27338228
2021-08-25,60.97002409541348,65.8221038462467,51.567143378184994,55.428354810468775,5126047.711926897,284128391.3520757
2021-08-26,55.25970612179254,62.52985991179482,52.306810873274706,54.539663782833884,8146793.484861114,444323377.5725067
2021-08-27,54.35387769980421,59.41058813751342,49.86995764386282,57.0658725474242,7300999.054920124,416637881.53693634
2021-08-30,57.03622194669717,61.177045639347725,55.549023037872225,58.516549992657765,6518752.695664884,381454918.0056467
2021-08-31,58.882042084858185,59.93965478467397,51.11169418287114,53.70832893899239,4780720.893801999,256764530.32983148
2021-09-01,53.71931472859452,55.058394614824046,50.00619100883296,54.70138080484115,3949078.233414796,216020032.27413213
2021-09-02,54.56670326755985,55.39228835133698,51.47533458932458,55.137377451500505,2613538.010537715,144103631.77086172
2021-09-03,55.02977545773733,59.23976419343339,54.60478498413733,54.70240070365043,3768141.147448842,206126366.9556597
2021-09-06,54.69602851485326,55.27040451334904,51.77894415691643,53.02090950756111,4623563.608715442,245145547.70015413
2021-09-07,53.05741474465538,57.250710519322695,51.91730858882042,52.178143943452426,5574843.392560124,290884980.99920684
2021-09-08,52.36418161483042,52.627504472724226,50.54897113266904,50.98752954615152,2651216.3561535873,135178972.2926212
2021-09-09,51.59149399725402,52.97147639796535,49.482880671001084,52.93408104258044,4397546.444126427,232780079.86189973
2021-09-10,53.48666170814971,56.68082996532915,52.29307091630138,54.200790782400354,7193282.589736203,389881604.6849749
2021-09-13,54.46388681232647,62.72291899260953,44.75212469187834,57.6580971602228,11639834.648304133,671130717.0808475
2021-09-14,57.69289364487842,61.14591795114673,40.07881587492477,60.05101679582368,13334193.91300808,800731902.6288182
2021-09-15,59.807060559090466,66.18984034102525,47.095070402983744,55.20125881781488,9026547.29008401,498276773.19117296
2021-09-16,55.53723271318681,63.57012173449343,53.76577565411406,55.18301814920144,11381400.711314328,628060042.0157927
2021-09-17,55.9986042564701,75.47677644263467,55.93209822980402,68.5972581518931,11664947.512079118,800183415.8143744
2021-09-20,69.11338826392048,72.78218440278408,56.605174426709596,61.88484458758728,9200928.56995244,569398034.6129984
2021-09-21,61.86970657737861,62.88731941076329,60.659642494557296,62.828065383155376,16750486.265689103,1052400646.3003612
2021-09-22,63.35193030981593,64.11719341990013,46.28660376708345,56.78644329105109,12409939.51797383,704716326.6827949
2021-09-23,56.71235347856567,63.7553736851286,45.02487126062876,50.53438207119222,16378433.912000714,827674037.0368155
2021-09-24,50.50257643173598,53.77073842808673,43.938914766015124,50.948327608054,19129182.169010293,974599840.0208814
2021-09-27,50.89097042272428,55.74111644980712,42.756552658735544,54.629557540672735,13947277.307276102,761933588.1935589
2021-09-28,54.699009395180205,64.80502672971018,53.13681017621987,57.21231909485711,9287273.834957404,531346474.1669003
2021-09-29,57.221219847283955,61.65537265544924,51.3406856878969,58.73970639530395,11581969.368006015,680321480.1560774
2021-09-30,59.22740297461514,66.91077481316916,45.79039473863316,62.47566543015823,13240164.325333523,827188076.6298538
2021-10-01,62.510056064265434,67.64751868133595,48.74805980752649,56.5038236768164,7051951.984350551,398462251.5011191
2021-10-04,56.50280575074883,66.67812938918651,50.53792250068206,60.084673551866864,9459076.804386783,568345541.8936158
2021-10-05,60.61861323272601,63.402209816616605,57.11807041634499,61.356492435262545,8030037.052494665,492694907.66626686
2021-10-06,61.66019731703169,65.30702048358056,53.56706422196122,60.078529556692914,10655935.217524886,640192918.9202738
2021-10-07,60.446566316249005,61.629854774845846,57.386143260238676,59.61005108917151,7279290.095809627,433918854.50411206
2021-10-08,59.38031355522522,70.93643384720917,48.598688109319,56.24441362981152,6299784.599626406,354327690.80010414
2021-10-11,56.7867367463944,68.07786004368243,43.24336475568944,60.43766809880129,11698719.307527693,707043314.6893972
2021-10-12,60.46951970975454,65.45456968991597,51.785778507003464,56.79805784482763,12365227.567058219,702320910.61823
2021-10-13,56.37009210563698,63.28956729440006,47.07071702739082,49.9375216707961,13132107.328266779,655784894.2885426
2021-10-14,49.918641785287896,55.31828853414095,39.382611596834415,49.5680937247337,5532687.965242279,274244795.61083543
2021-10-15,49.32961261190015,52.46412134324172,44.34835019158785,48.06799329080154,5147086.500556472,247410119.37592366
2021-10-18,47.912889643022496,49.935708089259506,45.25938718247157,47.702997257107036,4214418.81623096,201040409.23096576
2021-10-19,47.64848226187226,50.882416113522744,46.73902124820611,49.98773502137995,2897326.359043254,144830782.30631372
2021-10-20,50.17100861088753,52.02000241876331,47.825427712549185,49.47617342316938,4675120.582266173,231307076.7024298
2021-10-21,49.348484680849474,50.390247183277786,49.170939516835126,49.4573213367706,1690836.9764721354,83624267.67347603
2021-10-22,49.53193797308703,56.25891456503852,45.56973686749025,54.33797246556391,5205747.938071129,282869788.1215751
2021-10-25,54.303075667893935,54.6663270877287,51.401746192925316,51.67114189158575,3945724.39955363,203880085.31442758
2021-10-26,51.939998123352474,52.24819982975701,47.93109164508844,52.06029291440212,4286786.271802836,223171348.97149345
2021-10-27,52.10823524095128,59.657500210903926,49.773974274122324,54.10239748541071,4658626.962307372,252042887.6510049
2021-10-28,54.24785455231191,60.55771163935453,49.774362843510275,57.3135400299446,5834712.505847896,334408028.76713175
2021-10-29,57.63637542036024,66.49880375610658,56.86330004973857,62.29664736838046,4010337.408972214,249830575.3949666
2021-11-01,62.18994513122973,62.44597168391679,59.82766546269658,61.464883081279545,728674.2213934928,44787875.82229344
2021-11-02,61.44397404222105,62.53849542424076,59.29914773655673,61.817869834027306,10000.0,618178.6983402731
2021-11-03,61.697220461722694,62.37158825530051,60.968905528622045,61.61995218413715,379417.50381933287,23379688.443171963
2021-11-04,61.5709435346779,61.70501795522354,60.92152829162781,61.2470597682945,10000.0,612470.597682945
2021-11-05,61.26345009154912,61.815391031714,59.52995666015587,60.854411217697916,10000.0,608544.1121769792
2021-11-08,60.851472232545866,61.01898427089487,60.269491673835034,60.46932905631752,10000.0,604693.2905631752
2021-11-09,60.483334642681186,60.65315572567025,60.27993333331934,60.534684977427965,10000.0,605346.8497742796
2021-11-10,60.52219504350275,60.96151297232974,60.257303948831435,60.754450694894345,10000.0,607544.5069489435
2021-11-11,60.737487560338394,61.07740871022792,60.35573060129899,60.43741560636744,10000.0,604374.1560636744
2021-11-12,60.434881180158726,61.10735822181292,59.79621493665886,60.59022534996296,10000.0,605902.2534996296
2021-11-15,60.57185144105579,60.607680965283684,60.3191088395164,60.43828316553559,10000.0,604382.8316553559
2021-11-16,60.420960476682346,60.70422707869449,60.19001072402915,60.25105680648267,10000.0,602510.5680648268
2021-11-17,60.22618616008044,60.326845389453936,59.7143522309951,59.8028602045346,10000.0,598028.602045346
2021-11-18,59.801033005541235,60.02971718704657,59.3654308355787,59.96097143876635,10000.0,599609.7143876635
2021-11-19,59.96792967884836,60.30265300632543,59.586688106029165,60.05656750127096,10000.0,600565.6750127096
2021-11-22,60.03513861265478,60.16749851121552,59.580184533970005,59.976960535086945,10000.0,599769.6053508695
2021-11-23,59.96946603736745,60.22048574958138,59.412361217320424,59.89311823887727,10000.0,598931.1823887727
2021-11-24,59.85674219697397,60.15276223686223,59.40576533846446,59.6612974558535,10000.0,596612.974558535
2021-11-25,59.64223163253121,59.78544928867683,59.45818309141213,59.72444689119295,10000.0,597244.4689119295
2021-11-26,59.72496188550276,59.7758417196179,59.59935790404683,59.693637227450616,10000.0,596936.3722745061
2021-11-29,59.672672298573374,59.79812667791362,59.671092561709926,59.76090609067636,10000.0,597609.0609067635
2021-11-30,59.76706538353894,59.79606033421401,59.63023512358994,59.76955989416853,10000.0,597695.5989416853
2021-12-01,59.76251183256975,59.8435763438281,59.41960766166736,59.521586677730895,10000.0,595215.866777309
2021-12-02,59.52652909421958,59.62383453387807,59.154213773334845,59.25075718462165,10000.0,592507.5718462165
2021-12-03,59.241356186116064,59.48749559483923,58.82023273069034,59.298751496581815,10000.0,592987.5149658181
2021-12-06,59.27579356973213,59.73595572110435,58.98381816036346,59.00785275136779,10000.0,590078.527513678
2021-12-07,59.006670374398134,59.209113796830835,58.99264520747686,59.032904045087456,10000.0,590329.0404508746
2021-12-08,59.04471053363314,59.386710484048535,58.9328098575075,59.17965121796929,10000.0,591796.5121796929
2021-12-09,59.168000952482835,59.31443728169306,58.1435562999371,58.89054232510674,10000.0,588905.4232510674
2021-12-10,58.89871799195366,59.21219507421089,58.79703220625632,59.03889404520651,10000.0,590388.9404520651
2021-12-13,59.02055670942697,59.64833508788113,58.90877548171669,59.0238884012242,10000.0,590238.884012242
2021-12-14,59.01745053803442,59.68072476944953,58.924864772063195,59.09492006884855,10000.0,590949.2006884855
2021-12-15,59.11569767729493,59.27393736377467,58.85948313905257,58.96186579360485,10000.0,589618.6579360485
2021-12-16,58.960446774456116,59.135926086594345,58.60188473318465,58.943268095579924,10000.0,589432.6809557993
2021-12-17,58.91850458607269,59.20919630349606,58.65017044602604,59.03025726003822,10000.0,590302.5726003821
2021-12-20,59.04527457584072,60.03244063524809,57.81957555277906,59.59216921192111,10000.0,595921.6921192111
2021-12-21,59.5917463694988,59.9969992373134,57.793584602616036,59.80558844006404,10000.0,598055.8844006404
2021-12-22,59.78383910521015,60.68674869917259,59.57380746237563,59.966221291739515,10000.0,599662.2129173952
2021-12-23,60.00316910202364,60.4415797412675,58.40891564075173,59.134623661976924,10000.0,591346.2366197692
2021-12-24,58.88340941554287,59.39609142951933,58.495899052512755,59.365935511387214,376766.19233954634,22367077.47730042
2021-12-27,59.41707143883063,60.62460406560532,58.22506553189113,58.59298045860716,630514.722570645,36943736.81844592
2021-12-28,58.80667934024026,61.55071672813078,58.3708212567951,58.43007011196725,1341254.0555517178,78369568.50384729
2021-12-29,58.45692779449244,59.59821908722095,56.81353058636499,58.672506825417656,1495819.307383983,87763468.52207825
2021-12-30,58.447466560931666,60.649342968123484,57.837200111094,59.774747311432805,1021328.7874342938,61049670.19077698
2021-12-31,59.96088321343215,62.10274860472078,59.71053770105245,60.57768220318347,2486412.9239158947,150621131.93086526
2022-01-03,60.936490815708304,62.79289160102846,55.11488706588189,60.78048023998167,1758471.7023816365,106880754.55917399
2022-01-04,60.86564969125586,63.943292081428396,59.86073886538738,60.5918107659331,2442135.929763443,147973438.1209126
2022-01-05,60.45006558936246,63.804712978897086,59.320430212154804,62.33888692240358,1797127.9359116796,112030955.18189074
2022-01-06,62.273396334721156,63.663215630733816,61.04598721486349,61.464908978870234,452444.5570146477,27809463.514890585
2022-01-07,61.45363461711757,61.842628926700556,60.18581161036369,61.45895901334774,10000.0,614589.5901334774
2022-01-10,61.467976773186436,62.812269345804964,61.30422983865572,62.33723643811766,10000.0,623372.3643811765
2022-01-11,62.449536609999434,63.01641334561123,60.830134347858355,62.08973048522276,622117.0587194908,38627080.50615268
2022-01-12,62.16424932392335,63.51376399837779,58.40232365607122,63.27213327076051,2110511.712883545,133536578.36706871
2022-01-13,62.99863716604457,65.3443013521797,62.94773845186404,64.33060139264207,1135087.1904171903,73020841.59262228
2022-01-14,64.30042387368144,66.22300147545162,63.83130214282792,66.11356105155585,245012.39568050156,16198641.980210798
2022-01-17,66.09131003364115,73.3184323167921,64.86240622430621,67.48003438693452,1065493.959648422,71899569.03614654
2022-01-18,67.74599943883949,70.66430618425626,62.464286977034696,64.95307336287193,1399606.434089826,90908739.39258404
2022-01-19,64.8880583722234,65.47806966647327,61.55012436910545,64.90509924504039,1000592.8818608244,64943580.301057786
2022-01-20,64.69446848915017,67.05502473882781,58.62169622889015,65.28559675358527,1893418.504930696,123612956.99868171
2022-01-21,65.22971025330689,67.32408329068227,61.918478819352096,66.61425578074773,1988232.2608523865,132444612.37595521
2022-01-24,66.66942141122028,68.52289869608207,63.2534398609481,67.46056478718721,4210880.048619584,284068346.3309755
2022-01-25,66.96057258646624,75.69150286289572,65.84310735928045,72.73819969495776,4818041.058083647,350455632.62139386
2022-01-26,73.11422810215238,81.83188930648957,68.39239034326687,76.75454094977688,6273564.228545709,481524542.480967
2022-01-27,76.68467196227098,79.38145835032715,65.4896979879253,71.73565116035994,5448907.740705256,390880944.8922173
2022-01-28,71.9630648189097,79.58632395350524,68.53370375489867,69.67249945044203,4069947.560186086,283563419.150393
2022-01-31,69.84371379919398,77.42890662223215,62.83898058572377,64.06497972040836,3504630.687436085,224524093.91811362
2022-02-01,64.16666032240471,67.9409899542345,60.120469017919085,67.69835773975217,4428021.166368836,299769761.00003207
2022-02-02,68.06487185971638,71.82389422924636,62.51735902952146,67.13550688697799,3570350.839635577,239697313.38328195
2022-02-03,67.47135087361917,69.04269572219413,64.47839570361754,66.65545151792975,2554503.234433577,170271566.495182
2022-02-04,66.59325752544623,66.79782196624254,63.35461100359616,64.25066817812252,1594091.1061803533,102421418.70889015
2022-02-07,64.23312391145834,65.10359864926748,59.7053292404833,63.32122548053184,3080889.6012558006,195085705.12174436
2022-02-08,63.54683810346765,66.32503271375789,61.20415813114964,64.07625496122958,3219587.8505193065,206299131.9799522
2022-02-09,64.11715736756737,67.14141982531605,61.18691005915503,62.35525729872814,7098674.066487782,442639647.89565444
2022-02-10,62.106339118851345,63.492546876026545,56.767497727669216,60.26280588182175,7089371.479580645,427225417.2980919
2022-02-11,60.27980905934364,60.84719975363162,57.21190940813289,58.36583611778353,4881287.470357787,284900424.5386927
2022-02-14,58.192516987052564,64.6497617664668,56.005559046179904,62.26732657834207,3932034.003142013,244837245.39078945
2022-02-15,62.171802486373764,66.3085354312128,60.68657970695747,60.99150335059864,2581942.40112857,157476548.6094859
2022-02-16,60.38925130135187,62.803898340852086,57.46442325882428,58.16607926981402,2860102.361535397,166360940.68085018
2022-02-17,58.17648142499473,58.65203383580609,55.77790901827565,57.50149806256882,1060405.4674693674,60974902.93322722
2022-02-18,57.67871726623358,59.42382315600315,52.69763021772708,56.98725843821338,761471.5260853107,43394174.65036435
2022-02-21,57.06213801285523,58.50024840260307,55.52881614008041,56.702611255413615,860219.2179292395,48776675.90867759
2022-02-22,56.75922844553557,57.03471322735089,55.70890477649225,56.339580762732766,648479.1614111078,36535044.08727032
2022-02-23,56.35397370515157,58.81041549893888,53.95448526730853,55.15650519434091,583379.4990225716,32177174.368110467
2022-02-24,55.06389841790521,57.421554452991366,51.58445519980257,54.68853806953119,1485696.1465936883,81250550.27274472
2022-02-25,54.74498520822714,57.03305433294788,54.1985306454605,54.94064548674582,1544154.8141094826,84836862.21864098
2022-02-28,54.946916296288755,58.612197542881454,51.737724312847135,52.48962553406803,3083173.3763221856,161834615.97975975
2022-03-01,52.46326103219689,63.324569698819545,46.892055606314116,55.93824040351974,3717234.3169174553,207935546.8559421
2022-03-02,55.983812030024964,59.43001469026019,48.024537244137505,59.1453107491325,3680924.752557161,217709438.3341669
2022-03-03,59.02145899680786,60.54604423797391,53.83195796823297,54.846739945610956,3040357.6195377028,166753703.70044115
2022-03-04,54.86670715255277,55.32718239903287,50.63119502095505,53.88945251928661,2734407.1942058764,147355706.66055328
2022-03-07,54.021569964810894,56.43045285729722,52.59604696610016,55.68207937023287,4574423.467954441,254713410.6156951
2022-03-08,55.851097501135136,61.500519498579926,55.683718306718866,57.77949285986603,4238563.195594053,244902031.89591753
2022-03-09,57.797569667028434,60.438825942197326,54.28703696263432,60.09298184954862,2323964.401444278,139653950.59498814
2022-03-10,60.219033425213034,62.813458691800065,54.047300753891506,56.86010823726004,2669814.911369331,151805964.833911
2022-03-11,56.879370290825484,57.45789648114896,52.78937278636151,55.35714949197998,1784556.4025185404,98787955.55108884
2022-03-14,55.10211439924507,58.54753303066082,53.898460182036565,54.540587676339506,1205747.9257236514,65762200.458495304
2022-03-15,54.28555890005843,58.862610207955065,54.24723285568317,55.03756528587631,1869528.4653945812,102894294.96795842
2022-03-16,55.012037034509596,57.57597939720662,48.97111323686639,53.4765550272271,1850598.1937425714,98963616.14096169
2022-03-17,53.35662721200604,54.586255054868396,52.6227826384453,53.75371016826127,1703223.1559448137,91554563.87652878
2022-03-18,53.820438883811356,55.05974400744343,52.744584337802166,54.09231536022312,1326922.975196351,71776336.03304654
2022-03-21,53.92578354126612,58.262611095326484,52.74310593180567,54.806662676138885,1941715.6389125474,106418954.03486347
2022-03-22,54.77550198043346,56.35128313876566,52.95726785382429,53.6878037797105,324158.07763658534,17403335.265761156
2022-03-23,53.66216791851784,53.94677877689914,52.37385921793356,53.699146166685985,10000.0,536991.4616668598
2022-03-24,53.65580230173289,54.591952887453814,52.93855054843784,53.64052814518484,10000.0,536405.2814518483
2022-03-25,53.60764691887573,54.495169212659405,52.082059627149484,53.30391802475185,10000.0,533039.1802475185
2022-03-28,53.30296241847271,54.16375578859204,52.65066250349302,53.641441528841206,10000.0,536414.415288412
2022-03-29,53.64296237710717,53.76748377756313,53.515691168742556,53.55607500291006,10000.0,535560.7500291007
2022-03-30,53.547099398563304,53.83780426961545,53.179315109946465,53.78247821667858,10000.0,537824.7821667858
2022-03-31,53.78478754794095,53.81728799355657,52.9736072159757,53.672736251398454,10000.0,536727.3625139846
2022-04-01,53.68019564376892,54.16335291590444,53.658187978845326,53.902794085419394,10000.0,539027.940854194
2022-04-04,53.899924754668945,54.288775140366155,53.84886379682318,54.12616483081184,10000.0,541261.6483081183
2022-04-05,54.1162858432575,54.28368265776145,53.890701862165734,53.9839208094878,10000.0,539839.208094878
2022-04-06,53.97423239957944,54.04141510183275,53.950196969578485,54.014241193342336,10000.0,540142.4119334234
2022-04-07,54.0073587838423,54.09193882951312,53.86736411959681,54.04170559765191,10000.0,540417.0559765191
2022-04-08,54.03405011395508,54.08602830694995,53.205914105531015,53.87864521952602,10000.0,538786.4521952602
2022-04-11,53.879720190132915,54.13009522394358,53.37409608828271,53.97693705675199,10000.0,539769.3705675199
2022-04-12,54.0150692158369,54.07948273799082,53.93066530570192,54.04773861854838,10000.0,540477.3861854838
2022-04-13,54.066790341525696,54.1909410095844,53.74872487786409,53.873692109037584,10000.0,538736.9210903759
2022-04-14,53.87441059667321,53.894210970183885,53.8630473988911,53.87142825594062,10000.0,538714.2825594062
2022-04-15,53.883555563404585,54.35318779520813,53.74546721032385,54.03769881833559,10000.0,540376.9881833559
2022-04-18,54.04728725634974,54.38554351429536,53.65466755288564,53.993569069263955,10000.0,539935.6906926396
2022-04-19,54.01186661392818,54.118039179109694,53.79241087314833,53.87149065106137,10000.0,538714.9065106137
2022-04-20,53.899945068076235,54.20072970629855,53.45195217390483,54.191822162346206,10000.0,541918.221623462
2022-04-21,54.164403613621246,54.197583052388126,53.724905059212084,53.86989015767375,10000.0,538698.9015767375
2022-04-22,53.9667607450984,54.844825069824296,53.723112430855885,53.983351819232595,10000.0,539833.518192326
2022-04-25,53.93341862442228,55.550180130287984,52.795138152960384,54.63119063114538,10000.0,546311.9063114538
2022-04-26,54.640149680722544,57.73582959500787,54.25143583839213,55.22784511173822,409208.16030945175,22599684.896029744
2022-04-27,55.166359049671684,56.2389367051981,52.86374959427523,53.731004348668435,361932.25105503894,19446983.35536165
2022-04-28,53.63424404730656,55.16122938118735,51.500197664310335,53.49026056390077,10000.0,534902.6056390076
2022-04-29,53.375321736283354,55.16776244561486,50.38667943437236,53.35224252853082,77232.72482308256,4120539.065900384
2022-05-02,53.51042930184712,54.61061655602204,50.98311338476689,53.12329753460963,672248.0373229283,35712032.50376328
2022-05-03,53.25221588556627,53.68194435339916,51.23867084619316,53.625995586079235,611952.9550382255,32816586.465768024
2022-05-04,53.566697262428654,54.044524441577266,52.37162192533635,53.93990974432013,10000.0,539399.0974432013
2022-05-05,53.87536051856153,54.581772444721956,51.469866925460316,53.989217179814815,10000.0,539892.1717981482
2022-05-06,54.05765664497296,54.21101789642551,53.5073685305486,54.090182038353376,10000.0,540901.8203835337
2022-05-09,54.0415087017608,55.216859960069264,54.0342441587277,54.61960039841125,10000.0,546196.0039841125
2022-05-10,54.6418773798589,55.846483172847314,54.38420989652377,55.18836712035965,10000.0,551883.6712035965
2022-05-11,55.29036418177991,55.98597777602157,53.98741244092107,54.20644965880885,10000.0,542064.4965880885
2022-05-12,54.25338232038713,55.7838535835515,51.85405613699783,55.53334671240471,10000.0,555333.4671240471
2022-05-13,55.63841845194334,55.7375059152958,54.75555182670118,55.11506844228741,136175.2160947051,7505306.35520295
2022-05-16,55.14231888480338,57.231392273777736,55.10821375753776,55.94305052611988,1173590.5665313215,65654236.360439375
2022-05-17,55.80031303874123,58.205089830650856,54.01537803649392,54.48304610110218,533428.93569774,29062833.29528184
2022-05-18,54.44229570301427,54.90798707451497,53.72942971362067,54.189399324940844,10000.0,541893.9932494084
2022-05-19,54.059945964955084,54.255691071926485,51.03438155719839,53.213014401232826,316363.8438810996,16834673.780474328
2022-05-20,53.253033931538496,54.9057639993047,53.130798090875224,54.47177391807284,1943063.4345133235,105842112.11328389
2022-05-23,54.248728750651075,59.927332275767355,52.999585278818074,56.059583504025014,3051772.8710565474,171081116.10031268
2022-05-24,56.08986932567309,59.52771012750418,54.24080946034469,56.030925251363705,4097900.6813996285,229609166.76701498
2022-05-25,55.922893976773715,58.853366467759365,55.341022416988544,55.58544650142881,5569670.994246375,309592649.08124167
2022-05-26,55.428072126513364,61.069357888270844,52.93869225251505,56.48975289605834,5321566.161675892,300613957.49309677
2022-05-27,56.582152596294,59.147525463025396,49.863116148410015,54.80146756266259,3582150.5134154675,196307105.16551286
2022-05-30,54.7341308206365,57.768523293366684,50.56011972186377,53.843196924132165,3213838.2546340926,173043326.02657264
2022-05-31,53.70342634996991,58.67690273495888,51.8147039913164,52.46426079304489,3429957.571702346,179950188.55087087
2022-06-01,52.61521826773194,56.93002578928291,46.67312704730798,53.71747670778091,2525938.3461819603,135687034.2763201
2022-06-02,53.71173813136612,59.31440642850157,48.80504370792029,53.74311321287005,5078812.884806272,272951215.8551266
2022-06-03,53.492477774778585,57.188568466846576,47.886478962288834,51.49854338426469,3030263.150114101,156054138.30188963
2022-06-06,51.67968211967557,52.47535067970111,50.88528572224739,52.015430619563816,3495441.460062366,181816892.75062084
2022-06-07,51.725206714387966,54.31014687118117,51.54055080020335,53.12255663292677,5753559.529678913,305643791.95628357
2022-06-08,53.166648320404946,59.56117973580036,52.59877720903124,55.780859202793785,3749214.5533304503,209134409.12039125
2022-06-09,55.85941807005768,57.60666355693688,54.89339466135648,54.92013514928519,2204456.7105714027,121069060.4753301
2022-06-10,54.89294671237058,55.73854781743512,54.616658639268834,55.35139125430179,938727.7359530936,51959886.19400459
2022-06-13,55.27346707578238,59.44176428535402,52.80054388403584,57.418994590745434,1142910.4710600858,65624770.15550538
2022-06-14,57.36986019730888,59.85809477548137,56.12545853309086,56.88047160722909,2672191.122733083,151995491.28570876
2022-06-15,56.8206269240317,58.54461436566377,54.07090263058908,56.204342136496635,3424083.540523315,192448362.81551912
2022-06-16,55.98572437781322,58.5837882542152,54.715276984664115,57.23009522560562,3576383.550403218,204676771.15286568
2022-06-17,57.38319929110087,59.969514973476585,55.569115703249864,56.283786312501114,3042346.689065252,171234790.93589392
2022-06-20,56.15192878553416,61.3618005497851,46.98263613346044,56.251343921174204,3702150.0701993173,208250916.846581
2022-06-21,56.08948195833291,61.180292575764334,50.68887031812224,55.06125284767869,3535879.070674627,194689931.54923078
2022-06-22,55.29762826174813,59.30933593859073,52.279341046697716,53.65654760078692,2636189.5395852793,141448829.5154541
2022-06-23,53.545670526515856,55.01758309813571,50.48698252053066,55.01179340121457,1964437.4776186836,108067228.6683621
2022-06-24,54.76030415942934,55.183746029602204,53.04807668730074,54.348720039048814,3108536.3100267355,168944969.6448609
2022-06-27,54.33357154014646,56.09800993472262,50.87250934103524,52.09087474958183,4817174.23571434,250930819.75950825
2022-06-28,52.09239023299438,56.67273174722372,46.459095578953395,51.45700940854836,4442575.082980614,228601627.84311596
2022-06-29,51.46340298622693,54.43255954702379,46.744874853267724,51.08959058010243,5391698.4252776075,275459665.078816
2022-06-30,51.817433628472706,52.34719581430301,50.34040131296519,52.103524149592694,6759274.217876401,352182007.44484234
2022-07-01,51.951824059990884,60.36069230308362,48.76915913037424,54.71649166281618,7237161.549283531,395992089.57382613
2022-07-04,54.98078782874715,61.62541339557207,52.84226154107956,58.37779327186758,4830973.086846984,282021548.16590923
2022-07-05,58.60710011696035,59.5461606713284,50.5524733039366,55.128982638050694,6488790.776484668,357720434.0587668
2022-07-06,55.50626293931508,62.42145656397096,45.52047806994154,54.40812965391084,7214925.247413758,392550588.3045625
2022-07-07,54.386851994517976,55.3094350860154,49.893440341188835,50.12835542312827,4192991.882277535,210187787.36109987
2022-07-08,50.061227466247395,55.90996595396335,48.05398490006496,50.55734849129284,4065003.1003098725,205515778.36055207
2022-07-11,50.521392817724674,55.60993064255276,45.39973398684799,51.51982247175688,5403499.461490217,278387332.98220986
2022-07-12,51.586765252764025,54.0551265085178,48.46450771341952,50.08524909055188,4098600.144246275,205279409.14714655
2022-07-13,50.252588970840385,51.07632983301802,48.249837157124645,48.43771004383364,3954084.635710408,191526805.0733183
2022-07-14,48.75379758979113,49.79798313979184,41.28089897540215,46.468579469972,4254015.219429989,197678044.29055282
2022-07-15,46.25028357090764,47.79387973775713,39.930000362634836,44.53141120995866,2543887.177651229,113282885.97972803
2022-07-18,44.631760667878076,46.72093864361155,42.93586807416054,45.090450531158154,1264656.641093377,57023937.71412155
2022-07-19,45.12692226273706,47.21848779702225,44.4454767150709,46.88220281210189,1010115.1338035534,47356422.566551626
2022-07-20,46.888150124666716,48.444290175455514,45.89144031374779,45.90909702208085,654192.9019007703,30033405.40451908
2022-07-21,45.81866027681189,48.753524903685765,44.42087435793195,47.39112836668522,1304285.181601964,61811546.46806402
2022-07-22,47.42303606678024,47.99217956450852,45.25385395566397,47.24384326152069,1253824.4853767701,59235487.464596964
2022-07-25,47.11888640973469,48.91071982514833,45.40718652039784,46.215405467146006,632132.5130044179,29214260.397465117
2022-07-26,46.30190289666749,47.00729139518252,45.695625966621094,46.56925408776068,343786.67915269337,16009889.213449236
2022-07-27,46.51881525904711,47.53263152398579,46.3819758945028,46.97248338597826,28658.855129903106,1346177.5964505314
2022-07-28,46.96928919851179,47.14170601826508,46.968919580591844,47.09493812536296,10000.0,470949.3812536296
2022-07-29,47.09138974505184,47.15827200530586,46.61835051590202,47.00810813989526,10000.0,470081.08139895264
2022-08-01,47.020710177681885,47.85734714460953,46.91863921890912,47.35169522881239,10000.0,473516.9522881239
2022-08-02,47.32793733502986,47.406425442061135,47.14873647198941,47.28584043164382,10000.0,472858.4043164382
2022-08-03,47.30164785287186,47.492017061751135,47.26672800538374,47.392682355224395,10000.0,473926.82355224394
2022-08-04,47.402579240125064,47.53777636278848,46.77724632186595,47.525669557470266,10000.0,475256.69557470264
2022-08-05,47.56378408264221,47.771691493920095,46.807002344373736,47.286836727756445,10000.0,472868.3672775644
2022-08-08,47.29828528712307,47.355412136504924,46.281063341249926,46.611448356040235,10000.0,466114.48356040235
2022-08-09,46.60743413458145,47.0897027338965,45.27266751028431,45.85534179322752,10000.0,458553.41793227516
2022-08-10,45.79403361365808,46.1076135607489,45.67534330958932,45.69516757115928,10000.0,456951.67571159283
2022-08-11,45.68082696757092,46.26586433756025,45.448780429161424,45.81661496257936,10000.0,458166.14962579357
2022-08-12,45.896010997988704,46.03001564464513,44.614192406975036,44.921862061859336,10000.0,449218.62061859336
2022-08-15,44.90757206920444,45.47305855864242,44.28926158634014,44.64605538394502,10000.0,446460.5538394502
2022-08-16,44.632235715431364,45.456831417483194,44.35174727169184,45.09109908913275,10000.0,450910.9908913275
2022-08-17,45.08742107806209,45.51876680545701,44.014606066716894,44.463656643056474,10000.0,444636.56643056474
2022-08-18,44.48861914968944,44.95718176473656,43.36150709184129,44.573427683921416,10000.0,445734.27683921414
2022-08-19,44.519879949763954,45.483372262229615,44.063685377247424,44.657684612524875,10000.0,446576.84612524876
2022-08-22,44.71145163265101,45.127504158744884,44.337831951801036,44.86883136636947,10000.0,448688.3136636947
2022-08-23,44.888116782502806,44.93265225198922,43.640438483428895,44.37288384170455,10000.0,443728.8384170455
2022-08-24,44.39239705977621,44.73928249906664,44.268043390949934,44.439030120234044,10000.0,444390.30120234046
2022-08-25,44.43959139368418,45.14851063578938,43.897735317896355,44.01980078295891,10000.0,440198.0078295891
2022-08-26,44.06960271649239,44.37568722286364,43.787037197930964,44.338811231266725,10000.0,443388.11231266725
2022-08-29,44.3263105186852,44.63757033341385,44.03193376259202,44.03708035652338,10000.0,440370.80356523383
2022-08-30,44.054786508803886,44.276029362318845,44.021559291098775,44.09860925339801,10000.0,440986.0925339801
2022-08-31,44.10199237696979,44.25375086067406,43.774737704512226,43.86907835391353,10000.0,438690.7835391353
2022-09-01,43.82306336635586,44.68915311289154,43.31999833992366,43.88546888662519,10000.0,438854.6888662519
2022-09-02,43.88058527962733,44.51793660951259,41.71546000582789,43.11233596320385,10000.0,431123.35963203845
2022-09-05,43.148533351672036,43.530102747206094,43.065250937825965,43.20549571232446,10000.0,432054.95712324465
2022-09-06,43.19083444518076,45.390932160885285,41.47956390459537,43.51501919535359,295432.9581438903,12855770.84457148
2022-09-07,43.4958434457186,43.993077029896774,43.45242656581938,43.45799312499955,10000.0,434579.9312499955
2022-09-08,43.45858948949222,44.32520634571497,43.36401163007735,44.159503921449655,10000.0,441595.03921449656
2022-09-09,44.12166108547622,44.76061054706959,43.10547588315237,44.285654775872125,10000.0,442856.5477587212
2022-09-12,44.23409685512993,44.67419490603895,43.66914723604154,44.62514100995537,10000.0,446251.4100995537
2022-09-13,44.632051106717995,45.33162428135408,44.5218812985996,44.90772717963423,497161.93622740847,22326412.59619917
2022-09-14,44.85541300167307,46.52653281334143,44.63846846086021,45.97471722568899,198024.2701171528,9104109.822459554
2022-09-15,46.02419698531472,48.061707495646,45.34086553313905,45.34143490775176,1262429.864239393,57240381.51501233
2022-09-16,45.384580172455905,46.81954287463178,44.311379357475346,45.123416489439514,198371.74904731964,8951211.05200078
2022-09-19,45.19158706937214,45.76271126382515,44.106325780787444,44.956728736874155,10000.0,449567.2873687415
2022-09-20,45.01322693349752,45.83201583981219,44.26710408394985,45.25949228040665,98704.8093157273,4467329.555264169
2022-09-21,45.239372420051964,45.94244170911226,44.40593952662022,45.40251658203126,1178503.956644943,53507045.433561474
2022-09-22,45.436560395222116,46.57742900016287,44.64579574653857,45.9848281963083,963977.9862471126,44328362.08259672
2022-09-23,45.93111058117676,47.20218107484398,45.63960230658469,46.086712320463924,10000.0,460867.12320463924
2022-09-26,46.11438348325409,46.82572738979408,44.83773418595277,45.71503180637349,189028.6166613107,8641449.2229866
2022-09-27,45.684940545771866,48.153717962761895,44.44498172687925,45.61464174586086,489729.3240815555,22338827.67042274
2022-09-28,45.68947915906799,46.99679454965964,44.49237649373418,45.80959116288362,10000.0,458095.9116288362
2022-09-29,45.77879782285816,45.917469829320765,44.024070294979396,44.69253425399441,10000.0,446925.3425399441
2022-09-30,44.701251609685215,46.28753662726612,44.439959924194305,45.27104988514457,10000.0,452710.4988514457
2022-10-03,45.23426865840972,45.7962256173635,42.773647895902755,44.93741626178025,10000.0,449374.1626178025
2022-10-04,44.98048704634337,46.47098796466156,43.446093092003274,44.64406870499562,569736.2337638151,25435343.563877206
2022-10-05,44.67703177356458,45.590350127657196,44.14875730620155,44.73749602110035,10000.0,447374.9602110035
2022-10-06,44.64226292183388,46.743918944481166,43.95315812730124,44.40942996163646,1359479.4230728515,60373706.22323974
2022-10-07,44.61326169656857,44.97222699567923,42.106192938566714,42.82805195117989,1815956.4735876299,77773878.19189245
2022-10-10,42.87814318714434,44.79496488614267,40.75360183093028,42.5356133860343,1361706.6365488297,57921027.03743815
2022-10-11,42.37109647734983,45.49060144852157,41.5102044226784,44.17456344861269,2098186.3293918055,92686465.13473007
2022-10-12,44.05983080632215,53.46223754952812,38.988714238489656,45.52416296186907,2919477.0557269217,132906749.24835008
2022-10-13,45.073047058577124,54.03224507617358,41.76275197020548,48.66513654978523,8800044.806938006,428255382.17386645
2022-10-14,47.978285487313975,52.64841072084049,42.687845922656535,46.517783907221286,7586874.642152425,352924595.1348233
2022-10-17,46.484131581716724,46.490028540752775,45.18919534253436,45.69797629738585,8599227.449121803,392967292.14579797
2022-10-18,45.17699690257683,48.883714090792566,43.15269884945965,48.37841757948722,9122234.384641191,441319264.31812817
2022-10-19,48.473048469076865,56.3873502897334,43.87387813463615,51.93636994560475,7875211.560108418,409009900.98569393
2022-10-20,51.57072282883712,53.55054836662449,49.52190827587897,51.89255906565251,5732589.80464696,297478755.0367998
2022-10-21,51.796562684011334,62.15922586366636,48.80959233068895,49.15270607736838,8444519.932654047,415071006.214223
2022-10-24,49.52234010444705,52.520098523806894,41.85528285262335,44.99464957744821,6563858.9298850475,295338532.4259819
2022-10-25,44.897510580959036,52.343910990421094,43.21221772501995,49.32396458813163,6547071.405440383,322927518.15791065
2022-10-26,49.3202413493913,49.587905635745855,43.918284315010496,44.69715635455398,8980375.611777838,401397252.84225744
2022-10-27,45.01790223143479,47.72412056690874,38.580085593139,45.741086232861996,9506259.493875552,434826635.26132464
2022-10-28,45.64700923261517,52.3075018133168,45.61221374518199,48.66239115393865,7643102.379066029,371931637.59971017
2022-10-31,48.77239353508887,59.14658798887652,47.096959400896125,55.72329566016241,3886519.8001553835,216569691.91313374
2022-11-01,55.58276960327124,58.20053270548594,52.57814309237259,56.02256927305049,2631487.1852023443,147422673.12414297
2022-11-02,55.94752831385719,59.29376307009022,51.03192723807731,55.7205226323207,3097339.3312009373,172585366.3041589
2022-11-03,55.75151072506569,58.29827394181909,54.57946174377632,56.670290517908995,4439114.720769703,251565920.86834556
2022-11-04,56.67645663749772,66.19802570951644,55.27036299664669,57.7422973255862,3782350.417737445,218401602.4105507
2022-11-07,57.568451993250356,62.45841697420749,52.73357443078435,61.02522598496568,4854564.7377716135,296250910.18115836
2022-11-08,61.07528273290726,65.46965066287498,60.96925675153389,62.488156335126696,3639167.30451547,227404855.4542443
2022-11-09,62.612685158583766,62.891180634968734,58.405567562156534,60.88582097903057,4289475.363515354,261168229.0769579
2022-11-10,60.9761848884069,61.355068263106425,56.15608940667207,57.919896253718505,1526787.5967327112,88431379.20422284
2022-11-11,57.92440463890429,58.63950920132393,56.944637192032204,58.16801971473904,514083.0686747796,29903194.073688123
2022-11-14,58.056075105493065,59.10019658401699,54.82252962752988,57.31608970053889,1422755.7654348414,81546797.07362224
2022-11-15,57.38259524776073,59.190249269622534,57.095919825225415,58.720481532332705,1038625.0163458075,60988561.09135274
2022-11-16,58.793033161152664,59.55301986686016,57.1275316552057,57.581578028731194,286307.3142064178,16486026.953173308
2022-11-17,57.464346106180386,59.9993277533527,57.13310757331399,57.826762436549,1119631.254565672,64744650.57430443
2022-11-18,57.46615358730273,58.48993112853702,53.769994088087735,56.63359620242464,1913512.6689987686,108369103.8243001
2022-11-21,56.6098316374608,57.25190487388216,55.00368108591635,55.44044538449327,1420530.7081575354,78754855.1426034
2022-11-22,55.55362541413628,59.79945759663471,54.716460097791526,57.3859375767907,1293803.269915477,74246113.68401726
2022-11-23,57.482565822341,58.98505084716465,55.64629642563736,57.57808763930484,1153998.3675889948,66445019.144653864
2022-11-24,57.47745700535183,57.78086460913315,57.223529263085545,57.41508741841508,628841.7645949487,36105004.88656937
2022-11-25,57.54486072010762,58.649134828825936,56.94597381593986,58.1719881421888,858638.4053820936,49948703.136315055
2022-11-28,58.082276100675365,59.350789445957965,54.90468506149205,57.35438169329217,766668.4402597216,43971794.354857035
2022-11-29,57.44615689728617,60.446273764187076,56.463526870231036,56.97388138367986,1068248.1035715998,60862240.74122929
2022-11-30,56.92498886125335,58.46091841814738,55.74931793528139,56.214754118201036,1530618.127323292,86043321.67634018
2022-12-01,56.338389250388005,61.74490471082567,55.25655777298051,58.92336251059772,1348196.8915131877,79440294.17429255
2022-12-02,59.021750367000145,60.73901541896704,55.49944267564026,59.605513762075304,2901492.273509468,172944937.63922375
2022-12-05,59.544268891209015,62.00252776225285,58.228966833674846,61.33326632118208,6717059.153474739,411979177.9552
2022-12-06,61.43904015425747,64.26569288250668,59.57641603587716,63.11189054430587,1954258.7810161354,123336966.28273895
2022-12-07,62.9955731915601,63.55345512403136,62.015865350448315,62.77434685471328,3361808.109172178,211035308.3041621
2022-12-08,62.72935820902379,64.40173454634633,62.500914699246515,62.588188619501764,968158.1099570893,60595262.39949463
2022-12-09,62.56447204891702,63.19310664952439,60.3135651647577,61.369099455690254,10000.0,613690.9945569026
2022-12-12,61.30165180836902,62.45997066198115,61.22705368149907,61.757767456513704,96969.66194778554,5988629.832908086
2022-12-13,61.81185162258489,63.102199363860315,59.8515249477008,61.91709727762639,10000.0,619170.972776264
2022-12-14,61.96290811014344,62.16847629859586,61.409012235148865,61.7013299196615,10000.0,617013.299196615
2022-12-15,61.70042532988588,63.07175865053351,61.6812809595385,62.451607348404934,10000.0,624516.0734840493
2022-12-16,62.40715553692208,63.15534799040338,61.15168341861674,61.6134142283902,10000.0,616134.142283902
2022-12-19,61.62750656614627,62.51156864428076,61.541724601670786,61.75219603451715,10000.0,617521.9603451715
2022-12-20,61.760359717361695,62.283170308179606,61.225505123125444,61.301948376655425,10000.0,613019.4837665543
2022-12-21,61.324882483234404,62.38344918333709,60.12024253811292,60.85210281544223,10000.0,608521.0281544223
2022-12-22,60.85080601990238,60.89417594607373,60.45008503921319,60.769369193919154,10000.0,607693.6919391915
2022-12-23,60.76405199440023,61.33451549640472,60.296887573779216,61.06720388362806,10000.0,610672.0388362806
2022-12-26,61.08945031628528,61.190715880859045,60.70449445850754,60.86396072706229,10000.0,608639.607270623
2022-12-27,60.85363538119749,61.036871821042446,60.47876575958768,60.693551597195295,10000.0,606935.5159719529
2022-12-28,60.68913837099339,60.920401179929144,60.37934021144682,60.43762562280182,10000.0,604376.2562280182
2022-12-29,60.39771659800883,61.116042716364696,59.86969104808387,60.902581719152074,10000.0,609025.8171915207
2022-12-30,60.892706399187055,61.27724431104755,60.32251136400742,61.03412330682001,10000.0,610341.2330682001
2023-01-02,61.019041818598396,61.235894254557,60.984346909797274,61.15736491008994,10000.0,611573.6491008993
2023-01-03,61.148131312212485,61.90179893978011,61.04173774588983,61.69252949388866,10000.0,616925.2949388865
2023-01-04,61.70713983029725,61.80799575716318,61.58982172008269,61.76144808298295,10000.0,617614.4808298295
2023-01-05,61.74214771789708,61.88834137923824,60.88989602780193,61.10398875366756,10000.0,611039.8875366756
2023-01-06,61.11290465143449,61.7798081409852,60.45911736833215,60.978457178251674,10000.0,609784.5717825168
2023-01-09,60.96799681279808,61.20219153990928,60.18808518696077,60.665501605317516,10000.0,606655.0160531752
2023-01-10,60.650281817995726,61.62258131234599,60.46959124166976,61.32731443154118,10000.0,613273.1443154118
2023-01-11,61.2777419599486,61.98786446423754,60.31735671385868,60.93941602579886,10000.0,609394.1602579886
2023-01-12,60.952105445837795,61.4490745341533,60.947264480748835,61.05130346597348,10000.0,610513.0346597348
2023-01-13,61.078559008691066,61.56396754426649,60.069519703482065,60.79112274738716,10000.0,607911.2274738717
2023-01-16,60.72141321936208,61.17425433063215,60.24424184328528,60.477465801999045,10000.0,604774.6580199904
2023-01-17,60.438902286795525,60.80411923558968,59.64249417211685,60.487008459223,10000.0,604870.08459223
2023-01-18,60.36430685341041,60.895397115158325,57.63781130989924,60.39073845511881,10000.0,603907.3845511881
2023-01-19,60.34660611529745,60.95999091596684,58.56841727181225,59.65921317122043,586935.6591759423,35016119.60856832
2023-01-20,59.50830126642255,61.47560842819192,57.40748454771563,58.01286871795514,2003379.394986733,116221785.83362176
2023-01-23,58.04383656327016,59.63630826192867,54.71552104439055,57.290050388223165,834303.5367032168,47797291.656800084
2023-01-24,57.26583903261171,57.43598622327269,55.21908011740534,56.033299290773755,1294341.1875234104,72526207.14487477
2023-01-25,56.11799329919259,56.298768164363715,53.49987407715514,54.449561707962516,3270801.129639917,178093687.94280216
2023-01-26,54.29928809876624,54.6690846280063,53.31866566680027,54.63728553773013,2770906.9277810194,151394833.01164612
2023-01-27,54.31296739541269,55.307957266088025,54.311012709857096,54.33308883217174,4436683.693380235,241058729.2326761
2023-01-30,54.270213132389166,58.72742028084097,51.49524733739646,56.056279580669255,10917658.648747336,612003325.5804924
2023-01-31,55.82228331883045,64.21556851923434,55.02609034663411,55.18910163836945,7162782.319231558,395307521.4295861
2023-02-01,55.723440800382434,66.13232753129424,52.77513865617888,61.81498438545613,7011385.679788433,433408696.3165327
2023-02-02,61.84816801261641,63.655942528341,58.77963223303463,59.79982736569931,4709410.533349025,281621936.8884776
2023-02-03,60.083559718657874,60.81852162363576,55.17668639620863,57.5642754392526,4126699.233599717,237550451.3378867
2023-02-06,57.69037901654866,64.2751051547536,57.05721777430289,60.878752807714676,8877816.193955362,540470377.5441349
2023-02-07,60.749196756956174,67.94935643903865,58.50493997641775,58.641498968689184,8195388.036630243,480589839.0980601
2023-02-08,58.2937436758739,59.67861995871936,53.6381258521578,58.89643405290796,3540004.2352364413,208493625.98761794
2023-02-09,58.837923598944805,62.46613318577915,56.08186528058553,60.670167662356,3178293.3641464114,192827591.28291628
2023-02-10,60.763592528514025,62.377501098644466,58.15913886471878,60.459358408122334,3467710.3313995535,209655541.78163427
2023-02-13,60.453676007732795,72.47181382754823,53.34307065064799,59.59102830904604,5108454.928990785,304418082.28897566
2023-02-14,59.63307959580135,65.52622953813757,58.41409922109122,61.50592157944623,3285061.255529278,202050719.96626094
2023-02-15,61.55351063284267,67.03889915936216,58.05535251576023,62.308562953562465,3684573.431806829,229580475.63275948
2023-02-16,62.00115703300275,64.29545362124931,53.02462457301606,61.09091926265101,4486087.699637519,274059221.4637275
2023-02-17,61.13797726621969,65.08406311357885,57.67500578143968,58.177410019600394,5086485.273898638,295918539.3382605
2023-02-20,57.945868224610344,59.50264443279368,53.73026589232269,57.127870106117705,5667778.938587093,323788138.99379313
2023-02-21,57.085313323689846,57.27439715614935,50.90742983046913,52.205370031318964,8017440.172997016,418553430.93527114
2023-02-22,52.50258152733197,55.69794495441161,49.07383531816001,50.04204511913039,4557609.103526133,228072080.39401418
2023-02-23,49.593312127373764,54.16484359129905,43.28701089699939,47.57643786251179,4918266.270061906,233993589.5888879
2023-02-24,47.49227732428021,48.49176877595894,46.81090491203056,48.26399285760869,4761360.70583717,229802279.09902385
2023-02-27,48.304970957075255,49.72133414519944,47.79301824322474,49.60842537795116,3497662.830274071,173513545.5128847
2023-02-28,49.7871541027196,53.11604130775049,42.112722487223856,48.334841754495436,3465548.1263164575,167506720.27809414
2023-03-01,48.328368543747295,52.7182767171753,43.538608785460944,47.35796825212231,4547197.749638279,215346046.66349164
2023-03-02,47.11798315020441,49.13179552208255,44.21669719471738,44.401080116871334,8754020.865368536,388687981.7879917
2023-03-03,44.56091949698252,50.66790968102739,39.934074220235104,41.07776251975882,8106924.428050594,333014316.42109394
2023-03-06,41.1736117770061,41.95378118343938,33.556906250606,40.12864052310664,5664233.245786418,227297979.7591927
2023-03-07,39.75761725374135,42.55345275803069,37.53802957643771,41.28766606024467,5319256.098667354,219619669.4906976
2023-03-08,41.2828413153317,42.996630548320944,39.53651369959059,42.08314967151775,3883628.446067135,163435317.16440713
2023-03-09,41.79537308107704,45.52543140169665,40.178234046301526,43.050045621759445,5244511.711731818,225776468.45390648
2023-03-10,42.56062297625118,44.33203004501148,39.17684536564726,42.496050123597975,4896385.67618898,208077051.11979407
2023-03-13,42.29264073106854,43.90446183225144,34.883868630536554,37.40140488870864,6026987.465447368,225417798.4543689
2023-03-14,37.27451487000872,42.53192018452031,36.51273369199334,38.603050414404926,4346282.052708282,167779745.19592115
2023-03-15,38.342609725300406,44.67875105420103,38.257012729427444,40.24568790074146,2533393.937404154,101958181.73439813
2023-03-16,40.374562179039145,41.71144620417629,39.55276928398699,40.92938710736493,1059575.6765756656,43367783.03611352
2023-03-17,40.79941719186123,45.4822146231446,37.336195019649494,41.80723095277777,2077144.5447297916,86839661.70382084
2023-03-20,41.83255628301556,43.35514636371249,41.59082429608171,42.782702722224656,1256964.8193930704,53776352.200388536
2023-03-21,42.84424597459264,46.64826467705857,41.56091321761487,45.5131170995283,1782419.0863481096,81123448.59739576
2023-03-22,45.67657210707336,46.82688605396138,44.646705435094326,45.7648071511849,937579.738737435,42908155.93217703
2023-03-23,45.733640942746305,52.194335308169165,45.11671900719611,47.05566818288956,813814.9558663495,38294606.525519855
2023-03-24,47.19969722999329,49.48356849345541,45.93919139293729,47.83958599187575,1368049.515939243,65446922.458919406
2023-03-27,47.69593813830122,50.67688147337469,47.3765338333395,48.702058009284926,2689549.241928859,130986583.1992476
2023-03-28,48.69544742369378,50.5288152666265,47.32699685318732,48.57703393112435,993052.0120454524,48239521.284503244
2023-03-29,48.529987302215424,48.68519325857929,48.06854295385999,48.184506197690254,1385418.7670577124,66755719.167688735
2023-03-30,48.080212566104926,48.38826255420918,46.91299710075895,47.00214323421414,1739015.353403236,81737448.72715642
2023-03-31,47.02675967005862,47.86390633638324,45.474925293519796,47.49286072394713,837523.6511179116,39776394.11555466
2023-04-03,47.66356655571178,49.77789051835374,43.30288541040676,47.192466472690676,1446262.6093975962,68252699.70470218
2023-04-04,47.36449641327015,47.72360338129749,44.71229989107352,46.1653603345699,1180061.955028534,54477985.37100928
2023-04-05,46.21357210020678,47.00641053000981,44.44457051155381,45.58115807388482,538287.5409668435,24535769.494012445
2023-04-06,45.51204709487329,46.37243131292317,44.48239999746864,44.8398615394518,249494.5619634402,11187301.613286838
2023-04-07,44.78857340314488,46.05700919937178,43.92410168655212,45.88595591267144,404496.7107297171,18560718.23536441
2023-04-10,45.922662971405295,47.11671173499538,44.55997568827989,45.722514181451665,225985.3137111416,10332616.710957475
2023-04-11,45.75498937651873,46.287650955250044,44.854612010663814,45.78585863051794,155914.48570332438,7138678.6008623205
2023-04-12,45.81033211392901,46.038631461241394,45.0144979240966,45.2184253125331,10000.0,452184.253125331
2023-04-13,45.20721821340853,45.67026301600341,44.23231606635378,44.80277922471017,10000.0,448027.7922471017
2023-04-14,44.76421796866905,45.47218500593289,44.08489372248802,45.26086276269275,10000.0,452608.6276269275
2023-04-17,45.285545731058676,46.170313677209855,44.78486421620664,45.11999584625208,110384.61552081823,4980553.393789452
2023-04-18,45.117884221919454,46.00714860300321,44.769683111899326,45.24038542555642,10000.0,452403.85425556416
2023-04-19,45.33911685522322,46.64360168134673,43.68147530483082,46.61172423687391,430559.6238493283,20069126.454397053
2023-04-20,46.565079860234015,48.51344157773791,46.29365792448755,48.06762969296635,285122.4445426429,13705160.081429094
2023-04-21,48.106589783889085,49.02778112307756,47.11049020630698,48.40353643511274,10000.0,484035.3643511274
2023-04-24,48.47162529529002,49.63172019784345,47.88633774739642,48.66098372147308,10000.0,486609.8372147308
2023-04-25,48.732142066335626,48.9231050691979,47.919409439544076,48.749674036305805,10000.0,487496.74036305805
2023-04-26,48.821373225309664,49.987761095976424,48.6348621788754,48.63961066509494,10000.0,486396.1066509494
2023-04-27,48.594590919873426,49.57450933688543,47.78267902803496,49.56356709729299,10000.0,495635.67097292986
2023-04-28,49.52082721460981,50.082352246095574,48.79916483263216,49.109019279423684,10000.0,491090.1927942368
2023-05-01,49.11329838485057,50.1228274505258,48.506506936419946,49.079886456137274,10000.0,490798.8645613727
2023-05-02,49.03604595112971,49.3255072374398,46.67007940402302,48.08672045308015,10000.0,480867.20453080145
2023-05-03,47.98350487205349,48.35981238936006,46.80804300447714,47.51853638465667,10000.0,475185.3638465667
2023-05-04,47.57412030578842,48.02192330205418,47.077772194226924,47.6775214699616,10000.0,476775.21469961596
2023-05-05,47.696323189249135,48.151842724774966,47.692916773654765,47.85885874083618,10000.0,478588.58740836184
2023-05-08,47.890050628960836,48.329636076609695,47.55341073638804,47.96554833835504,10000.0,479655.4833835504
2023-05-09,47.970076957949104,48.297437648747106,47.55892464029129,47.882630012213035,10000.0,478826.3001221304
2023-05-10,47.90891486280049,48.19339333470692,47.30100732254744,47.71724841027055,10000.0,477172.4841027055
2023-05-11,47.72067928333571,47.76744437279256,47.606420848254885,47.64508499417223,10000.0,476450.8499417223
2023-05-12,47.64705070028187,47.837272553418615,47.49893037250101,47.591679563667,10000.0,475916.79563667
2023-05-15,47.616320482138725,47.97947098367498,47.61247722100631,47.73794820826722,10000.0,477379.4820826722
2023-05-16,47.72312588100382,48.14220119135034,47.62232471609361,47.93362419737676,10000.0,479336.2419737676
2023-05-17,47.940637810016966,48.40926215138338,47.921305238295346,47.993113380791776,10000.0,479931.13380791777
2023-05-18,47.97269461643345,48.12645945428618,47.73887980190375,47.92060234699234,10000.0,479206.0234699234
2023-05-19,47.93998440243179,48.03434007657435,47.457368971872576,47.79476102590417,10000.0,477947.6102590417
2023-05-22,47.791873228502794,48.20137298496274,47.46965961807671,47.83556313299501,10000.0,478355.6313299501
2023-05-23,47.82001767178827,47.95341608776742,47.689075549008905,47.804860089611566,10000.0,478048.60089611565
2023-05-24,47.78145535709585,48.12116795405173,47.54372228010475,47.56076141191548,10000.0,475607.6141191548
2023-05-25,47.55793321663367,48.05508785689066,46.851234466532645,47.74401901590696,10000.0,477440.19015906955
2023-05-26,47.76938578932626,47.81299979954413,47.65680125978875,47.74291259948944,10000.0,477429.1259948944
2023-05-29,47.74927113500136,48.32856959074402,47.57471989026298,47.700204436362625,10000.0,477002.0443636263
2023-05-30,47.68008054771434,47.88180303845661,47.04928573004935,47.58383882390836,10000.0,475838.3882390836
2023-05-31,47.556710646034496,47.75741549530072,47.03204914527291,47.463508261723895,10000.0,474635.082617239
2023-06-01,47.51948030613092,48.22349693949235,47.348032775323674,47.64866653047338,10000.0,476486.6653047338
2023-06-02,47.635471800095054,47.63994467491226,47.254786429113636,47.42656571378963,10000.0,474265.6571378963
2023-06-05,47.39397714604456,47.531100737371546,47.16419572921332,47.448415030622556,10000.0,474484.1503062256
2023-06-06,47.451497399663566,47.8516074875531,47.213505284974595,47.60442605958069,10000.0,476044.2605958069
2023-06-07,47.627929844709946,49.69466719901048,46.65482583625429,48.39835891897608,10000.0,483983.5891897608
2023-06-08,48.471486168972056,48.709811161963295,47.9414752307564,48.6908760587934,10000.0,486908.760587934
2023-06-09,48.67912017089232,49.41793980040947,48.52881940882629,48.67117905035432,10000.0,486711.79050354316
2023-06-12,48.6284264197178,49.50493271310927,46.26951386921291,48.40403567098575,10000.0,484040.3567098575
2023-06-13,48.44868385917698,50.22075966903355,48.23129603939487,49.00287435093305,232870.60911737682,11411329.19860406
2023-06-14,48.93645375319418,50.2987290241601,47.925200872568546,49.85330848357899,570351.8809491094,28433928.265145473
2023-06-15,49.88344079991645,50.511134537469,49.22764947463475,49.47104158726104,1070317.4548965858,52949719.32276039
2023-06-16,49.4853638644721,50.95718401418823,46.52344231110375,50.006817501766406,1162224.0240245396,58119124.665563725
2023-06-19,50.08124064698988,50.304321810512675,45.81033768799599,49.89689193831615,578602.8843937517,28870485.597793065
2023-06-20,49.849090014714456,51.6583852202727,48.39322672879665,48.79440974365122,182613.26879151317,8910506.66204061
2023-06-21,48.74034224743214,49.508253370376515,47.418523455930355,47.99083516301481,740417.8093962158,35533269.04249431
2023-06-22,48.01754290426653,51.973603399556815,46.45983584355923,48.822454965256554,1064134.8132649758,51953673.997590974
2023-06-23,48.88182415012697,51.10078352138998,48.591991100379914,50.83362282059471,2340273.0956352893,118964559.84070988
2023-06-26,50.62107369089626,53.46242165880103,49.56576193418284,51.84745707353744,2322566.0876961257,120419145.53227867
2023-06-27,51.746819630178095,52.25228215962186,50.93524372663831,51.59411058686997,2151567.669486705,111008220.27463116
2023-06-28,51.61634739665444,57.092733567705146,49.97236520852201,50.51707850224513,2905827.7722336436,146793929.68393105
2023-06-29,50.449073761545,52.27347714130503,49.302679774266934,51.47860677217992,3470202.471127037,178641188.4309958
2023-06-30,51.7528631724577,52.0676323526749,50.39471623781616,51.8954324002472,2458398.5143057182,127579653.91202055
2023-07-03,52.00351674491787,54.63452499907911,48.25329411155643,49.36207979381166,2772304.526311856,136846717.24055108
2023-07-04,49.57637877822789,54.54282823250501,47.97755039499008,50.54912907298327,3027062.291666198,153015362.49339518
2023-07-05,50.52207766625274,52.87524091104522,47.574763395610006,48.599445512976736,6869411.696553371,333849599.45285064
2023-07-06,48.61145889489818,52.76855572835738,43.223518912831516,49.95165478734446,3524041.2719611456,176031693.0733574
2023-07-07,49.965801890728194,51.43408002856059,49.272808655638464,50.75168789564284,3375462.690273823,171310428.960164
2023-07-10,50.940083221428665,54.59286814287838,48.57289844822872,52.12568552466491,4265945.853059388,222365352.00182202
2023-07-11,52.084138847690085,54.51324673288879,50.509003686871516,53.461127014858775,1516976.9026724505,81099294.87237893
2023-07-12,53.62564649731842,55.815918367688354,52.74263061145969,54.23741578104243,973772.4756915935,52814902.64021999
2023-07-13,54.172440507992825,54.609334199255535,53.28501591591793,53.31464575832189,782851.6814229416,41737460.07637079
2023-07-14,53.38336328496227,53.45808238897383,52.23905341970851,52.582893884961344,162449.58895797384,8542069.497832727
2023-07-17,52.59441371886122,53.20744279419726,52.14868908427112,53.085320273056645,10000.0,530853.2027305665
2023-07-18,53.06638287386925,53.55166567383123,52.584578355765615,53.32995638289793,10000.0,533299.5638289794
2023-07-19,53.440304557154846,53.55848467929393,51.84993294154419,52.20101746651382,196525.39901526624,10258825.78660951
2023-07-20,52.280887817611216,53.069927172165016,49.734010514621154,50.51175814348251,480143.2369731552,24252879.06021682
2023-07-21,50.492751401846164,52.389261884746844,48.563891759970176,51.39778922322146,938919.6174186484,48258392.593631424
2023-07-24,51.32515460577119,55.02850283003526,50.71136044766544,53.565620173652775,1140507.009086342,61091965.25410775
2023-07-25,53.68309410235362,54.915385047062486,53.051290851684904,54.816856214405654,2831804.3058155947,155230609.45922828
2023-07-26,54.67706734441911,55.80536079320552,53.92409052160078,54.405231736859264,3521980.1583047877,191614146.68519226
2023-07-27,54.521391206519965,57.554198971824135,52.66882825558371,55.018465289999874,5962116.926866756,328026523.1957393
2023-07-28,54.884281175829265,55.72200658857744,47.54919087871714,51.05539195278913,2185229.009665565,111567723.59508066
2023-07-31,51.06871989488068,51.595226428409404,47.55611040059894,49.55112531702075,3174730.205936186,157311454.28207505
2023-08-01,49.45629878606678,51.460646799906385,48.75792230431579,50.69449538398493,1704309.181994588,86399093.95950778
2023-08-02,50.668736331941616,54.3036540097095,49.73718387220274,51.7933373780769,2157763.495421229,111757772.7004502
2023-08-03,52.00784446630378,54.268378970411,48.65046697176016,48.9969568889486,1835266.7322443181,89922484.95949644
2023-08-04,49.15712819792091,51.16575844379515,46.99921454737701,50.1502213546057,1308485.7040511463,65620847.69750207
2023-08-07,50.100608830812924,52.14890409199737,48.768778908295936,50.714189342964325,1620207.7532598681,82167522.77375978
2023-08-08,50.674804355237725,52.324154341440156,49.79507505594971,52.06157920287748,2588003.5459413663,134735551.58435422
2023-08-09,51.798234678164626,52.92490744503988,51.14854210737099,51.74224700964414,3121019.4309307453,161488558.3171176
2023-08-10,51.79088273915892,52.192859382140945,50.126512211234974,51.755328946545355,3897632.0160421473,201723227.10284808
2023-08-11,51.9035056619463,52.9105397102926,49.16415820929286,50.29989158423784,2925157.6852594744,147135114.43535167
2023-08-14,50.20841492268583,51.618567828042174,48.94062462057042,50.654484693214826,1561089.4454884424,79076181.42123353
2023-08-15,50.58128938404777,51.52916639270699,47.89291116196814,51.39231417588106,551022.292445185,28318310.771257162
2023-08-16,51.420311801536,53.46072753290751,48.146549601670486,50.60116921192456,690685.5295709787,34949495.35404882
2023-08-17,50.53811739727899,51.18965281791784,48.932565272753166,51.01414111920322,1466589.7032552601,74816814.0858342
2023-08-18,51.03443220358739,52.17137203591495,49.55191027921388,50.384012688754446,2273122.63991438,114529039.93254112
2023-08-21,50.55114012156048,52.098973817334794,50.055927604563436,51.572584861711945,1858872.6106923386,95866865.46204266
2023-08-22,51.6083737174462,52.90723228898044,50.0108408726906,52.387967979126856,438905.91247300565,22993388.888485275
2023-08-23,52.44585158662283,53.493493579299155,50.27399489075616,50.30960178945216,857486.5547113828,43139807.10733895
2023-08-24,50.44997658337465,51.22918348106719,48.9456287086915,50.663951612691505,574408.8309557862,29101821.217446644
2023-08-25,50.674424754940034,51.31866895455177,49.97445410878843,51.13613169524305,10000.0,511361.3169524305
2023-08-28,51.155854544073684,51.606182400810305,50.88494154521095,50.9705273463335,10000.0,509705.273463335
2023-08-29,50.97204004605248,50.997164143842504,50.90103359424833,50.911904904890235,10000.0,509119.04904890235
2023-08-30,50.89557333516788,51.26315980205736,50.76959111646818,50.879027844616964,10000.0,508790.2784461696
2023-08-31,50.93137784119617,50.937290924464946,49.5227433513815,50.49401158693687,10000.0,504940.1158693687
2023-09-01,50.44969919658927,51.17799387507533,50.15076415465071,50.45682461688609,10000.0,504568.2461688609
2023-09-04,50.45862641302056,50.88401181146656,50.358045065986126,50.83653554961221,10000.0,508365.3554961221
2023-09-05,50.81285201121535,51.288949005212814,50.49177937808983,50.9375931113191,10000.0,509375.931113191
2023-09-06,50.913215361897116,51.421118273234605,50.65357259111524,51.40331384116962,10000.0,514033.1384116962
2023-09-07,51.375149804199125,51.64995936305796,50.97150358434714,51.62780085667209,10000.0,516278.0085667209
2023-09-08,51.62124800238344,52.48697094687991,50.98789126452022,51.9383673255459,10000.0,519383.673255459
2023-09-11,51.95012191692136,52.22488317514663,51.89322786890027,51.971665996853226,10000.0,519716.6599685323
2023-09-12,52.014698329703535,52.770701043977006,51.87938813614256,52.24004376175287,10000.0,522400.4376175287
2023-09-13,52.17745590435259,53.73254035920248,52.14080538604718,52.93694348585025,10000.0,529369.4348585025
2023-09-14,52.94273347581396,53.55876138650578,52.567635449106625,53.3360068502661,10000.0,533360.0685026611
2023-09-15,53.32555904749624,54.376743345336514,53.13350687284444,53.423416509565634,10000.0,534234.1650956563
2023-09-18,53.409361170066376,53.624341665728195,53.19924084244654,53.26251407467748,10000.0,532625.1407467749
2023-09-19,53.2595706550416,53.47876032941522,52.83119323509479,53.031107394065934,10000.0,530311.0739406593
2023-09-20,53.03505178021616,53.22424467649192,52.79688175274429,53.08229789406818,10000.0,530822.9789406818
2023-09-21,53.079131643422976,54.083100890827964,52.25514908365503,53.21344470832933,10000.0,532134.4470832932
2023-09-22,53.21339390665021,53.32127877770234,52.722492052533816,52.76560658547945,10000.0,527656.0658547946
2023-09-25,52.81603392622175,52.94675517388714,52.39930852284731,52.81903918047482,10000.0,528190.3918047482
2023-09-26,52.82089428612998,52.988691079590865,52.54559356907977,52.88396316632026,10000.0,528839.6316632025
2023-09-27,52.88997061788998,53.15453127760473,52.863474202411965,52.94026452451083,10000.0,529402.6452451083
2023-09-28,52.91975300181853,53.188468406058206,52.788362199056024,52.839279158700606,10000.0,528392.7915870061
2023-09-29,52.86035326930903,53.84605242043574,52.68689350567755,53.303367117470344,10000.0,533033.6711747034
